phase,epochs,family,exp,init,finetune_mode,phys7_mode,lr,wd,l2sp,backbone_lr_ratio,loss_type,huber_beta,r2,mae_nm,mape_pct,median_ae_nm,n,best_epoch,val_loss,run_seed,split_seed,drop_tag,trainN,valN,testN,eval_set,num_dropped,ckpt
hunt,2000,h1,p1_h1_head_ln_lr1e-04_l21e+01_ep2000_ss0,stageB_best,head_ln,full,0.0001,0.0001,10.0,0.01,huber,1.0,0.5164105418434649,27.64679718017578,12.640802562236786,18.654762268066406,24,1999,0.38381266593933105,2026,0,drop0,30,4,8,test,0,/Users/nyx.wang/workspace/bosch/code/runs_stageB_morph_phys7_paperA_best_by_test_fixedA/h1/best.pth
hunt,2000,h1,p1_h1_head_ln_lr3e-05_l21e+00_ep2000_ss0,stageB_best,head_ln,full,3e-05,0.0001,1.0,0.01,huber,1.0,0.5687001072493811,26.056425094604492,11.725229024887085,20.712234497070312,24,1999,0.42061588168144226,2026,0,drop0,30,4,8,test,0,/Users/nyx.wang/workspace/bosch/code/runs_stageB_morph_phys7_paperA_best_by_test_fixedA/h1/best.pth
hunt,2000,h1,p1_h1_head_ln_lr1e-05_l21e+00_ep2000_ss0,stageB_best,head_ln,full,1e-05,0.0001,1.0,0.01,huber,1.0,0.4640954665948309,32.73713684082031,13.818421959877014,23.96222686767578,24,2,0.4412355124950409,2026,0,drop0,30,4,8,test,0,/Users/nyx.wang/workspace/bosch/code/runs_stageB_morph_phys7_paperA_best_by_test_fixedA/h1/best.pth
hunt,2000,h1,p1_h1_head_ln_lr1e-04_l21e+01_ep2000_ss1,stageB_best,head_ln,full,0.0001,0.0001,10.0,0.01,huber,1.0,0.5904531306105215,44.76187515258789,23.432619869709015,34.278831481933594,24,208,0.19711418449878693,2026,1,drop0,30,4,8,test,0,/Users/nyx.wang/workspace/bosch/code/runs_stageB_morph_phys7_paperA_best_by_test_fixedA/h1/best.pth
hunt,2000,h1,p1_h1_head_ln_lr3e-05_l21e+00_ep2000_ss1,stageB_best,head_ln,full,3e-05,0.0001,1.0,0.01,huber,1.0,0.5873162763694015,45.0146484375,23.653216660022736,35.60670471191406,24,664,0.20136244595050812,2026,1,drop0,30,4,8,test,0,/Users/nyx.wang/workspace/bosch/code/runs_stageB_morph_phys7_paperA_best_by_test_fixedA/h1/best.pth
hunt,2000,h1,p1_h1_head_ln_lr1e-05_l21e+00_ep2000_ss1,stageB_best,head_ln,full,1e-05,0.0001,1.0,0.01,huber,1.0,0.5568744542695538,47.301334381103516,24.715061485767365,40.448394775390625,24,1998,0.23204900324344635,2026,1,drop0,30,4,8,test,0,/Users/nyx.wang/workspace/bosch/code/runs_stageB_morph_phys7_paperA_best_by_test_fixedA/h1/best.pth
hunt,2000,h1,p1_h1_head_ln_lr1e-04_l21e+01_ep2000_ss2,stageB_best,head_ln,full,0.0001,0.0001,10.0,0.01,huber,1.0,-0.18938776927572976,32.93549728393555,17.726241052150726,23.933006286621094,24,974,0.1987379938364029,2026,2,drop0,30,4,8,test,0,/Users/nyx.wang/workspace/bosch/code/runs_stageB_morph_phys7_paperA_best_by_test_fixedA/h1/best.pth
hunt,2000,h1,p1_h1_head_ln_lr3e-05_l21e+00_ep2000_ss2,stageB_best,head_ln,full,3e-05,0.0001,1.0,0.01,huber,1.0,-0.2065909071178671,33.219940185546875,17.787857353687286,22.019180297851562,24,1723,0.21598030626773834,2026,2,drop0,30,4,8,test,0,/Users/nyx.wang/workspace/bosch/code/runs_stageB_morph_phys7_paperA_best_by_test_fixedA/h1/best.pth
hunt,2000,h1,p1_h1_head_ln_lr1e-05_l21e+00_ep2000_ss2,stageB_best,head_ln,full,1e-05,0.0001,1.0,0.01,huber,1.0,-0.2977840677459813,33.744842529296875,18.0670365691185,23.08612823486328,24,2000,0.2617371678352356,2026,2,drop0,30,4,8,test,0,/Users/nyx.wang/workspace/bosch/code/runs_stageB_morph_phys7_paperA_best_by_test_fixedA/h1/best.pth
hunt,2000,h1,p1_h1_head_ln_lr1e-04_l21e+01_ep2000_ss3,stageB_best,head_ln,full,0.0001,0.0001,10.0,0.01,huber,1.0,-1.5625770793608127,49.0858268737793,23.836158215999603,33.340858459472656,24,367,0.20252375304698944,2026,3,drop0,30,4,8,test,0,/Users/nyx.wang/workspace/bosch/code/runs_stageB_morph_phys7_paperA_best_by_test_fixedA/h1/best.pth
hunt,2000,h1,p1_h1_head_ln_lr3e-05_l21e+00_ep2000_ss3,stageB_best,head_ln,full,3e-05,0.0001,1.0,0.01,huber,1.0,-1.7008099183633676,50.7326545715332,24.651825428009033,34.43946075439453,24,1034,0.20609210431575775,2026,3,drop0,30,4,8,test,0,/Users/nyx.wang/workspace/bosch/code/runs_stageB_morph_phys7_paperA_best_by_test_fixedA/h1/best.pth
hunt,2000,h1,p1_h1_head_ln_lr1e-05_l21e+00_ep2000_ss3,stageB_best,head_ln,full,1e-05,0.0001,1.0,0.01,huber,1.0,-2.1404894313635845,55.12186813354492,26.643818616867065,37.779541015625,24,1992,0.23670363426208496,2026,3,drop0,30,4,8,test,0,/Users/nyx.wang/workspace/bosch/code/runs_stageB_morph_phys7_paperA_best_by_test_fixedA/h1/best.pth
hunt,2000,h1,p1_h1_head_ln_lr1e-04_l21e+01_ep2000_ss4,stageB_best,head_ln,full,0.0001,0.0001,10.0,0.01,huber,1.0,0.7753890050129438,31.622154235839844,11.20409071445465,26.731246948242188,24,1939,0.4605109691619873,2026,4,drop0,30,4,8,test,0,/Users/nyx.wang/workspace/bosch/code/runs_stageB_morph_phys7_paperA_best_by_test_fixedA/h1/best.pth
hunt,2000,h1,p1_h1_head_ln_lr3e-05_l21e+00_ep2000_ss4,stageB_best,head_ln,full,3e-05,0.0001,1.0,0.01,huber,1.0,0.778448289805048,31.094240188598633,10.969006270170212,25.396507263183594,24,1959,0.48899564146995544,2026,4,drop0,30,4,8,test,0,/Users/nyx.wang/workspace/bosch/code/runs_stageB_morph_phys7_paperA_best_by_test_fixedA/h1/best.pth
hunt,2000,h1,p1_h1_head_ln_lr1e-05_l21e+00_ep2000_ss4,stageB_best,head_ln,full,1e-05,0.0001,1.0,0.01,huber,1.0,0.6071000134147861,37.499122619628906,11.927732080221176,21.89954376220703,24,124,0.495991587638855,2026,4,drop0,30,4,8,test,0,/Users/nyx.wang/workspace/bosch/code/runs_stageB_morph_phys7_paperA_best_by_test_fixedA/h1/best.pth
hunt,2000,h1,p1_h1_head_ln_lr1e-04_l21e+01_ep2000_ss5,stageB_best,head_ln,full,0.0001,0.0001,10.0,0.01,huber,1.0,0.5259825003997662,28.524932861328125,11.625510454177856,28.731491088867188,24,1966,0.06156254932284355,2026,5,drop0,30,4,8,test,0,/Users/nyx.wang/workspace/bosch/code/runs_stageB_morph_phys7_paperA_best_by_test_fixedA/h1/best.pth
hunt,2000,h1,p1_h1_head_ln_lr3e-05_l21e+00_ep2000_ss5,stageB_best,head_ln,full,3e-05,0.0001,1.0,0.01,huber,1.0,0.49558872026979395,28.9738826751709,11.735522747039795,27.581466674804688,24,1994,0.06980811059474945,2026,5,drop0,30,4,8,test,0,/Users/nyx.wang/workspace/bosch/code/runs_stageB_morph_phys7_paperA_best_by_test_fixedA/h1/best.pth
hunt,2000,h1,p1_h1_head_ln_lr1e-05_l21e+00_ep2000_ss5,stageB_best,head_ln,full,1e-05,0.0001,1.0,0.01,huber,1.0,0.46836994207397065,29.911264419555664,12.453339248895645,20.895103454589844,24,1658,0.0723152831196785,2026,5,drop0,30,4,8,test,0,/Users/nyx.wang/workspace/bosch/code/runs_stageB_morph_phys7_paperA_best_by_test_fixedA/h1/best.pth
hunt,2000,h1,p1_h1_head_ln_lr1e-04_l21e+01_ep2000_ss6,stageB_best,head_ln,full,0.0001,0.0001,10.0,0.01,huber,1.0,0.7074991524848264,28.952550888061523,11.555559188127518,28.40045166015625,24,384,0.08108753710985184,2026,6,drop0,30,4,8,test,0,/Users/nyx.wang/workspace/bosch/code/runs_stageB_morph_phys7_paperA_best_by_test_fixedA/h1/best.pth
hunt,2000,h1,p1_h1_head_ln_lr3e-05_l21e+00_ep2000_ss6,stageB_best,head_ln,full,3e-05,0.0001,1.0,0.01,huber,1.0,0.6784289290471255,30.404550552368164,11.989057809114456,33.61613464355469,24,492,0.08084966987371445,2026,6,drop0,30,4,8,test,0,/Users/nyx.wang/workspace/bosch/code/runs_stageB_morph_phys7_paperA_best_by_test_fixedA/h1/best.pth
hunt,2000,h1,p1_h1_head_ln_lr1e-05_l21e+00_ep2000_ss6,stageB_best,head_ln,full,1e-05,0.0001,1.0,0.01,huber,1.0,0.650037084451166,31.734649658203125,12.42484524846077,33.42692565917969,24,1732,0.08444292098283768,2026,6,drop0,30,4,8,test,0,/Users/nyx.wang/workspace/bosch/code/runs_stageB_morph_phys7_paperA_best_by_test_fixedA/h1/best.pth
hunt,2000,h1,p1_h1_head_ln_lr1e-04_l21e+01_ep2000_ss7,stageB_best,head_ln,full,0.0001,0.0001,10.0,0.01,huber,1.0,0.7107669748348469,32.278602600097656,12.223618477582932,24.621002197265625,24,5,0.5729288458824158,2026,7,drop0,30,4,8,test,0,/Users/nyx.wang/workspace/bosch/code/runs_stageB_morph_phys7_paperA_best_by_test_fixedA/h1/best.pth
hunt,2000,h1,p1_h1_head_ln_lr3e-05_l21e+00_ep2000_ss7,stageB_best,head_ln,full,3e-05,0.0001,1.0,0.01,huber,1.0,0.6908410382058536,32.90589141845703,12.278207391500473,23.589141845703125,24,12,0.5739278197288513,2026,7,drop0,30,4,8,test,0,/Users/nyx.wang/workspace/bosch/code/runs_stageB_morph_phys7_paperA_best_by_test_fixedA/h1/best.pth
hunt,2000,h1,p1_h1_head_ln_lr1e-05_l21e+00_ep2000_ss7,stageB_best,head_ln,full,1e-05,0.0001,1.0,0.01,huber,1.0,0.6977130476745501,32.690101623535156,12.234898656606674,23.764572143554688,24,45,0.5752789378166199,2026,7,drop0,30,4,8,test,0,/Users/nyx.wang/workspace/bosch/code/runs_stageB_morph_phys7_paperA_best_by_test_fixedA/h1/best.pth
hunt,2000,h1,p1_h1_head_ln_lr1e-04_l21e+01_ep2000_ss8,stageB_best,head_ln,full,0.0001,0.0001,10.0,0.01,huber,1.0,0.5011556357417201,46.37347412109375,15.726888179779053,35.099945068359375,24,3,0.20292071998119354,2026,8,drop0,30,4,8,test,0,/Users/nyx.wang/workspace/bosch/code/runs_stageB_morph_phys7_paperA_best_by_test_fixedA/h1/best.pth
hunt,2000,h1,p1_h1_head_ln_lr3e-05_l21e+00_ep2000_ss8,stageB_best,head_ln,full,3e-05,0.0001,1.0,0.01,huber,1.0,0.4982963399672389,46.51008987426758,15.757367014884949,35.127235412597656,24,9,0.20288057625293732,2026,8,drop0,30,4,8,test,0,/Users/nyx.wang/workspace/bosch/code/runs_stageB_morph_phys7_paperA_best_by_test_fixedA/h1/best.pth
hunt,2000,h1,p1_h1_head_ln_lr1e-05_l21e+00_ep2000_ss8,stageB_best,head_ln,full,1e-05,0.0001,1.0,0.01,huber,1.0,0.5020859452042794,46.372127532958984,15.71989506483078,35.00096130371094,24,30,0.20248331129550934,2026,8,drop0,30,4,8,test,0,/Users/nyx.wang/workspace/bosch/code/runs_stageB_morph_phys7_paperA_best_by_test_fixedA/h1/best.pth
hunt,2000,h1,p1_h1_head_ln_lr1e-04_l21e+01_ep2000_ss9,stageB_best,head_ln,full,0.0001,0.0001,10.0,0.01,huber,1.0,-0.5800869941841491,43.90777587890625,19.88280564546585,26.58722686767578,24,40,0.12605629861354828,2026,9,drop0,30,4,8,test,0,/Users/nyx.wang/workspace/bosch/code/runs_stageB_morph_phys7_paperA_best_by_test_fixedA/h1/best.pth
hunt,2000,h1,p1_h1_head_ln_lr3e-05_l21e+00_ep2000_ss9,stageB_best,head_ln,full,3e-05,0.0001,1.0,0.01,huber,1.0,-0.724329175233124,45.46061325073242,20.65093070268631,22.561370849609375,24,280,0.13114918768405914,2026,9,drop0,30,4,8,test,0,/Users/nyx.wang/workspace/bosch/code/runs_stageB_morph_phys7_paperA_best_by_test_fixedA/h1/best.pth
hunt,2000,h1,p1_h1_head_ln_lr1e-05_l21e+00_ep2000_ss9,stageB_best,head_ln,full,1e-05,0.0001,1.0,0.01,huber,1.0,-0.6258588697636229,44.33741760253906,20.045828819274902,23.64196014404297,24,614,0.14068351686000824,2026,9,drop0,30,4,8,test,0,/Users/nyx.wang/workspace/bosch/code/runs_stageB_morph_phys7_paperA_best_by_test_fixedA/h1/best.pth
hunt,2000,h1,p1_h1_head_ln_lr1e-04_l21e+01_ep2000_ss10,stageB_best,head_ln,full,0.0001,0.0001,10.0,0.01,huber,1.0,-0.1429850279734004,41.92647933959961,25.543498992919922,33.39270782470703,24,8,0.04211033880710602,2026,10,drop0,30,4,8,test,0,/Users/nyx.wang/workspace/bosch/code/runs_stageB_morph_phys7_paperA_best_by_test_fixedA/h1/best.pth
hunt,2000,h1,p1_h1_head_ln_lr3e-05_l21e+00_ep2000_ss10,stageB_best,head_ln,full,3e-05,0.0001,1.0,0.01,huber,1.0,-0.10496470568880611,41.03364944458008,24.917052686214447,33.383697509765625,24,32,0.042549654841423035,2026,10,drop0,30,4,8,test,0,/Users/nyx.wang/workspace/bosch/code/runs_stageB_morph_phys7_paperA_best_by_test_fixedA/h1/best.pth
hunt,2000,h1,p1_h1_head_ln_lr1e-05_l21e+00_ep2000_ss10,stageB_best,head_ln,full,1e-05,0.0001,1.0,0.01,huber,1.0,-0.11599730665685848,41.27933883666992,25.07711350917816,33.38946533203125,24,87,0.04211002215743065,2026,10,drop0,30,4,8,test,0,/Users/nyx.wang/workspace/bosch/code/runs_stageB_morph_phys7_paperA_best_by_test_fixedA/h1/best.pth
hunt,2000,h1,p1_h1_head_ln_lr1e-04_l21e+01_ep2000_ss11,stageB_best,head_ln,full,0.0001,0.0001,10.0,0.01,huber,1.0,0.4925035028752185,31.6212100982666,9.98479649424553,15.709930419921875,24,332,0.2565796375274658,2026,11,drop0,30,4,8,test,0,/Users/nyx.wang/workspace/bosch/code/runs_stageB_morph_phys7_paperA_best_by_test_fixedA/h1/best.pth
hunt,2000,h1,p1_h1_head_ln_lr3e-05_l21e+00_ep2000_ss11,stageB_best,head_ln,full,3e-05,0.0001,1.0,0.01,huber,1.0,0.49679132543119675,31.298934936523438,9.921648353338242,17.188751220703125,24,719,0.26938799023628235,2026,11,drop0,30,4,8,test,0,/Users/nyx.wang/workspace/bosch/code/runs_stageB_morph_phys7_paperA_best_by_test_fixedA/h1/best.pth
hunt,2000,h1,p1_h1_head_ln_lr1e-05_l21e+00_ep2000_ss11,stageB_best,head_ln,full,1e-05,0.0001,1.0,0.01,huber,1.0,0.19381337601456472,50.11801528930664,16.680067777633667,34.563201904296875,24,1,0.30823493003845215,2026,11,drop0,30,4,8,test,0,/Users/nyx.wang/workspace/bosch/code/runs_stageB_morph_phys7_paperA_best_by_test_fixedA/h1/best.pth
hunt,2000,h1,p1_h1_head_ln_lr1e-04_l21e+01_ep2000_ss12,stageB_best,head_ln,full,0.0001,0.0001,10.0,0.01,huber,1.0,-0.36386548327952517,33.36642837524414,14.345552027225494,15.969230651855469,24,150,0.10081096738576889,2026,12,drop0,30,4,8,test,0,/Users/nyx.wang/workspace/bosch/code/runs_stageB_morph_phys7_paperA_best_by_test_fixedA/h1/best.pth
hunt,2000,h1,p1_h1_head_ln_lr3e-05_l21e+00_ep2000_ss12,stageB_best,head_ln,full,3e-05,0.0001,1.0,0.01,huber,1.0,-0.34033533748502554,33.16157913208008,14.32836800813675,15.838035583496094,24,523,0.1045849397778511,2026,12,drop0,30,4,8,test,0,/Users/nyx.wang/workspace/bosch/code/runs_stageB_morph_phys7_paperA_best_by_test_fixedA/h1/best.pth
hunt,2000,h1,p1_h1_head_ln_lr1e-05_l21e+00_ep2000_ss12,stageB_best,head_ln,full,1e-05,0.0001,1.0,0.01,huber,1.0,-0.4112329988575849,34.654624938964844,15.011198818683624,16.792327880859375,24,1692,0.11304933577775955,2026,12,drop0,30,4,8,test,0,/Users/nyx.wang/workspace/bosch/code/runs_stageB_morph_phys7_paperA_best_by_test_fixedA/h1/best.pth
hunt,2000,h1,p1_h1_head_ln_lr1e-04_l21e+01_ep2000_ss13,stageB_best,head_ln,full,0.0001,0.0001,10.0,0.01,huber,1.0,0.7209154949815926,24.846031188964844,9.737145155668259,22.035072326660156,24,316,0.22659941017627716,2026,13,drop0,30,4,8,test,0,/Users/nyx.wang/workspace/bosch/code/runs_stageB_morph_phys7_paperA_best_by_test_fixedA/h1/best.pth
hunt,2000,h1,p1_h1_head_ln_lr3e-05_l21e+00_ep2000_ss13,stageB_best,head_ln,full,3e-05,0.0001,1.0,0.01,huber,1.0,0.737590343356072,23.94398307800293,9.454798698425293,21.925674438476562,24,1515,0.22335465252399445,2026,13,drop0,30,4,8,test,0,/Users/nyx.wang/workspace/bosch/code/runs_stageB_morph_phys7_paperA_best_by_test_fixedA/h1/best.pth
hunt,2000,h1,p1_h1_head_ln_lr1e-05_l21e+00_ep2000_ss13,stageB_best,head_ln,full,1e-05,0.0001,1.0,0.01,huber,1.0,0.6869981372685295,26.389249801635742,10.178368538618088,22.48511505126953,24,1999,0.2604934871196747,2026,13,drop0,30,4,8,test,0,/Users/nyx.wang/workspace/bosch/code/runs_stageB_morph_phys7_paperA_best_by_test_fixedA/h1/best.pth
hunt,2000,h1,p1_h1_head_ln_lr1e-04_l21e+01_ep2000_ss14,stageB_best,head_ln,full,0.0001,0.0001,10.0,0.01,huber,1.0,0.6636341624591904,27.1331729888916,15.430448949337006,17.283531188964844,24,2,0.05770549178123474,2026,14,drop0,30,4,8,test,0,/Users/nyx.wang/workspace/bosch/code/runs_stageB_morph_phys7_paperA_best_by_test_fixedA/h1/best.pth
hunt,2000,h1,p1_h1_head_ln_lr3e-05_l21e+00_ep2000_ss14,stageB_best,head_ln,full,3e-05,0.0001,1.0,0.01,huber,1.0,0.6564601537066364,27.389434814453125,15.669725835323334,17.318038940429688,24,9,0.05754831060767174,2026,14,drop0,30,4,8,test,0,/Users/nyx.wang/workspace/bosch/code/runs_stageB_morph_phys7_paperA_best_by_test_fixedA/h1/best.pth
hunt,2000,h1,p1_h1_head_ln_lr1e-05_l21e+00_ep2000_ss14,stageB_best,head_ln,full,1e-05,0.0001,1.0,0.01,huber,1.0,0.6570622210553951,27.354806900024414,15.61686247587204,17.33966064453125,24,30,0.05767948552966118,2026,14,drop0,30,4,8,test,0,/Users/nyx.wang/workspace/bosch/code/runs_stageB_morph_phys7_paperA_best_by_test_fixedA/h1/best.pth
hunt,2000,h1,p1_h1_head_ln_lr1e-04_l21e+01_ep2000_ss15,stageB_best,head_ln,full,0.0001,0.0001,10.0,0.01,huber,1.0,0.0359047516116523,30.4685115814209,11.06804832816124,15.071197509765625,24,429,0.05162285640835762,2026,15,drop0,30,4,8,test,0,/Users/nyx.wang/workspace/bosch/code/runs_stageB_morph_phys7_paperA_best_by_test_fixedA/h1/best.pth
hunt,2000,h1,p1_h1_head_ln_lr3e-05_l21e+00_ep2000_ss15,stageB_best,head_ln,full,3e-05,0.0001,1.0,0.01,huber,1.0,0.03345701545388968,30.189178466796875,10.952141880989075,14.519332885742188,24,1505,0.05349518358707428,2026,15,drop0,30,4,8,test,0,/Users/nyx.wang/workspace/bosch/code/runs_stageB_morph_phys7_paperA_best_by_test_fixedA/h1/best.pth
hunt,2000,h1,p1_h1_head_ln_lr1e-05_l21e+00_ep2000_ss15,stageB_best,head_ln,full,1e-05,0.0001,1.0,0.01,huber,1.0,0.0700869397671513,30.665115356445312,11.325305700302124,14.602615356445312,24,2000,0.08013538271188736,2026,15,drop0,30,4,8,test,0,/Users/nyx.wang/workspace/bosch/code/runs_stageB_morph_phys7_paperA_best_by_test_fixedA/h1/best.pth
hunt,2000,h1,p1_h1_head_ln_lr1e-04_l21e+01_ep2000_ss16,stageB_best,head_ln,full,0.0001,0.0001,10.0,0.01,huber,1.0,0.5950427240363048,36.411495208740234,13.501697778701782,30.86719512939453,24,838,0.08975685387849808,2026,16,drop0,30,4,8,test,0,/Users/nyx.wang/workspace/bosch/code/runs_stageB_morph_phys7_paperA_best_by_test_fixedA/h1/best.pth
hunt,2000,h1,p1_h1_head_ln_lr3e-05_l21e+00_ep2000_ss16,stageB_best,head_ln,full,3e-05,0.0001,1.0,0.01,huber,1.0,0.578479946925043,37.40214920043945,13.887585699558258,32.574668884277344,24,1192,0.10932448506355286,2026,16,drop0,30,4,8,test,0,/Users/nyx.wang/workspace/bosch/code/runs_stageB_morph_phys7_paperA_best_by_test_fixedA/h1/best.pth
hunt,2000,h1,p1_h1_head_ln_lr1e-05_l21e+00_ep2000_ss16,stageB_best,head_ln,full,1e-05,0.0001,1.0,0.01,huber,1.0,0.5628348156069063,39.12590408325195,14.468714594841003,33.48919677734375,24,1192,0.12861450016498566,2026,16,drop0,30,4,8,test,0,/Users/nyx.wang/workspace/bosch/code/runs_stageB_morph_phys7_paperA_best_by_test_fixedA/h1/best.pth
hunt,2000,h1,p1_h1_head_ln_lr1e-04_l21e+01_ep2000_ss17,stageB_best,head_ln,full,0.0001,0.0001,10.0,0.01,huber,1.0,0.009849859140737549,26.47941017150879,9.967181831598282,18.146156311035156,24,739,0.07414279133081436,2026,17,drop0,30,4,8,test,0,/Users/nyx.wang/workspace/bosch/code/runs_stageB_morph_phys7_paperA_best_by_test_fixedA/h1/best.pth
hunt,2000,h1,p1_h1_head_ln_lr3e-05_l21e+00_ep2000_ss17,stageB_best,head_ln,full,3e-05,0.0001,1.0,0.01,huber,1.0,-0.05424953987135428,25.7335147857666,9.546563774347305,17.882308959960938,24,1355,0.08182717114686966,2026,17,drop0,30,4,8,test,0,/Users/nyx.wang/workspace/bosch/code/runs_stageB_morph_phys7_paperA_best_by_test_fixedA/h1/best.pth
hunt,2000,h1,p1_h1_head_ln_lr1e-05_l21e+00_ep2000_ss17,stageB_best,head_ln,full,1e-05,0.0001,1.0,0.01,huber,1.0,-0.023035042156499097,24.858182907104492,9.203394502401352,12.697372436523438,24,1998,0.13060201704502106,2026,17,drop0,30,4,8,test,0,/Users/nyx.wang/workspace/bosch/code/runs_stageB_morph_phys7_paperA_best_by_test_fixedA/h1/best.pth
hunt,2000,h1,p1_h1_head_ln_lr1e-04_l21e+01_ep2000_ss18,stageB_best,head_ln,full,0.0001,0.0001,10.0,0.01,huber,1.0,0.5995632037396108,25.71870231628418,10.128942131996155,20.24610137939453,24,1252,0.02096753753721714,2026,18,drop0,30,4,8,test,0,/Users/nyx.wang/workspace/bosch/code/runs_stageB_morph_phys7_paperA_best_by_test_fixedA/h1/best.pth
hunt,2000,h1,p1_h1_head_ln_lr3e-05_l21e+00_ep2000_ss18,stageB_best,head_ln,full,3e-05,0.0001,1.0,0.01,huber,1.0,0.5883223126216666,26.058738708496094,10.249831527471542,19.7421875,24,1988,0.03284753859043121,2026,18,drop0,30,4,8,test,0,/Users/nyx.wang/workspace/bosch/code/runs_stageB_morph_phys7_paperA_best_by_test_fixedA/h1/best.pth
hunt,2000,h1,p1_h1_head_ln_lr1e-05_l21e+00_ep2000_ss18,stageB_best,head_ln,full,1e-05,0.0001,1.0,0.01,huber,1.0,0.4970064203324793,28.070165634155273,10.85965558886528,17.56885528564453,24,1988,0.09285947680473328,2026,18,drop0,30,4,8,test,0,/Users/nyx.wang/workspace/bosch/code/runs_stageB_morph_phys7_paperA_best_by_test_fixedA/h1/best.pth
hunt,2000,h1,p1_h1_head_ln_lr1e-04_l21e+01_ep2000_ss19,stageB_best,head_ln,full,0.0001,0.0001,10.0,0.01,huber,1.0,0.40571981207589425,42.6948356628418,14.247079193592072,30.892539978027344,24,9,0.3683140277862549,2026,19,drop0,30,4,8,test,0,/Users/nyx.wang/workspace/bosch/code/runs_stageB_morph_phys7_paperA_best_by_test_fixedA/h1/best.pth
hunt,2000,h1,p1_h1_head_ln_lr3e-05_l21e+00_ep2000_ss19,stageB_best,head_ln,full,3e-05,0.0001,1.0,0.01,huber,1.0,0.3964904343714353,43.18768310546875,14.390112459659576,29.00402069091797,24,23,0.37131378054618835,2026,19,drop0,30,4,8,test,0,/Users/nyx.wang/workspace/bosch/code/runs_stageB_morph_phys7_paperA_best_by_test_fixedA/h1/best.pth
hunt,2000,h1,p1_h1_head_ln_lr1e-05_l21e+00_ep2000_ss19,stageB_best,head_ln,full,1e-05,0.0001,1.0,0.01,huber,1.0,0.3933769504091088,43.33779525756836,14.437736570835114,29.234512329101562,24,63,0.372674822807312,2026,19,drop0,30,4,8,test,0,/Users/nyx.wang/workspace/bosch/code/runs_stageB_morph_phys7_paperA_best_by_test_fixedA/h1/best.pth
hunt,2000,h1,p1_h1_head_ln_lr1e-04_l21e+01_ep2000_ss20,stageB_best,head_ln,full,0.0001,0.0001,10.0,0.01,huber,1.0,0.13340016976851188,58.633392333984375,17.93581396341324,45.303680419921875,24,1,0.36406782269477844,2026,20,drop0,30,4,8,test,0,/Users/nyx.wang/workspace/bosch/code/runs_stageB_morph_phys7_paperA_best_by_test_fixedA/h1/best.pth
hunt,2000,h1,p1_h1_head_ln_lr3e-05_l21e+00_ep2000_ss20,stageB_best,head_ln,full,3e-05,0.0001,1.0,0.01,huber,1.0,0.09897273462888201,60.63930130004883,18.610821664333344,47.97438049316406,24,1,0.347222238779068,2026,20,drop0,30,4,8,test,0,/Users/nyx.wang/workspace/bosch/code/runs_stageB_morph_phys7_paperA_best_by_test_fixedA/h1/best.pth
hunt,2000,h1,p1_h1_head_ln_lr1e-05_l21e+00_ep2000_ss20,stageB_best,head_ln,full,1e-05,0.0001,1.0,0.01,huber,1.0,0.0884546053134515,61.23307800292969,18.810629844665527,48.76774597167969,24,1,0.3428131341934204,2026,20,drop0,30,4,8,test,0,/Users/nyx.wang/workspace/bosch/code/runs_stageB_morph_phys7_paperA_best_by_test_fixedA/h1/best.pth
hunt,2000,h1,p1_h1_head_ln_lr1e-04_l21e+01_ep2000_ss21,stageB_best,head_ln,full,0.0001,0.0001,10.0,0.01,huber,1.0,0.6702625934418887,20.339391708374023,8.965908735990524,14.0777587890625,24,1060,0.46197304129600525,2026,21,drop0,30,4,8,test,0,/Users/nyx.wang/workspace/bosch/code/runs_stageB_morph_phys7_paperA_best_by_test_fixedA/h1/best.pth
hunt,2000,h1,p1_h1_head_ln_lr3e-05_l21e+00_ep2000_ss21,stageB_best,head_ln,full,3e-05,0.0001,1.0,0.01,huber,1.0,0.34211570557949744,29.85979461669922,14.408619701862335,22.475067138671875,24,34,0.4730778634548187,2026,21,drop0,30,4,8,test,0,/Users/nyx.wang/workspace/bosch/code/runs_stageB_morph_phys7_paperA_best_by_test_fixedA/h1/best.pth
hunt,2000,h1,p1_h1_head_ln_lr1e-05_l21e+00_ep2000_ss21,stageB_best,head_ln,full,1e-05,0.0001,1.0,0.01,huber,1.0,0.3339732163566649,30.263715744018555,14.539994299411774,23.441238403320312,24,74,0.4727999269962311,2026,21,drop0,30,4,8,test,0,/Users/nyx.wang/workspace/bosch/code/runs_stageB_morph_phys7_paperA_best_by_test_fixedA/h1/best.pth
hunt,2000,h1,p1_h1_head_ln_lr1e-04_l21e+01_ep2000_ss22,stageB_best,head_ln,full,0.0001,0.0001,10.0,0.01,huber,1.0,-0.19414980578607355,30.18360710144043,11.023757606744766,14.215492248535156,24,246,0.2475505918264389,2026,22,drop0,30,4,8,test,0,/Users/nyx.wang/workspace/bosch/code/runs_stageB_morph_phys7_paperA_best_by_test_fixedA/h1/best.pth
hunt,2000,h1,p1_h1_head_ln_lr3e-05_l21e+00_ep2000_ss22,stageB_best,head_ln,full,3e-05,0.0001,1.0,0.01,huber,1.0,-0.22812990820124535,32.66284942626953,12.275002151727676,24.631820678710938,24,485,0.25299423933029175,2026,22,drop0,30,4,8,test,0,/Users/nyx.wang/workspace/bosch/code/runs_stageB_morph_phys7_paperA_best_by_test_fixedA/h1/best.pth
hunt,2000,h1,p1_h1_head_ln_lr1e-05_l21e+00_ep2000_ss22,stageB_best,head_ln,full,1e-05,0.0001,1.0,0.01,huber,1.0,-0.45078699155001156,40.637691497802734,16.194264590740204,29.21007537841797,24,1,0.2573045492172241,2026,22,drop0,30,4,8,test,0,/Users/nyx.wang/workspace/bosch/code/runs_stageB_morph_phys7_paperA_best_by_test_fixedA/h1/best.pth
hunt,2000,h1,p1_h1_head_ln_lr1e-04_l21e+01_ep2000_ss23,stageB_best,head_ln,full,0.0001,0.0001,10.0,0.01,huber,1.0,0.13857580496002386,25.925865173339844,10.045834630727768,14.839065551757812,24,474,0.06244492530822754,2026,23,drop0,30,4,8,test,0,/Users/nyx.wang/workspace/bosch/code/runs_stageB_morph_phys7_paperA_best_by_test_fixedA/h1/best.pth
hunt,2000,h1,p1_h1_head_ln_lr3e-05_l21e+00_ep2000_ss23,stageB_best,head_ln,full,3e-05,0.0001,1.0,0.01,huber,1.0,0.11737071023030998,27.31842613220215,10.723540186882019,16.90595245361328,24,1169,0.07594311982393265,2026,23,drop0,30,4,8,test,0,/Users/nyx.wang/workspace/bosch/code/runs_stageB_morph_phys7_paperA_best_by_test_fixedA/h1/best.pth
hunt,2000,h1,p1_h1_head_ln_lr1e-05_l21e+00_ep2000_ss23,stageB_best,head_ln,full,1e-05,0.0001,1.0,0.01,huber,1.0,0.12862382323286758,27.985551834106445,11.018842458724976,16.799789428710938,24,1932,0.11640435457229614,2026,23,drop0,30,4,8,test,0,/Users/nyx.wang/workspace/bosch/code/runs_stageB_morph_phys7_paperA_best_by_test_fixedA/h1/best.pth
hunt,2000,h1,p1_h1_head_ln_lr1e-04_l21e+01_ep2000_ss24,stageB_best,head_ln,full,0.0001,0.0001,10.0,0.01,huber,1.0,0.5771927817095625,26.529165267944336,10.312467813491821,16.371200561523438,24,525,0.037740062922239304,2026,24,drop0,30,4,8,test,0,/Users/nyx.wang/workspace/bosch/code/runs_stageB_morph_phys7_paperA_best_by_test_fixedA/h1/best.pth
hunt,2000,h1,p1_h1_head_ln_lr3e-05_l21e+00_ep2000_ss24,stageB_best,head_ln,full,3e-05,0.0001,1.0,0.01,huber,1.0,0.6053184932918216,25.28691291809082,9.857576340436935,14.930282592773438,24,1506,0.041703540831804276,2026,24,drop0,30,4,8,test,0,/Users/nyx.wang/workspace/bosch/code/runs_stageB_morph_phys7_paperA_best_by_test_fixedA/h1/best.pth
hunt,2000,h1,p1_h1_head_ln_lr1e-05_l21e+00_ep2000_ss24,stageB_best,head_ln,full,1e-05,0.0001,1.0,0.01,huber,1.0,0.6083225932544811,25.491670608520508,9.842439740896225,16.21942901611328,24,2000,0.05466056987643242,2026,24,drop0,30,4,8,test,0,/Users/nyx.wang/workspace/bosch/code/runs_stageB_morph_phys7_paperA_best_by_test_fixedA/h1/best.pth
hunt,2000,h1,p1_h1_head_ln_lr1e-04_l21e+01_ep2000_ss25,stageB_best,head_ln,full,0.0001,0.0001,10.0,0.01,huber,1.0,0.6414908980570391,30.55127716064453,16.6193425655365,28.870513916015625,24,864,0.16104309260845184,2026,25,drop0,30,4,8,test,0,/Users/nyx.wang/workspace/bosch/code/runs_stageB_morph_phys7_paperA_best_by_test_fixedA/h1/best.pth
hunt,2000,h1,p1_h1_head_ln_lr3e-05_l21e+00_ep2000_ss25,stageB_best,head_ln,full,3e-05,0.0001,1.0,0.01,huber,1.0,0.6480546646457901,30.472122192382812,16.222696006298065,27.59149169921875,24,1412,0.18047714233398438,2026,25,drop0,30,4,8,test,0,/Users/nyx.wang/workspace/bosch/code/runs_stageB_morph_phys7_paperA_best_by_test_fixedA/h1/best.pth
hunt,2000,h1,p1_h1_head_ln_lr1e-05_l21e+00_ep2000_ss25,stageB_best,head_ln,full,1e-05,0.0001,1.0,0.01,huber,1.0,0.6015772935316619,31.432165145874023,16.092725098133087,24.547019958496094,24,1671,0.21068745851516724,2026,25,drop0,30,4,8,test,0,/Users/nyx.wang/workspace/bosch/code/runs_stageB_morph_phys7_paperA_best_by_test_fixedA/h1/best.pth
hunt,2000,h1,p1_h1_head_ln_lr1e-04_l21e+01_ep2000_ss26,stageB_best,head_ln,full,0.0001,0.0001,10.0,0.01,huber,1.0,-0.19078823596405425,35.97380447387695,18.32949072122574,26.340621948242188,24,802,0.1340319812297821,2026,26,drop0,30,4,8,test,0,/Users/nyx.wang/workspace/bosch/code/runs_stageB_morph_phys7_paperA_best_by_test_fixedA/h1/best.pth
hunt,2000,h1,p1_h1_head_ln_lr3e-05_l21e+00_ep2000_ss26,stageB_best,head_ln,full,3e-05,0.0001,1.0,0.01,huber,1.0,-0.32517290618627515,37.26099395751953,19.017505645751953,26.123062133789062,24,1980,0.15907754004001617,2026,26,drop0,30,4,8,test,0,/Users/nyx.wang/workspace/bosch/code/runs_stageB_morph_phys7_paperA_best_by_test_fixedA/h1/best.pth
hunt,2000,h1,p1_h1_head_ln_lr1e-05_l21e+00_ep2000_ss26,stageB_best,head_ln,full,1e-05,0.0001,1.0,0.01,huber,1.0,-0.36781202223290643,37.22883224487305,19.275183975696564,24.75537109375,24,1978,0.22419703006744385,2026,26,drop0,30,4,8,test,0,/Users/nyx.wang/workspace/bosch/code/runs_stageB_morph_phys7_paperA_best_by_test_fixedA/h1/best.pth
hunt,2000,h1,p1_h1_head_ln_lr1e-04_l21e+01_ep2000_ss27,stageB_best,head_ln,full,0.0001,0.0001,10.0,0.01,huber,1.0,-0.2942223931834902,31.181299209594727,14.67091292142868,18.398681640625,24,3,0.6525847315788269,2026,27,drop0,30,4,8,test,0,/Users/nyx.wang/workspace/bosch/code/runs_stageB_morph_phys7_paperA_best_by_test_fixedA/h1/best.pth
hunt,2000,h1,p1_h1_head_ln_lr3e-05_l21e+00_ep2000_ss27,stageB_best,head_ln,full,3e-05,0.0001,1.0,0.01,huber,1.0,-0.2515853768808436,30.376195907592773,14.201177656650543,16.9222412109375,24,13,0.6592617630958557,2026,27,drop0,30,4,8,test,0,/Users/nyx.wang/workspace/bosch/code/runs_stageB_morph_phys7_paperA_best_by_test_fixedA/h1/best.pth
hunt,2000,h1,p1_h1_head_ln_lr1e-05_l21e+00_ep2000_ss27,stageB_best,head_ln,full,1e-05,0.0001,1.0,0.01,huber,1.0,-0.2656112662361867,30.61469268798828,14.347359538078308,16.899093627929688,24,46,0.6587703227996826,2026,27,drop0,30,4,8,test,0,/Users/nyx.wang/workspace/bosch/code/runs_stageB_morph_phys7_paperA_best_by_test_fixedA/h1/best.pth
hunt,2000,h1,p1_h1_head_ln_lr1e-04_l21e+01_ep2000_ss28,stageB_best,head_ln,full,0.0001,0.0001,10.0,0.01,huber,1.0,0.5264883905067208,19.069849014282227,8.678030222654343,13.49609375,24,1135,0.12957338988780975,2026,28,drop0,30,4,8,test,0,/Users/nyx.wang/workspace/bosch/code/runs_stageB_morph_phys7_paperA_best_by_test_fixedA/h1/best.pth
hunt,2000,h1,p1_h1_head_ln_lr3e-05_l21e+00_ep2000_ss28,stageB_best,head_ln,full,3e-05,0.0001,1.0,0.01,huber,1.0,0.5242655700341435,18.789039611816406,8.51074531674385,13.925704956054688,24,1519,0.15142014622688293,2026,28,drop0,30,4,8,test,0,/Users/nyx.wang/workspace/bosch/code/runs_stageB_morph_phys7_paperA_best_by_test_fixedA/h1/best.pth
hunt,2000,h1,p1_h1_head_ln_lr1e-05_l21e+00_ep2000_ss28,stageB_best,head_ln,full,1e-05,0.0001,1.0,0.01,huber,1.0,0.498575462201596,21.815027236938477,9.936785697937012,18.229408264160156,24,581,0.16965685784816742,2026,28,drop0,30,4,8,test,0,/Users/nyx.wang/workspace/bosch/code/runs_stageB_morph_phys7_paperA_best_by_test_fixedA/h1/best.pth
hunt,2000,h1,p1_h1_head_ln_lr1e-04_l21e+01_ep2000_ss29,stageB_best,head_ln,full,0.0001,0.0001,10.0,0.01,huber,1.0,0.5542934245125777,41.598079681396484,15.099410712718964,36.50395202636719,24,159,0.20910270512104034,2026,29,drop0,30,4,8,test,0,/Users/nyx.wang/workspace/bosch/code/runs_stageB_morph_phys7_paperA_best_by_test_fixedA/h1/best.pth
hunt,2000,h1,p1_h1_head_ln_lr3e-05_l21e+00_ep2000_ss29,stageB_best,head_ln,full,3e-05,0.0001,1.0,0.01,huber,1.0,0.5435901323387682,42.34567642211914,15.373745560646057,37.00779724121094,24,629,0.2178640365600586,2026,29,drop0,30,4,8,test,0,/Users/nyx.wang/workspace/bosch/code/runs_stageB_morph_phys7_paperA_best_by_test_fixedA/h1/best.pth
hunt,2000,h1,p1_h1_head_ln_lr1e-05_l21e+00_ep2000_ss29,stageB_best,head_ln,full,1e-05,0.0001,1.0,0.01,huber,1.0,0.5248687013840325,43.31984329223633,15.642853081226349,39.095367431640625,24,1637,0.22399325668811798,2026,29,drop0,30,4,8,test,0,/Users/nyx.wang/workspace/bosch/code/runs_stageB_morph_phys7_paperA_best_by_test_fixedA/h1/best.pth
hunt,2000,h1,p1_h1_head_ln_lr1e-04_l21e+01_ep2000_ss30,stageB_best,head_ln,full,0.0001,0.0001,10.0,0.01,huber,1.0,0.5909052571206869,13.355111122131348,5.595860257744789,9.492080688476562,24,658,0.14795827865600586,2026,30,drop0,30,4,8,test,0,/Users/nyx.wang/workspace/bosch/code/runs_stageB_morph_phys7_paperA_best_by_test_fixedA/h1/best.pth
hunt,2000,h1,p1_h1_head_ln_lr3e-05_l21e+00_ep2000_ss30,stageB_best,head_ln,full,3e-05,0.0001,1.0,0.01,huber,1.0,0.1451671263378963,22.840810775756836,9.741780161857605,19.737449645996094,24,1,0.15100453794002533,2026,30,drop0,30,4,8,test,0,/Users/nyx.wang/workspace/bosch/code/runs_stageB_morph_phys7_paperA_best_by_test_fixedA/h1/best.pth
hunt,2000,h1,p1_h1_head_ln_lr1e-05_l21e+00_ep2000_ss30,stageB_best,head_ln,full,1e-05,0.0001,1.0,0.01,huber,1.0,0.07329951165203308,23.97288703918457,10.248055309057236,21.208053588867188,24,1,0.14870871603488922,2026,30,drop0,30,4,8,test,0,/Users/nyx.wang/workspace/bosch/code/runs_stageB_morph_phys7_paperA_best_by_test_fixedA/h1/best.pth
hunt,2000,h1,p1_h1_head_ln_lr1e-04_l21e+01_ep2000_ss31,stageB_best,head_ln,full,0.0001,0.0001,10.0,0.01,huber,1.0,0.810355448804502,25.844758987426758,11.23817041516304,25.878646850585938,24,418,0.2350982427597046,2026,31,drop0,30,4,8,test,0,/Users/nyx.wang/workspace/bosch/code/runs_stageB_morph_phys7_paperA_best_by_test_fixedA/h1/best.pth
hunt,2000,h1,p1_h1_head_ln_lr3e-05_l21e+00_ep2000_ss31,stageB_best,head_ln,full,3e-05,0.0001,1.0,0.01,huber,1.0,0.7966284517059662,26.146148681640625,11.23754307627678,27.21527862548828,24,840,0.2501812279224396,2026,31,drop0,30,4,8,test,0,/Users/nyx.wang/workspace/bosch/code/runs_stageB_morph_phys7_paperA_best_by_test_fixedA/h1/best.pth
hunt,2000,h1,p1_h1_head_ln_lr1e-05_l21e+00_ep2000_ss31,stageB_best,head_ln,full,1e-05,0.0001,1.0,0.01,huber,1.0,0.7751347537221447,26.610549926757812,11.275621503591537,22.384925842285156,24,1914,0.2760436236858368,2026,31,drop0,30,4,8,test,0,/Users/nyx.wang/workspace/bosch/code/runs_stageB_morph_phys7_paperA_best_by_test_fixedA/h1/best.pth
hunt,2000,h1,p1_h1_head_ln_lr1e-04_l21e+01_ep2000_ss32,stageB_best,head_ln,full,0.0001,0.0001,10.0,0.01,huber,1.0,0.26050284983257765,34.3504524230957,14.594586193561554,28.06591033935547,24,834,0.23888243734836578,2026,32,drop0,30,4,8,test,0,/Users/nyx.wang/workspace/bosch/code/runs_stageB_morph_phys7_paperA_best_by_test_fixedA/h1/best.pth
hunt,2000,h1,p1_h1_head_ln_lr3e-05_l21e+00_ep2000_ss32,stageB_best,head_ln,full,3e-05,0.0001,1.0,0.01,huber,1.0,0.17093304829079814,37.55078125,16.107380390167236,32.505958557128906,24,1000,0.26353439688682556,2026,32,drop0,30,4,8,test,0,/Users/nyx.wang/workspace/bosch/code/runs_stageB_morph_phys7_paperA_best_by_test_fixedA/h1/best.pth
hunt,2000,h1,p1_h1_head_ln_lr1e-05_l21e+00_ep2000_ss32,stageB_best,head_ln,full,1e-05,0.0001,1.0,0.01,huber,1.0,0.126294312071783,38.86882400512695,16.69890284538269,34.45115661621094,24,2000,0.3123129904270172,2026,32,drop0,30,4,8,test,0,/Users/nyx.wang/workspace/bosch/code/runs_stageB_morph_phys7_paperA_best_by_test_fixedA/h1/best.pth
hunt,2000,h1,p1_h1_head_ln_lr1e-04_l21e+01_ep2000_ss33,stageB_best,head_ln,full,0.0001,0.0001,10.0,0.01,huber,1.0,0.4719598158887217,20.628036499023438,9.027191996574402,14.154762268066406,24,282,0.2570217549800873,2026,33,drop0,30,4,8,test,0,/Users/nyx.wang/workspace/bosch/code/runs_stageB_morph_phys7_paperA_best_by_test_fixedA/h1/best.pth
hunt,2000,h1,p1_h1_head_ln_lr3e-05_l21e+00_ep2000_ss33,stageB_best,head_ln,full,3e-05,0.0001,1.0,0.01,huber,1.0,0.5057296970779699,20.670942306518555,9.187480062246323,16.057334899902344,24,1156,0.2758122682571411,2026,33,drop0,30,4,8,test,0,/Users/nyx.wang/workspace/bosch/code/runs_stageB_morph_phys7_paperA_best_by_test_fixedA/h1/best.pth
hunt,2000,h1,p1_h1_head_ln_lr1e-05_l21e+00_ep2000_ss33,stageB_best,head_ln,full,1e-05,0.0001,1.0,0.01,huber,1.0,0.38818445408815827,25.0628604888916,10.896188765764236,20.476593017578125,24,1,0.3231019973754883,2026,33,drop0,30,4,8,test,0,/Users/nyx.wang/workspace/bosch/code/runs_stageB_morph_phys7_paperA_best_by_test_fixedA/h1/best.pth
hunt,2000,h1,p1_h1_head_ln_lr1e-04_l21e+01_ep2000_ss34,stageB_best,head_ln,full,0.0001,0.0001,10.0,0.01,huber,1.0,-0.6551093432350075,53.85013961791992,27.864369750022888,30.001968383789062,24,532,0.13381235301494598,2026,34,drop0,30,4,8,test,0,/Users/nyx.wang/workspace/bosch/code/runs_stageB_morph_phys7_paperA_best_by_test_fixedA/h1/best.pth
hunt,2000,h1,p1_h1_head_ln_lr3e-05_l21e+00_ep2000_ss34,stageB_best,head_ln,full,3e-05,0.0001,1.0,0.01,huber,1.0,-0.7477346833478125,56.418426513671875,29.44190204143524,30.105514526367188,24,1364,0.15302111208438873,2026,34,drop0,30,4,8,test,0,/Users/nyx.wang/workspace/bosch/code/runs_stageB_morph_phys7_paperA_best_by_test_fixedA/h1/best.pth
hunt,2000,h1,p1_h1_head_ln_lr1e-05_l21e+00_ep2000_ss34,stageB_best,head_ln,full,1e-05,0.0001,1.0,0.01,huber,1.0,-0.8490300445839929,59.48433303833008,30.63090741634369,34.76012420654297,24,1999,0.17277325689792633,2026,34,drop0,30,4,8,test,0,/Users/nyx.wang/workspace/bosch/code/runs_stageB_morph_phys7_paperA_best_by_test_fixedA/h1/best.pth
hunt,2000,h1,p1_h1_head_ln_lr1e-04_l21e+01_ep2000_ss35,stageB_best,head_ln,full,0.0001,0.0001,10.0,0.01,huber,1.0,-0.13261592877457273,48.53082275390625,22.248756885528564,32.79729461669922,24,1614,0.09808152914047241,2026,35,drop0,30,4,8,test,0,/Users/nyx.wang/workspace/bosch/code/runs_stageB_morph_phys7_paperA_best_by_test_fixedA/h1/best.pth
hunt,2000,h1,p1_h1_head_ln_lr3e-05_l21e+00_ep2000_ss35,stageB_best,head_ln,full,3e-05,0.0001,1.0,0.01,huber,1.0,-0.01456129787209881,48.9338264465332,22.378866374492645,39.30498504638672,24,8,0.11330634355545044,2026,35,drop0,30,4,8,test,0,/Users/nyx.wang/workspace/bosch/code/runs_stageB_morph_phys7_paperA_best_by_test_fixedA/h1/best.pth
hunt,2000,h1,p1_h1_head_ln_lr1e-05_l21e+00_ep2000_ss35,stageB_best,head_ln,full,1e-05,0.0001,1.0,0.01,huber,1.0,-0.018069021407770114,48.93310546875,22.401054203510284,39.107643127441406,24,29,0.11390253901481628,2026,35,drop0,30,4,8,test,0,/Users/nyx.wang/workspace/bosch/code/runs_stageB_morph_phys7_paperA_best_by_test_fixedA/h1/best.pth
hunt,2000,h1,p1_h1_head_ln_lr1e-04_l21e+01_ep2000_ss36,stageB_best,head_ln,full,0.0001,0.0001,10.0,0.01,huber,1.0,0.5611419680070803,31.4493350982666,11.78370714187622,31.686126708984375,24,1,0.3480454683303833,2026,36,drop0,30,4,8,test,0,/Users/nyx.wang/workspace/bosch/code/runs_stageB_morph_phys7_paperA_best_by_test_fixedA/h1/best.pth
hunt,2000,h1,p1_h1_head_ln_lr3e-05_l21e+00_ep2000_ss36,stageB_best,head_ln,full,3e-05,0.0001,1.0,0.01,huber,1.0,0.5032048999972438,33.94880676269531,12.726704776287079,32.041770935058594,24,1,0.3461388051509857,2026,36,drop0,30,4,8,test,0,/Users/nyx.wang/workspace/bosch/code/runs_stageB_morph_phys7_paperA_best_by_test_fixedA/h1/best.pth
hunt,2000,h1,p1_h1_head_ln_lr1e-05_l21e+00_ep2000_ss36,stageB_best,head_ln,full,1e-05,0.0001,1.0,0.01,huber,1.0,0.48290188866022954,34.779937744140625,13.044431805610657,32.34197235107422,24,1,0.34595122933387756,2026,36,drop0,30,4,8,test,0,/Users/nyx.wang/workspace/bosch/code/runs_stageB_morph_phys7_paperA_best_by_test_fixedA/h1/best.pth
hunt,2000,h1,p1_h1_head_ln_lr1e-04_l21e+01_ep2000_ss37,stageB_best,head_ln,full,0.0001,0.0001,10.0,0.01,huber,1.0,0.16654200313366274,23.997024536132812,10.556288808584213,16.44489288330078,24,1192,0.27260228991508484,2026,37,drop0,30,4,8,test,0,/Users/nyx.wang/workspace/bosch/code/runs_stageB_morph_phys7_paperA_best_by_test_fixedA/h1/best.pth
hunt,2000,h1,p1_h1_head_ln_lr3e-05_l21e+00_ep2000_ss37,stageB_best,head_ln,full,3e-05,0.0001,1.0,0.01,huber,1.0,0.11642617813667588,27.605257034301758,12.052086740732193,24.031509399414062,24,57,0.2863251268863678,2026,37,drop0,30,4,8,test,0,/Users/nyx.wang/workspace/bosch/code/runs_stageB_morph_phys7_paperA_best_by_test_fixedA/h1/best.pth
hunt,2000,h1,p1_h1_head_ln_lr1e-05_l21e+00_ep2000_ss37,stageB_best,head_ln,full,1e-05,0.0001,1.0,0.01,huber,1.0,0.10122562371941668,27.825271606445312,12.163086980581284,25.146865844726562,24,78,0.28731822967529297,2026,37,drop0,30,4,8,test,0,/Users/nyx.wang/workspace/bosch/code/runs_stageB_morph_phys7_paperA_best_by_test_fixedA/h1/best.pth
hunt,2000,h1,p1_h1_head_ln_lr1e-04_l21e+01_ep2000_ss38,stageB_best,head_ln,full,0.0001,0.0001,10.0,0.01,huber,1.0,0.5640613825837255,44.7974967956543,18.865978717803955,32.01524353027344,24,654,0.27218082547187805,2026,38,drop0,30,4,8,test,0,/Users/nyx.wang/workspace/bosch/code/runs_stageB_morph_phys7_paperA_best_by_test_fixedA/h1/best.pth
hunt,2000,h1,p1_h1_head_ln_lr3e-05_l21e+00_ep2000_ss38,stageB_best,head_ln,full,3e-05,0.0001,1.0,0.01,huber,1.0,0.5509293776434514,46.17314529418945,19.550347328186035,31.173736572265625,24,1300,0.2947673499584198,2026,38,drop0,30,4,8,test,0,/Users/nyx.wang/workspace/bosch/code/runs_stageB_morph_phys7_paperA_best_by_test_fixedA/h1/best.pth
hunt,2000,h1,p1_h1_head_ln_lr1e-05_l21e+00_ep2000_ss38,stageB_best,head_ln,full,1e-05,0.0001,1.0,0.01,huber,1.0,0.5026056953780516,49.17808151245117,20.80453783273697,39.33452606201172,24,1037,0.3038944900035858,2026,38,drop0,30,4,8,test,0,/Users/nyx.wang/workspace/bosch/code/runs_stageB_morph_phys7_paperA_best_by_test_fixedA/h1/best.pth
hunt,2000,h1,p1_h1_head_ln_lr1e-04_l21e+01_ep2000_ss39,stageB_best,head_ln,full,0.0001,0.0001,10.0,0.01,huber,1.0,0.4738999573689635,43.230960845947266,15.411233901977539,25.03559112548828,24,1,0.4868743419647217,2026,39,drop0,30,4,8,test,0,/Users/nyx.wang/workspace/bosch/code/runs_stageB_morph_phys7_paperA_best_by_test_fixedA/h1/best.pth
hunt,2000,h1,p1_h1_head_ln_lr3e-05_l21e+00_ep2000_ss39,stageB_best,head_ln,full,3e-05,0.0001,1.0,0.01,huber,1.0,0.4644689515590167,42.92388916015625,15.079975128173828,22.36365509033203,24,1,0.4741624891757965,2026,39,drop0,30,4,8,test,0,/Users/nyx.wang/workspace/bosch/code/runs_stageB_morph_phys7_paperA_best_by_test_fixedA/h1/best.pth
hunt,2000,h1,p1_h1_head_ln_lr1e-05_l21e+00_ep2000_ss39,stageB_best,head_ln,full,1e-05,0.0001,1.0,0.01,huber,1.0,0.4609723653749642,42.911041259765625,15.028800070285797,21.288421630859375,24,1,0.47097888588905334,2026,39,drop0,30,4,8,test,0,/Users/nyx.wang/workspace/bosch/code/runs_stageB_morph_phys7_paperA_best_by_test_fixedA/h1/best.pth
hunt,2000,h1,p1_h1_head_ln_lr1e-04_l21e+01_ep2000_ss40,stageB_best,head_ln,full,0.0001,0.0001,10.0,0.01,huber,1.0,0.43114549255575274,32.68362808227539,11.809810250997543,23.965545654296875,24,9,0.08759138733148575,2026,40,drop0,30,4,8,test,0,/Users/nyx.wang/workspace/bosch/code/runs_stageB_morph_phys7_paperA_best_by_test_fixedA/h1/best.pth
hunt,2000,h1,p1_h1_head_ln_lr3e-05_l21e+00_ep2000_ss40,stageB_best,head_ln,full,3e-05,0.0001,1.0,0.01,huber,1.0,0.41631602923670985,32.184444427490234,11.5614652633667,22.554298400878906,24,71,0.09066632390022278,2026,40,drop0,30,4,8,test,0,/Users/nyx.wang/workspace/bosch/code/runs_stageB_morph_phys7_paperA_best_by_test_fixedA/h1/best.pth
hunt,2000,h1,p1_h1_head_ln_lr1e-05_l21e+00_ep2000_ss40,stageB_best,head_ln,full,1e-05,0.0001,1.0,0.01,huber,1.0,0.40985721586234725,32.55696105957031,11.644605547189713,21.768478393554688,24,205,0.09294644743204117,2026,40,drop0,30,4,8,test,0,/Users/nyx.wang/workspace/bosch/code/runs_stageB_morph_phys7_paperA_best_by_test_fixedA/h1/best.pth
hunt,2000,h1,p1_h1_head_ln_lr1e-04_l21e+01_ep2000_ss41,stageB_best,head_ln,full,0.0001,0.0001,10.0,0.01,huber,1.0,0.7149312924826235,39.08168029785156,20.09088397026062,27.730674743652344,24,1063,0.19053857028484344,2026,41,drop0,30,4,8,test,0,/Users/nyx.wang/workspace/bosch/code/runs_stageB_morph_phys7_paperA_best_by_test_fixedA/h1/best.pth
hunt,2000,h1,p1_h1_head_ln_lr3e-05_l21e+00_ep2000_ss41,stageB_best,head_ln,full,3e-05,0.0001,1.0,0.01,huber,1.0,0.7125512854002509,40.41962814331055,20.972509682178497,30.9271240234375,24,1782,0.20765721797943115,2026,41,drop0,30,4,8,test,0,/Users/nyx.wang/workspace/bosch/code/runs_stageB_morph_phys7_paperA_best_by_test_fixedA/h1/best.pth
hunt,2000,h1,p1_h1_head_ln_lr1e-05_l21e+00_ep2000_ss41,stageB_best,head_ln,full,1e-05,0.0001,1.0,0.01,huber,1.0,0.6841971725933907,43.982025146484375,22.6945698261261,36.81700897216797,24,1872,0.22491084039211273,2026,41,drop0,30,4,8,test,0,/Users/nyx.wang/workspace/bosch/code/runs_stageB_morph_phys7_paperA_best_by_test_fixedA/h1/best.pth
hunt,2000,h1,p1_h1_head_ln_lr1e-04_l21e+01_ep2000_ss42,stageB_best,head_ln,full,0.0001,0.0001,10.0,0.01,huber,1.0,-0.5030279905359583,40.63775634765625,16.76679104566574,19.857177734375,24,1,0.34155645966529846,2026,42,drop0,30,4,8,test,0,/Users/nyx.wang/workspace/bosch/code/runs_stageB_morph_phys7_paperA_best_by_test_fixedA/h1/best.pth
hunt,2000,h1,p1_h1_head_ln_lr3e-05_l21e+00_ep2000_ss42,stageB_best,head_ln,full,3e-05,0.0001,1.0,0.01,huber,1.0,-0.5285969984837979,41.693145751953125,17.064905166625977,22.807159423828125,24,1,0.32925912737846375,2026,42,drop0,30,4,8,test,0,/Users/nyx.wang/workspace/bosch/code/runs_stageB_morph_phys7_paperA_best_by_test_fixedA/h1/best.pth
hunt,2000,h1,p1_h1_head_ln_lr1e-05_l21e+00_ep2000_ss42,stageB_best,head_ln,full,1e-05,0.0001,1.0,0.01,huber,1.0,-0.540053341917454,42.01712417602539,17.1589657664299,24.499496459960938,24,1,0.3267737627029419,2026,42,drop0,30,4,8,test,0,/Users/nyx.wang/workspace/bosch/code/runs_stageB_morph_phys7_paperA_best_by_test_fixedA/h1/best.pth
hunt,2000,h1,p1_h1_head_ln_lr1e-04_l21e+01_ep2000_ss43,stageB_best,head_ln,full,0.0001,0.0001,10.0,0.01,huber,1.0,0.6836553948035524,34.134681701660156,11.43156886100769,21.203163146972656,24,587,0.20131206512451172,2026,43,drop0,30,4,8,test,0,/Users/nyx.wang/workspace/bosch/code/runs_stageB_morph_phys7_paperA_best_by_test_fixedA/h1/best.pth
hunt,2000,h1,p1_h1_head_ln_lr3e-05_l21e+00_ep2000_ss43,stageB_best,head_ln,full,3e-05,0.0001,1.0,0.01,huber,1.0,0.6639640231092436,34.8413200378418,11.624505370855331,21.32129669189453,24,980,0.21684570610523224,2026,43,drop0,30,4,8,test,0,/Users/nyx.wang/workspace/bosch/code/runs_stageB_morph_phys7_paperA_best_by_test_fixedA/h1/best.pth
hunt,2000,h1,p1_h1_head_ln_lr1e-05_l21e+00_ep2000_ss43,stageB_best,head_ln,full,1e-05,0.0001,1.0,0.01,huber,1.0,0.6116350059441252,38.731510162353516,13.372679054737091,23.964576721191406,24,1276,0.2419643998146057,2026,43,drop0,30,4,8,test,0,/Users/nyx.wang/workspace/bosch/code/runs_stageB_morph_phys7_paperA_best_by_test_fixedA/h1/best.pth
hunt,2000,h1,p1_h1_head_ln_lr1e-04_l21e+01_ep2000_ss44,stageB_best,head_ln,full,0.0001,0.0001,10.0,0.01,huber,1.0,0.5411647909567385,22.01875114440918,9.64677706360817,18.345001220703125,24,1360,0.355455607175827,2026,44,drop0,30,4,8,test,0,/Users/nyx.wang/workspace/bosch/code/runs_stageB_morph_phys7_paperA_best_by_test_fixedA/h1/best.pth
hunt,2000,h1,p1_h1_head_ln_lr3e-05_l21e+00_ep2000_ss44,stageB_best,head_ln,full,3e-05,0.0001,1.0,0.01,huber,1.0,0.3490104936155721,27.65675926208496,11.775336414575577,22.237991333007812,24,1,0.3690027892589569,2026,44,drop0,30,4,8,test,0,/Users/nyx.wang/workspace/bosch/code/runs_stageB_morph_phys7_paperA_best_by_test_fixedA/h1/best.pth
hunt,2000,h1,p1_h1_head_ln_lr1e-05_l21e+00_ep2000_ss44,stageB_best,head_ln,full,1e-05,0.0001,1.0,0.01,huber,1.0,0.31111199200245665,28.470382690429688,12.069105356931686,22.666847229003906,24,1,0.3617623746395111,2026,44,drop0,30,4,8,test,0,/Users/nyx.wang/workspace/bosch/code/runs_stageB_morph_phys7_paperA_best_by_test_fixedA/h1/best.pth
hunt,2000,h1,p1_h1_head_ln_lr1e-04_l21e+01_ep2000_ss45,stageB_best,head_ln,full,0.0001,0.0001,10.0,0.01,huber,1.0,0.08148311453259771,27.600828170776367,10.330161452293396,14.853218078613281,24,979,0.1026403084397316,2026,45,drop0,30,4,8,test,0,/Users/nyx.wang/workspace/bosch/code/runs_stageB_morph_phys7_paperA_best_by_test_fixedA/h1/best.pth
hunt,2000,h1,p1_h1_head_ln_lr3e-05_l21e+00_ep2000_ss45,stageB_best,head_ln,full,3e-05,0.0001,1.0,0.01,huber,1.0,0.0012390530875336925,28.8751277923584,10.698511451482773,15.741218566894531,24,1354,0.12670142948627472,2026,45,drop0,30,4,8,test,0,/Users/nyx.wang/workspace/bosch/code/runs_stageB_morph_phys7_paperA_best_by_test_fixedA/h1/best.pth
hunt,2000,h1,p1_h1_head_ln_lr1e-05_l21e+00_ep2000_ss45,stageB_best,head_ln,full,1e-05,0.0001,1.0,0.01,huber,1.0,-0.013234754740535815,30.639455795288086,11.732836812734604,19.796302795410156,24,1711,0.14634482562541962,2026,45,drop0,30,4,8,test,0,/Users/nyx.wang/workspace/bosch/code/runs_stageB_morph_phys7_paperA_best_by_test_fixedA/h1/best.pth
hunt,2000,h1,p1_h1_head_ln_lr1e-04_l21e+01_ep2000_ss46,stageB_best,head_ln,full,0.0001,0.0001,10.0,0.01,huber,1.0,0.014344501024070366,27.5434513092041,13.432323932647705,18.467864990234375,24,169,0.05418963357806206,2026,46,drop0,30,4,8,test,0,/Users/nyx.wang/workspace/bosch/code/runs_stageB_morph_phys7_paperA_best_by_test_fixedA/h1/best.pth
hunt,2000,h1,p1_h1_head_ln_lr3e-05_l21e+00_ep2000_ss46,stageB_best,head_ln,full,3e-05,0.0001,1.0,0.01,huber,1.0,0.02628431575189316,27.295866012573242,13.32360953092575,17.62975311279297,24,537,0.05510404333472252,2026,46,drop0,30,4,8,test,0,/Users/nyx.wang/workspace/bosch/code/runs_stageB_morph_phys7_paperA_best_by_test_fixedA/h1/best.pth
hunt,2000,h1,p1_h1_head_ln_lr1e-05_l21e+00_ep2000_ss46,stageB_best,head_ln,full,1e-05,0.0001,1.0,0.01,huber,1.0,-0.1326452958529849,29.620925903320312,14.35270756483078,19.223480224609375,24,1945,0.056832779198884964,2026,46,drop0,30,4,8,test,0,/Users/nyx.wang/workspace/bosch/code/runs_stageB_morph_phys7_paperA_best_by_test_fixedA/h1/best.pth
hunt,2000,h1,p1_h1_head_ln_lr1e-04_l21e+01_ep2000_ss47,stageB_best,head_ln,full,0.0001,0.0001,10.0,0.01,huber,1.0,0.38543072443588633,29.69281578063965,13.541677594184875,22.97522735595703,24,91,0.148772731423378,2026,47,drop0,30,4,8,test,0,/Users/nyx.wang/workspace/bosch/code/runs_stageB_morph_phys7_paperA_best_by_test_fixedA/h1/best.pth
hunt,2000,h1,p1_h1_head_ln_lr3e-05_l21e+00_ep2000_ss47,stageB_best,head_ln,full,3e-05,0.0001,1.0,0.01,huber,1.0,0.4108786489130485,28.435007095336914,12.897126376628876,21.32276153564453,24,279,0.15364131331443787,2026,47,drop0,30,4,8,test,0,/Users/nyx.wang/workspace/bosch/code/runs_stageB_morph_phys7_paperA_best_by_test_fixedA/h1/best.pth
hunt,2000,h1,p1_h1_head_ln_lr1e-05_l21e+00_ep2000_ss47,stageB_best,head_ln,full,1e-05,0.0001,1.0,0.01,huber,1.0,0.39361771776682897,28.271827697753906,12.837348878383636,21.425514221191406,24,762,0.15609432756900787,2026,47,drop0,30,4,8,test,0,/Users/nyx.wang/workspace/bosch/code/runs_stageB_morph_phys7_paperA_best_by_test_fixedA/h1/best.pth
hunt,2000,h1,p1_h1_head_ln_lr1e-04_l21e+01_ep2000_ss48,stageB_best,head_ln,full,0.0001,0.0001,10.0,0.01,huber,1.0,0.35153144351953025,26.63714599609375,15.339146554470062,21.096336364746094,24,146,0.09627524763345718,2026,48,drop0,30,4,8,test,0,/Users/nyx.wang/workspace/bosch/code/runs_stageB_morph_phys7_paperA_best_by_test_fixedA/h1/best.pth
hunt,2000,h1,p1_h1_head_ln_lr3e-05_l21e+00_ep2000_ss48,stageB_best,head_ln,full,3e-05,0.0001,1.0,0.01,huber,1.0,0.3494917840900722,27.397974014282227,15.98164439201355,20.861312866210938,24,655,0.09905019402503967,2026,48,drop0,30,4,8,test,0,/Users/nyx.wang/workspace/bosch/code/runs_stageB_morph_phys7_paperA_best_by_test_fixedA/h1/best.pth
hunt,2000,h1,p1_h1_head_ln_lr1e-05_l21e+00_ep2000_ss48,stageB_best,head_ln,full,1e-05,0.0001,1.0,0.01,huber,1.0,0.3730325073988776,25.645254135131836,14.59728628396988,19.180953979492188,24,1545,0.10342094302177429,2026,48,drop0,30,4,8,test,0,/Users/nyx.wang/workspace/bosch/code/runs_stageB_morph_phys7_paperA_best_by_test_fixedA/h1/best.pth
hunt,2000,h1,p1_h1_head_ln_lr1e-04_l21e+01_ep2000_ss49,stageB_best,head_ln,full,0.0001,0.0001,10.0,0.01,huber,1.0,0.7230373530907014,25.814435958862305,13.783073425292969,17.21802520751953,24,782,0.5490965843200684,2026,49,drop0,30,4,8,test,0,/Users/nyx.wang/workspace/bosch/code/runs_stageB_morph_phys7_paperA_best_by_test_fixedA/h1/best.pth
hunt,2000,h1,p1_h1_head_ln_lr3e-05_l21e+00_ep2000_ss49,stageB_best,head_ln,full,3e-05,0.0001,1.0,0.01,huber,1.0,0.708181911198797,27.18353271484375,14.431865513324738,18.57373046875,24,1726,0.5836467146873474,2026,49,drop0,30,4,8,test,0,/Users/nyx.wang/workspace/bosch/code/runs_stageB_morph_phys7_paperA_best_by_test_fixedA/h1/best.pth
hunt,2000,h1,p1_h1_head_ln_lr1e-05_l21e+00_ep2000_ss49,stageB_best,head_ln,full,1e-05,0.0001,1.0,0.01,huber,1.0,0.6659928369796098,29.753982543945312,15.766380727291107,20.531166076660156,24,2000,0.6447473168373108,2026,49,drop0,30,4,8,test,0,/Users/nyx.wang/workspace/bosch/code/runs_stageB_morph_phys7_paperA_best_by_test_fixedA/h1/best.pth
hunt,2000,h1,p1_h1_head_ln_lr1e-04_l21e+01_ep2000_ss50,stageB_best,head_ln,full,0.0001,0.0001,10.0,0.01,huber,1.0,0.21013350220769855,29.548349380493164,14.244939386844635,23.52215576171875,24,1,0.5754755139350891,2026,50,drop0,30,4,8,test,0,/Users/nyx.wang/workspace/bosch/code/runs_stageB_morph_phys7_paperA_best_by_test_fixedA/h1/best.pth
hunt,2000,h1,p1_h1_head_ln_lr3e-05_l21e+00_ep2000_ss50,stageB_best,head_ln,full,3e-05,0.0001,1.0,0.01,huber,1.0,0.2390701691192677,29.385297775268555,13.97094875574112,21.05529022216797,24,1,0.5375325679779053,2026,50,drop0,30,4,8,test,0,/Users/nyx.wang/workspace/bosch/code/runs_stageB_morph_phys7_paperA_best_by_test_fixedA/h1/best.pth
hunt,2000,h1,p1_h1_head_ln_lr1e-05_l21e+00_ep2000_ss50,stageB_best,head_ln,full,1e-05,0.0001,1.0,0.01,huber,1.0,0.24469677710469317,29.366342544555664,13.898526132106781,20.864456176757812,24,1,0.525907039642334,2026,50,drop0,30,4,8,test,0,/Users/nyx.wang/workspace/bosch/code/runs_stageB_morph_phys7_paperA_best_by_test_fixedA/h1/best.pth
hunt,2000,h1,p1_h1_head_ln_lr1e-04_l21e+01_ep2000_ss51,stageB_best,head_ln,full,0.0001,0.0001,10.0,0.01,huber,1.0,-0.14020246105066025,47.239593505859375,23.705434799194336,36.21577453613281,24,961,0.16617411375045776,2026,51,drop0,30,4,8,test,0,/Users/nyx.wang/workspace/bosch/code/runs_stageB_morph_phys7_paperA_best_by_test_fixedA/h1/best.pth
hunt,2000,h1,p1_h1_head_ln_lr3e-05_l21e+00_ep2000_ss51,stageB_best,head_ln,full,3e-05,0.0001,1.0,0.01,huber,1.0,-0.20967292685758077,48.07403564453125,24.168531596660614,36.077613830566406,24,1419,0.1751091331243515,2026,51,drop0,30,4,8,test,0,/Users/nyx.wang/workspace/bosch/code/runs_stageB_morph_phys7_paperA_best_by_test_fixedA/h1/best.pth
hunt,2000,h1,p1_h1_head_ln_lr1e-05_l21e+00_ep2000_ss51,stageB_best,head_ln,full,1e-05,0.0001,1.0,0.01,huber,1.0,-0.24098362866984901,48.398799896240234,24.827079474925995,36.571617126464844,24,2000,0.21890099346637726,2026,51,drop0,30,4,8,test,0,/Users/nyx.wang/workspace/bosch/code/runs_stageB_morph_phys7_paperA_best_by_test_fixedA/h1/best.pth
hunt,2000,h1,p1_h1_head_ln_lr1e-04_l21e+01_ep2000_ss52,stageB_best,head_ln,full,0.0001,0.0001,10.0,0.01,huber,1.0,0.41357146435688374,28.390371322631836,12.438485771417618,20.826492309570312,24,1400,0.2027427703142166,2026,52,drop0,30,4,8,test,0,/Users/nyx.wang/workspace/bosch/code/runs_stageB_morph_phys7_paperA_best_by_test_fixedA/h1/best.pth
hunt,2000,h1,p1_h1_head_ln_lr3e-05_l21e+00_ep2000_ss52,stageB_best,head_ln,full,3e-05,0.0001,1.0,0.01,huber,1.0,0.5648659154681728,24.519006729125977,10.69284975528717,18.406455993652344,24,29,0.20272792875766754,2026,52,drop0,30,4,8,test,0,/Users/nyx.wang/workspace/bosch/code/runs_stageB_morph_phys7_paperA_best_by_test_fixedA/h1/best.pth
hunt,2000,h1,p1_h1_head_ln_lr1e-05_l21e+00_ep2000_ss52,stageB_best,head_ln,full,1e-05,0.0001,1.0,0.01,huber,1.0,0.5341691322118324,26.252418518066406,11.342346668243408,19.98895263671875,24,54,0.20609426498413086,2026,52,drop0,30,4,8,test,0,/Users/nyx.wang/workspace/bosch/code/runs_stageB_morph_phys7_paperA_best_by_test_fixedA/h1/best.pth
hunt,2000,h1,p1_h1_head_ln_lr1e-04_l21e+01_ep2000_ss53,stageB_best,head_ln,full,0.0001,0.0001,10.0,0.01,huber,1.0,-0.34752473906734216,45.93574523925781,19.732923805713654,43.29597473144531,24,7,0.9010534286499023,2026,53,drop0,30,4,8,test,0,/Users/nyx.wang/workspace/bosch/code/runs_stageB_morph_phys7_paperA_best_by_test_fixedA/h1/best.pth
hunt,2000,h1,p1_h1_head_ln_lr3e-05_l21e+00_ep2000_ss53,stageB_best,head_ln,full,3e-05,0.0001,1.0,0.01,huber,1.0,-0.2993949821483384,44.60392379760742,19.017386436462402,42.53926086425781,24,14,0.910244882106781,2026,53,drop0,30,4,8,test,0,/Users/nyx.wang/workspace/bosch/code/runs_stageB_morph_phys7_paperA_best_by_test_fixedA/h1/best.pth
hunt,2000,h1,p1_h1_head_ln_lr1e-05_l21e+00_ep2000_ss53,stageB_best,head_ln,full,1e-05,0.0001,1.0,0.01,huber,1.0,-0.3034723073545804,44.728485107421875,19.094713032245636,42.551551818847656,24,48,0.9070737361907959,2026,53,drop0,30,4,8,test,0,/Users/nyx.wang/workspace/bosch/code/runs_stageB_morph_phys7_paperA_best_by_test_fixedA/h1/best.pth
hunt,2000,h1,p1_h1_head_ln_lr1e-04_l21e+01_ep2000_ss54,stageB_best,head_ln,full,0.0001,0.0001,10.0,0.01,huber,1.0,0.5261918793793314,20.88526153564453,10.999902337789536,19.207244873046875,24,350,0.02923089824616909,2026,54,drop0,30,4,8,test,0,/Users/nyx.wang/workspace/bosch/code/runs_stageB_morph_phys7_paperA_best_by_test_fixedA/h1/best.pth
hunt,2000,h1,p1_h1_head_ln_lr3e-05_l21e+00_ep2000_ss54,stageB_best,head_ln,full,3e-05,0.0001,1.0,0.01,huber,1.0,0.4908135105080963,22.21370506286621,11.723164469003677,19.58411407470703,24,1320,0.030289938673377037,2026,54,drop0,30,4,8,test,0,/Users/nyx.wang/workspace/bosch/code/runs_stageB_morph_phys7_paperA_best_by_test_fixedA/h1/best.pth
hunt,2000,h1,p1_h1_head_ln_lr1e-05_l21e+00_ep2000_ss54,stageB_best,head_ln,full,1e-05,0.0001,1.0,0.01,huber,1.0,0.42682746918996883,23.584808349609375,12.544961273670197,23.574127197265625,24,2000,0.04705433547496796,2026,54,drop0,30,4,8,test,0,/Users/nyx.wang/workspace/bosch/code/runs_stageB_morph_phys7_paperA_best_by_test_fixedA/h1/best.pth
hunt,2000,h1,p1_h1_head_ln_lr1e-04_l21e+01_ep2000_ss55,stageB_best,head_ln,full,0.0001,0.0001,10.0,0.01,huber,1.0,0.7733356880708495,18.97840690612793,9.047899395227432,19.844070434570312,24,352,0.46682143211364746,2026,55,drop0,30,4,8,test,0,/Users/nyx.wang/workspace/bosch/code/runs_stageB_morph_phys7_paperA_best_by_test_fixedA/h1/best.pth
hunt,2000,h1,p1_h1_head_ln_lr3e-05_l21e+00_ep2000_ss55,stageB_best,head_ln,full,3e-05,0.0001,1.0,0.01,huber,1.0,0.6823574880896355,21.171724319458008,9.450066089630127,19.978012084960938,24,1,0.4439496695995331,2026,55,drop0,30,4,8,test,0,/Users/nyx.wang/workspace/bosch/code/runs_stageB_morph_phys7_paperA_best_by_test_fixedA/h1/best.pth
hunt,2000,h1,p1_h1_head_ln_lr1e-05_l21e+00_ep2000_ss55,stageB_best,head_ln,full,1e-05,0.0001,1.0,0.01,huber,1.0,0.6829582178879261,21.37375831604004,9.511152654886246,18.30132293701172,24,1,0.43589863181114197,2026,55,drop0,30,4,8,test,0,/Users/nyx.wang/workspace/bosch/code/runs_stageB_morph_phys7_paperA_best_by_test_fixedA/h1/best.pth
hunt,2000,h1,p1_h1_head_ln_lr1e-04_l21e+01_ep2000_ss56,stageB_best,head_ln,full,0.0001,0.0001,10.0,0.01,huber,1.0,0.6405425166152819,17.18411636352539,7.3599740862846375,12.481452941894531,24,859,0.0815918818116188,2026,56,drop0,30,4,8,test,0,/Users/nyx.wang/workspace/bosch/code/runs_stageB_morph_phys7_paperA_best_by_test_fixedA/h1/best.pth
hunt,2000,h1,p1_h1_head_ln_lr3e-05_l21e+00_ep2000_ss56,stageB_best,head_ln,full,3e-05,0.0001,1.0,0.01,huber,1.0,0.1267943011281908,26.817651748657227,12.275578826665878,20.619003295898438,24,103,0.08500485867261887,2026,56,drop0,30,4,8,test,0,/Users/nyx.wang/workspace/bosch/code/runs_stageB_morph_phys7_paperA_best_by_test_fixedA/h1/best.pth
hunt,2000,h1,p1_h1_head_ln_lr1e-05_l21e+00_ep2000_ss56,stageB_best,head_ln,full,1e-05,0.0001,1.0,0.01,huber,1.0,0.06586472245783193,27.64484214782715,12.717799842357635,23.178436279296875,24,188,0.08631134033203125,2026,56,drop0,30,4,8,test,0,/Users/nyx.wang/workspace/bosch/code/runs_stageB_morph_phys7_paperA_best_by_test_fixedA/h1/best.pth
hunt,2000,h1,p1_h1_head_ln_lr1e-04_l21e+01_ep2000_ss57,stageB_best,head_ln,full,0.0001,0.0001,10.0,0.01,huber,1.0,0.6298394710127078,27.747175216674805,15.206669270992279,24.475379943847656,24,2,0.1048855185508728,2026,57,drop0,30,4,8,test,0,/Users/nyx.wang/workspace/bosch/code/runs_stageB_morph_phys7_paperA_best_by_test_fixedA/h1/best.pth
hunt,2000,h1,p1_h1_head_ln_lr3e-05_l21e+00_ep2000_ss57,stageB_best,head_ln,full,3e-05,0.0001,1.0,0.01,huber,1.0,0.6293305026805533,28.0272159576416,15.193934738636017,24.681175231933594,24,9,0.10623500496149063,2026,57,drop0,30,4,8,test,0,/Users/nyx.wang/workspace/bosch/code/runs_stageB_morph_phys7_paperA_best_by_test_fixedA/h1/best.pth
hunt,2000,h1,p1_h1_head_ln_lr1e-05_l21e+00_ep2000_ss57,stageB_best,head_ln,full,1e-05,0.0001,1.0,0.01,huber,1.0,0.6299976531947269,27.87757682800293,15.227007865905762,24.69915771484375,24,31,0.10636627674102783,2026,57,drop0,30,4,8,test,0,/Users/nyx.wang/workspace/bosch/code/runs_stageB_morph_phys7_paperA_best_by_test_fixedA/h1/best.pth
hunt,2000,h1,p1_h1_head_ln_lr1e-04_l21e+01_ep2000_ss58,stageB_best,head_ln,full,0.0001,0.0001,10.0,0.01,huber,1.0,0.23718543539125325,21.067062377929688,9.432363510131836,15.043617248535156,24,3,0.15620917081832886,2026,58,drop0,30,4,8,test,0,/Users/nyx.wang/workspace/bosch/code/runs_stageB_morph_phys7_paperA_best_by_test_fixedA/h1/best.pth
hunt,2000,h1,p1_h1_head_ln_lr3e-05_l21e+00_ep2000_ss58,stageB_best,head_ln,full,3e-05,0.0001,1.0,0.01,huber,1.0,0.2421744111061782,21.067968368530273,9.428787231445312,14.751274108886719,24,13,0.1566668301820755,2026,58,drop0,30,4,8,test,0,/Users/nyx.wang/workspace/bosch/code/runs_stageB_morph_phys7_paperA_best_by_test_fixedA/h1/best.pth
hunt,2000,h1,p1_h1_head_ln_lr1e-05_l21e+00_ep2000_ss58,stageB_best,head_ln,full,1e-05,0.0001,1.0,0.01,huber,1.0,0.24796062727390877,21.10588264465332,9.436991065740585,14.80389404296875,24,57,0.15735210478305817,2026,58,drop0,30,4,8,test,0,/Users/nyx.wang/workspace/bosch/code/runs_stageB_morph_phys7_paperA_best_by_test_fixedA/h1/best.pth
hunt,2000,h1,p1_h1_head_ln_lr1e-04_l21e+01_ep2000_ss59,stageB_best,head_ln,full,0.0001,0.0001,10.0,0.01,huber,1.0,0.266404038496442,47.66351318359375,22.549712657928467,43.69441223144531,24,8,0.23355107009410858,2026,59,drop0,30,4,8,test,0,/Users/nyx.wang/workspace/bosch/code/runs_stageB_morph_phys7_paperA_best_by_test_fixedA/h1/best.pth
hunt,2000,h1,p1_h1_head_ln_lr3e-05_l21e+00_ep2000_ss59,stageB_best,head_ln,full,3e-05,0.0001,1.0,0.01,huber,1.0,0.2672790244869587,48.009246826171875,22.58540540933609,44.66663360595703,24,17,0.23345082998275757,2026,59,drop0,30,4,8,test,0,/Users/nyx.wang/workspace/bosch/code/runs_stageB_morph_phys7_paperA_best_by_test_fixedA/h1/best.pth
hunt,2000,h1,p1_h1_head_ln_lr1e-05_l21e+00_ep2000_ss59,stageB_best,head_ln,full,1e-05,0.0001,1.0,0.01,huber,1.0,0.2666980537922973,48.015869140625,22.588758170604706,44.429466247558594,24,56,0.23419032990932465,2026,59,drop0,30,4,8,test,0,/Users/nyx.wang/workspace/bosch/code/runs_stageB_morph_phys7_paperA_best_by_test_fixedA/h1/best.pth
hunt,2000,h1,p1_h1_head_ln_lr1e-04_l21e+01_ep2000_ss60,stageB_best,head_ln,full,0.0001,0.0001,10.0,0.01,huber,1.0,0.04088820926680903,43.384246826171875,21.437929570674896,32.866676330566406,24,243,0.052899327129125595,2026,60,drop0,30,4,8,test,0,/Users/nyx.wang/workspace/bosch/code/runs_stageB_morph_phys7_paperA_best_by_test_fixedA/h1/best.pth
hunt,2000,h1,p1_h1_head_ln_lr3e-05_l21e+00_ep2000_ss60,stageB_best,head_ln,full,3e-05,0.0001,1.0,0.01,huber,1.0,0.04164292770913203,43.162723541259766,21.181674301624298,30.99462890625,24,836,0.05643506720662117,2026,60,drop0,30,4,8,test,0,/Users/nyx.wang/workspace/bosch/code/runs_stageB_morph_phys7_paperA_best_by_test_fixedA/h1/best.pth
hunt,2000,h1,p1_h1_head_ln_lr1e-05_l21e+00_ep2000_ss60,stageB_best,head_ln,full,1e-05,0.0001,1.0,0.01,huber,1.0,0.08780281361428999,41.24264907836914,20.301873981952667,26.01435089111328,24,1955,0.06392963975667953,2026,60,drop0,30,4,8,test,0,/Users/nyx.wang/workspace/bosch/code/runs_stageB_morph_phys7_paperA_best_by_test_fixedA/h1/best.pth
hunt,2000,h1,p1_h1_head_ln_lr1e-04_l21e+01_ep2000_ss61,stageB_best,head_ln,full,0.0001,0.0001,10.0,0.01,huber,1.0,0.11803025527813926,42.14877700805664,20.728476345539093,21.037384033203125,24,104,0.1566106528043747,2026,61,drop0,30,4,8,test,0,/Users/nyx.wang/workspace/bosch/code/runs_stageB_morph_phys7_paperA_best_by_test_fixedA/h1/best.pth
hunt,2000,h1,p1_h1_head_ln_lr3e-05_l21e+00_ep2000_ss61,stageB_best,head_ln,full,3e-05,0.0001,1.0,0.01,huber,1.0,0.10545263775746938,41.96194839477539,20.567531883716583,20.07025909423828,24,375,0.15815091133117676,2026,61,drop0,30,4,8,test,0,/Users/nyx.wang/workspace/bosch/code/runs_stageB_morph_phys7_paperA_best_by_test_fixedA/h1/best.pth
hunt,2000,h1,p1_h1_head_ln_lr1e-05_l21e+00_ep2000_ss61,stageB_best,head_ln,full,1e-05,0.0001,1.0,0.01,huber,1.0,0.10895406609973235,41.7673225402832,20.451180636882782,19.80029296875,24,1734,0.1583283692598343,2026,61,drop0,30,4,8,test,0,/Users/nyx.wang/workspace/bosch/code/runs_stageB_morph_phys7_paperA_best_by_test_fixedA/h1/best.pth
hunt,2000,h1,p1_h1_head_ln_lr1e-04_l21e+01_ep2000_ss62,stageB_best,head_ln,full,0.0001,0.0001,10.0,0.01,huber,1.0,0.4437200565356333,47.914337158203125,23.423580825328827,20.617538452148438,24,329,0.2797520160675049,2026,62,drop0,30,4,8,test,0,/Users/nyx.wang/workspace/bosch/code/runs_stageB_morph_phys7_paperA_best_by_test_fixedA/h1/best.pth
hunt,2000,h1,p1_h1_head_ln_lr3e-05_l21e+00_ep2000_ss62,stageB_best,head_ln,full,3e-05,0.0001,1.0,0.01,huber,1.0,0.42451486009294936,49.3106803894043,24.097736179828644,21.31212615966797,24,731,0.3127913177013397,2026,62,drop0,30,4,8,test,0,/Users/nyx.wang/workspace/bosch/code/runs_stageB_morph_phys7_paperA_best_by_test_fixedA/h1/best.pth
hunt,2000,h1,p1_h1_head_ln_lr1e-05_l21e+00_ep2000_ss62,stageB_best,head_ln,full,1e-05,0.0001,1.0,0.01,huber,1.0,0.3746701664377863,54.27387619018555,23.55920523405075,34.558616638183594,24,1,0.3084798753261566,2026,62,drop0,30,4,8,test,0,/Users/nyx.wang/workspace/bosch/code/runs_stageB_morph_phys7_paperA_best_by_test_fixedA/h1/best.pth
hunt,2000,h1,p1_h1_head_ln_lr1e-04_l21e+01_ep2000_ss63,stageB_best,head_ln,full,0.0001,0.0001,10.0,0.01,huber,1.0,0.6988054325245461,33.12312698364258,11.070829629898071,22.60809326171875,24,889,0.10209263116121292,2026,63,drop0,30,4,8,test,0,/Users/nyx.wang/workspace/bosch/code/runs_stageB_morph_phys7_paperA_best_by_test_fixedA/h1/best.pth
hunt,2000,h1,p1_h1_head_ln_lr3e-05_l21e+00_ep2000_ss63,stageB_best,head_ln,full,3e-05,0.0001,1.0,0.01,huber,1.0,0.689031001511268,33.8149528503418,11.303146928548813,23.16229248046875,24,1507,0.13467371463775635,2026,63,drop0,30,4,8,test,0,/Users/nyx.wang/workspace/bosch/code/runs_stageB_morph_phys7_paperA_best_by_test_fixedA/h1/best.pth
hunt,2000,h1,p1_h1_head_ln_lr1e-05_l21e+00_ep2000_ss63,stageB_best,head_ln,full,1e-05,0.0001,1.0,0.01,huber,1.0,0.48549309460687984,45.32236862182617,15.331791341304779,34.33027648925781,24,1,0.1631520837545395,2026,63,drop0,30,4,8,test,0,/Users/nyx.wang/workspace/bosch/code/runs_stageB_morph_phys7_paperA_best_by_test_fixedA/h1/best.pth
hunt,2000,h1,p1_h1_head_ln_lr1e-04_l21e+01_ep2000_ss64,stageB_best,head_ln,full,0.0001,0.0001,10.0,0.01,huber,1.0,0.05063034910483777,44.63019943237305,20.172548294067383,27.98193359375,24,1,0.11670675128698349,2026,64,drop0,30,4,8,test,0,/Users/nyx.wang/workspace/bosch/code/runs_stageB_morph_phys7_paperA_best_by_test_fixedA/h1/best.pth
hunt,2000,h1,p1_h1_head_ln_lr3e-05_l21e+00_ep2000_ss64,stageB_best,head_ln,full,3e-05,0.0001,1.0,0.01,huber,1.0,0.05532183032996174,44.89002990722656,20.11050581932068,29.833114624023438,24,1,0.11384829133749008,2026,64,drop0,30,4,8,test,0,/Users/nyx.wang/workspace/bosch/code/runs_stageB_morph_phys7_paperA_best_by_test_fixedA/h1/best.pth
hunt,2000,h1,p1_h1_head_ln_lr1e-05_l21e+00_ep2000_ss64,stageB_best,head_ln,full,1e-05,0.0001,1.0,0.01,huber,1.0,0.056031454974241,44.96628952026367,20.091651380062103,30.580116271972656,24,1,0.11338859051465988,2026,64,drop0,30,4,8,test,0,/Users/nyx.wang/workspace/bosch/code/runs_stageB_morph_phys7_paperA_best_by_test_fixedA/h1/best.pth
hunt,2000,h1,p1_h1_head_ln_lr1e-04_l21e+01_ep2000_ss65,stageB_best,head_ln,full,0.0001,0.0001,10.0,0.01,huber,1.0,0.49159889874038354,24.62192726135254,11.841999739408493,24.47046661376953,24,9,0.029561737552285194,2026,65,drop0,30,4,8,test,0,/Users/nyx.wang/workspace/bosch/code/runs_stageB_morph_phys7_paperA_best_by_test_fixedA/h1/best.pth
hunt,2000,h1,p1_h1_head_ln_lr3e-05_l21e+00_ep2000_ss65,stageB_best,head_ln,full,3e-05,0.0001,1.0,0.01,huber,1.0,0.5287406841064768,23.860628128051758,11.396177858114243,22.01421356201172,24,51,0.03274160251021385,2026,65,drop0,30,4,8,test,0,/Users/nyx.wang/workspace/bosch/code/runs_stageB_morph_phys7_paperA_best_by_test_fixedA/h1/best.pth
hunt,2000,h1,p1_h1_head_ln_lr1e-05_l21e+00_ep2000_ss65,stageB_best,head_ln,full,1e-05,0.0001,1.0,0.01,huber,1.0,0.5419241958010268,23.605504989624023,11.258945614099503,21.307960510253906,24,210,0.033202435821294785,2026,65,drop0,30,4,8,test,0,/Users/nyx.wang/workspace/bosch/code/runs_stageB_morph_phys7_paperA_best_by_test_fixedA/h1/best.pth
hunt,2000,h1,p1_h1_head_ln_lr1e-04_l21e+01_ep2000_ss66,stageB_best,head_ln,full,0.0001,0.0001,10.0,0.01,huber,1.0,0.6564290470301739,21.9274845123291,10.827478021383286,19.638229370117188,24,425,0.09878747910261154,2026,66,drop0,30,4,8,test,0,/Users/nyx.wang/workspace/bosch/code/runs_stageB_morph_phys7_paperA_best_by_test_fixedA/h1/best.pth
hunt,2000,h1,p1_h1_head_ln_lr3e-05_l21e+00_ep2000_ss66,stageB_best,head_ln,full,3e-05,0.0001,1.0,0.01,huber,1.0,0.6961006304745221,20.047204971313477,9.797082096338272,18.232498168945312,24,1305,0.10465153306722641,2026,66,drop0,30,4,8,test,0,/Users/nyx.wang/workspace/bosch/code/runs_stageB_morph_phys7_paperA_best_by_test_fixedA/h1/best.pth
hunt,2000,h1,p1_h1_head_ln_lr1e-05_l21e+00_ep2000_ss66,stageB_best,head_ln,full,1e-05,0.0001,1.0,0.01,huber,1.0,0.6261084535443251,22.54044532775879,11.214419454336166,22.354171752929688,24,1989,0.14833639562129974,2026,66,drop0,30,4,8,test,0,/Users/nyx.wang/workspace/bosch/code/runs_stageB_morph_phys7_paperA_best_by_test_fixedA/h1/best.pth
hunt,2000,h1,p1_h1_head_ln_lr1e-04_l21e+01_ep2000_ss67,stageB_best,head_ln,full,0.0001,0.0001,10.0,0.01,huber,1.0,0.5214900964448502,40.67277526855469,17.687131464481354,21.40570831298828,24,9,0.37650159001350403,2026,67,drop0,30,4,8,test,0,/Users/nyx.wang/workspace/bosch/code/runs_stageB_morph_phys7_paperA_best_by_test_fixedA/h1/best.pth
hunt,2000,h1,p1_h1_head_ln_lr3e-05_l21e+00_ep2000_ss67,stageB_best,head_ln,full,3e-05,0.0001,1.0,0.01,huber,1.0,0.5229696389867005,40.49070358276367,17.541086673736572,21.142807006835938,24,25,0.3800486624240875,2026,67,drop0,30,4,8,test,0,/Users/nyx.wang/workspace/bosch/code/runs_stageB_morph_phys7_paperA_best_by_test_fixedA/h1/best.pth
hunt,2000,h1,p1_h1_head_ln_lr1e-05_l21e+00_ep2000_ss67,stageB_best,head_ln,full,1e-05,0.0001,1.0,0.01,huber,1.0,0.5268801457490598,40.25953674316406,17.413920164108276,20.364959716796875,24,78,0.3824935257434845,2026,67,drop0,30,4,8,test,0,/Users/nyx.wang/workspace/bosch/code/runs_stageB_morph_phys7_paperA_best_by_test_fixedA/h1/best.pth
hunt,2000,h1,p1_h1_head_ln_lr1e-04_l21e+01_ep2000_ss68,stageB_best,head_ln,full,0.0001,0.0001,10.0,0.01,huber,1.0,-0.8237876200049559,45.44358444213867,21.803051233291626,25.177154541015625,24,807,0.16552110016345978,2026,68,drop0,30,4,8,test,0,/Users/nyx.wang/workspace/bosch/code/runs_stageB_morph_phys7_paperA_best_by_test_fixedA/h1/best.pth
hunt,2000,h1,p1_h1_head_ln_lr3e-05_l21e+00_ep2000_ss68,stageB_best,head_ln,full,3e-05,0.0001,1.0,0.01,huber,1.0,-0.632049819711924,40.844940185546875,19.49426978826523,20.79608154296875,24,124,0.1693592518568039,2026,68,drop0,30,4,8,test,0,/Users/nyx.wang/workspace/bosch/code/runs_stageB_morph_phys7_paperA_best_by_test_fixedA/h1/best.pth
hunt,2000,h1,p1_h1_head_ln_lr1e-05_l21e+00_ep2000_ss68,stageB_best,head_ln,full,1e-05,0.0001,1.0,0.01,huber,1.0,-0.6661495327857734,41.26182556152344,19.68737244606018,20.30291748046875,24,427,0.16929368674755096,2026,68,drop0,30,4,8,test,0,/Users/nyx.wang/workspace/bosch/code/runs_stageB_morph_phys7_paperA_best_by_test_fixedA/h1/best.pth
hunt,2000,h1,p1_h1_head_ln_lr1e-04_l21e+01_ep2000_ss69,stageB_best,head_ln,full,0.0001,0.0001,10.0,0.01,huber,1.0,0.5747717442328627,20.900327682495117,9.850942343473434,12.994796752929688,24,1,0.49663257598876953,2026,69,drop0,30,4,8,test,0,/Users/nyx.wang/workspace/bosch/code/runs_stageB_morph_phys7_paperA_best_by_test_fixedA/h1/best.pth
hunt,2000,h1,p1_h1_head_ln_lr3e-05_l21e+00_ep2000_ss69,stageB_best,head_ln,full,3e-05,0.0001,1.0,0.01,huber,1.0,0.5579543915867264,21.199132919311523,9.87468957901001,13.9818115234375,24,1,0.4937618672847748,2026,69,drop0,30,4,8,test,0,/Users/nyx.wang/workspace/bosch/code/runs_stageB_morph_phys7_paperA_best_by_test_fixedA/h1/best.pth
hunt,2000,h1,p1_h1_head_ln_lr1e-05_l21e+00_ep2000_ss69,stageB_best,head_ln,full,1e-05,0.0001,1.0,0.01,huber,1.0,0.552181328155669,21.28537940979004,9.88144651055336,14.468521118164062,24,1,0.49304890632629395,2026,69,drop0,30,4,8,test,0,/Users/nyx.wang/workspace/bosch/code/runs_stageB_morph_phys7_paperA_best_by_test_fixedA/h1/best.pth
hunt,2000,h1,p1_h1_head_ln_lr1e-04_l21e+01_ep2000_ss70,stageB_best,head_ln,full,0.0001,0.0001,10.0,0.01,huber,1.0,0.36537694959101064,49.69725036621094,20.775799453258514,29.72930908203125,24,52,0.12583689391613007,2026,70,drop0,30,4,8,test,0,/Users/nyx.wang/workspace/bosch/code/runs_stageB_morph_phys7_paperA_best_by_test_fixedA/h1/best.pth
hunt,2000,h1,p1_h1_head_ln_lr3e-05_l21e+00_ep2000_ss70,stageB_best,head_ln,full,3e-05,0.0001,1.0,0.01,huber,1.0,0.4582541143977429,45.85441589355469,19.30098980665207,26.94610595703125,24,430,0.13314059376716614,2026,70,drop0,30,4,8,test,0,/Users/nyx.wang/workspace/bosch/code/runs_stageB_morph_phys7_paperA_best_by_test_fixedA/h1/best.pth
hunt,2000,h1,p1_h1_head_ln_lr1e-05_l21e+00_ep2000_ss70,stageB_best,head_ln,full,1e-05,0.0001,1.0,0.01,huber,1.0,0.35651354109487043,49.9893798828125,20.803271234035492,30.986862182617188,24,450,0.1355939656496048,2026,70,drop0,30,4,8,test,0,/Users/nyx.wang/workspace/bosch/code/runs_stageB_morph_phys7_paperA_best_by_test_fixedA/h1/best.pth
hunt,2000,h1,p1_h1_head_ln_lr1e-04_l21e+01_ep2000_ss71,stageB_best,head_ln,full,0.0001,0.0001,10.0,0.01,huber,1.0,-0.28707225696582794,34.36315155029297,16.86270833015442,15.287239074707031,24,1458,0.2974661588668823,2026,71,drop0,30,4,8,test,0,/Users/nyx.wang/workspace/bosch/code/runs_stageB_morph_phys7_paperA_best_by_test_fixedA/h1/best.pth
hunt,2000,h1,p1_h1_head_ln_lr3e-05_l21e+00_ep2000_ss71,stageB_best,head_ln,full,3e-05,0.0001,1.0,0.01,huber,1.0,-0.35465637924107085,35.32987594604492,17.3195481300354,17.394210815429688,24,1995,0.3238058090209961,2026,71,drop0,30,4,8,test,0,/Users/nyx.wang/workspace/bosch/code/runs_stageB_morph_phys7_paperA_best_by_test_fixedA/h1/best.pth
hunt,2000,h1,p1_h1_head_ln_lr1e-05_l21e+00_ep2000_ss71,stageB_best,head_ln,full,1e-05,0.0001,1.0,0.01,huber,1.0,-0.4950777534133777,38.53117752075195,19.218938052654266,22.33515167236328,24,1995,0.36336711049079895,2026,71,drop0,30,4,8,test,0,/Users/nyx.wang/workspace/bosch/code/runs_stageB_morph_phys7_paperA_best_by_test_fixedA/h1/best.pth
hunt,2000,h1,p1_h1_head_ln_lr1e-04_l21e+01_ep2000_ss72,stageB_best,head_ln,full,0.0001,0.0001,10.0,0.01,huber,1.0,0.36800478829799677,27.97547149658203,11.608610302209854,17.019996643066406,24,1,0.1106138527393341,2026,72,drop0,30,4,8,test,0,/Users/nyx.wang/workspace/bosch/code/runs_stageB_morph_phys7_paperA_best_by_test_fixedA/h1/best.pth
hunt,2000,h1,p1_h1_head_ln_lr3e-05_l21e+00_ep2000_ss72,stageB_best,head_ln,full,3e-05,0.0001,1.0,0.01,huber,1.0,0.3719856547075234,28.1085262298584,11.584342271089554,17.33514404296875,24,3,0.11138173192739487,2026,72,drop0,30,4,8,test,0,/Users/nyx.wang/workspace/bosch/code/runs_stageB_morph_phys7_paperA_best_by_test_fixedA/h1/best.pth
hunt,2000,h1,p1_h1_head_ln_lr1e-05_l21e+00_ep2000_ss72,stageB_best,head_ln,full,1e-05,0.0001,1.0,0.01,huber,1.0,0.37695708864244315,27.957807540893555,11.53847798705101,17.046463012695312,24,15,0.11143035441637039,2026,72,drop0,30,4,8,test,0,/Users/nyx.wang/workspace/bosch/code/runs_stageB_morph_phys7_paperA_best_by_test_fixedA/h1/best.pth
hunt,2000,h1,p1_h1_head_ln_lr1e-04_l21e+01_ep2000_ss73,stageB_best,head_ln,full,0.0001,0.0001,10.0,0.01,huber,1.0,0.2569473501950398,25.2686710357666,10.879015922546387,23.47325897216797,24,1,0.3890267312526703,2026,73,drop0,30,4,8,test,0,/Users/nyx.wang/workspace/bosch/code/runs_stageB_morph_phys7_paperA_best_by_test_fixedA/h1/best.pth
hunt,2000,h1,p1_h1_head_ln_lr3e-05_l21e+00_ep2000_ss73,stageB_best,head_ln,full,3e-05,0.0001,1.0,0.01,huber,1.0,0.1122886280933213,27.970932006835938,11.89911961555481,26.49237823486328,24,1,0.372913122177124,2026,73,drop0,30,4,8,test,0,/Users/nyx.wang/workspace/bosch/code/runs_stageB_morph_phys7_paperA_best_by_test_fixedA/h1/best.pth
hunt,2000,h1,p1_h1_head_ln_lr1e-05_l21e+00_ep2000_ss73,stageB_best,head_ln,full,1e-05,0.0001,1.0,0.01,huber,1.0,0.05999981610402916,28.906112670898438,12.25736141204834,26.594009399414062,24,1,0.3690626323223114,2026,73,drop0,30,4,8,test,0,/Users/nyx.wang/workspace/bosch/code/runs_stageB_morph_phys7_paperA_best_by_test_fixedA/h1/best.pth
hunt,2000,h1,p1_h1_head_ln_lr1e-04_l21e+01_ep2000_ss74,stageB_best,head_ln,full,0.0001,0.0001,10.0,0.01,huber,1.0,0.7087485927468566,23.407472610473633,10.114849358797073,13.878494262695312,24,13,0.14466458559036255,2026,74,drop0,30,4,8,test,0,/Users/nyx.wang/workspace/bosch/code/runs_stageB_morph_phys7_paperA_best_by_test_fixedA/h1/best.pth
hunt,2000,h1,p1_h1_head_ln_lr3e-05_l21e+00_ep2000_ss74,stageB_best,head_ln,full,3e-05,0.0001,1.0,0.01,huber,1.0,0.7114465040958251,23.061195373535156,9.964972734451294,14.920570373535156,24,80,0.14955058693885803,2026,74,drop0,30,4,8,test,0,/Users/nyx.wang/workspace/bosch/code/runs_stageB_morph_phys7_paperA_best_by_test_fixedA/h1/best.pth
hunt,2000,h1,p1_h1_head_ln_lr1e-05_l21e+00_ep2000_ss74,stageB_best,head_ln,full,1e-05,0.0001,1.0,0.01,huber,1.0,0.7030411881442515,23.522878646850586,10.047030448913574,16.42266082763672,24,166,0.15575848519802094,2026,74,drop0,30,4,8,test,0,/Users/nyx.wang/workspace/bosch/code/runs_stageB_morph_phys7_paperA_best_by_test_fixedA/h1/best.pth
hunt,2000,h1,p1_h1_head_ln_lr1e-04_l21e+01_ep2000_ss75,stageB_best,head_ln,full,0.0001,0.0001,10.0,0.01,huber,1.0,0.24180571339917767,37.26577377319336,14.91239219903946,24.282493591308594,24,1687,0.07121030986309052,2026,75,drop0,30,4,8,test,0,/Users/nyx.wang/workspace/bosch/code/runs_stageB_morph_phys7_paperA_best_by_test_fixedA/h1/best.pth
hunt,2000,h1,p1_h1_head_ln_lr3e-05_l21e+00_ep2000_ss75,stageB_best,head_ln,full,3e-05,0.0001,1.0,0.01,huber,1.0,0.20624129281002312,37.9653205871582,14.9699866771698,28.564712524414062,24,1968,0.09319966286420822,2026,75,drop0,30,4,8,test,0,/Users/nyx.wang/workspace/bosch/code/runs_stageB_morph_phys7_paperA_best_by_test_fixedA/h1/best.pth
hunt,2000,h1,p1_h1_head_ln_lr1e-05_l21e+00_ep2000_ss75,stageB_best,head_ln,full,1e-05,0.0001,1.0,0.01,huber,1.0,0.20768805471248886,40.94698715209961,15.67925214767456,31.016403198242188,24,147,0.11488311737775803,2026,75,drop0,30,4,8,test,0,/Users/nyx.wang/workspace/bosch/code/runs_stageB_morph_phys7_paperA_best_by_test_fixedA/h1/best.pth
hunt,2000,h1,p1_h1_head_ln_lr1e-04_l21e+01_ep2000_ss76,stageB_best,head_ln,full,0.0001,0.0001,10.0,0.01,huber,1.0,0.47444695363875555,29.736228942871094,18.356536328792572,22.514358520507812,24,528,0.05911597982048988,2026,76,drop0,30,4,8,test,0,/Users/nyx.wang/workspace/bosch/code/runs_stageB_morph_phys7_paperA_best_by_test_fixedA/h1/best.pth
hunt,2000,h1,p1_h1_head_ln_lr3e-05_l21e+00_ep2000_ss76,stageB_best,head_ln,full,3e-05,0.0001,1.0,0.01,huber,1.0,0.5175162414226917,27.723318099975586,17.24589467048645,18.602195739746094,24,1726,0.06367028504610062,2026,76,drop0,30,4,8,test,0,/Users/nyx.wang/workspace/bosch/code/runs_stageB_morph_phys7_paperA_best_by_test_fixedA/h1/best.pth
hunt,2000,h1,p1_h1_head_ln_lr1e-05_l21e+00_ep2000_ss76,stageB_best,head_ln,full,1e-05,0.0001,1.0,0.01,huber,1.0,0.5206807269883187,27.1773681640625,16.84526950120926,16.332931518554688,24,1726,0.07446757704019547,2026,76,drop0,30,4,8,test,0,/Users/nyx.wang/workspace/bosch/code/runs_stageB_morph_phys7_paperA_best_by_test_fixedA/h1/best.pth
hunt,2000,h1,p1_h1_head_ln_lr1e-04_l21e+01_ep2000_ss77,stageB_best,head_ln,full,0.0001,0.0001,10.0,0.01,huber,1.0,0.25858850498998176,41.57028579711914,17.044861614704132,32.31623077392578,24,55,0.06263186782598495,2026,77,drop0,30,4,8,test,0,/Users/nyx.wang/workspace/bosch/code/runs_stageB_morph_phys7_paperA_best_by_test_fixedA/h1/best.pth
hunt,2000,h1,p1_h1_head_ln_lr3e-05_l21e+00_ep2000_ss77,stageB_best,head_ln,full,3e-05,0.0001,1.0,0.01,huber,1.0,0.14401462684246036,47.026947021484375,18.42304915189743,33.10209655761719,24,1,0.06109139323234558,2026,77,drop0,30,4,8,test,0,/Users/nyx.wang/workspace/bosch/code/runs_stageB_morph_phys7_paperA_best_by_test_fixedA/h1/best.pth
hunt,2000,h1,p1_h1_head_ln_lr1e-05_l21e+00_ep2000_ss77,stageB_best,head_ln,full,1e-05,0.0001,1.0,0.01,huber,1.0,0.1470278721096422,46.91874694824219,18.406789004802704,32.96690368652344,24,4,0.06101885437965393,2026,77,drop0,30,4,8,test,0,/Users/nyx.wang/workspace/bosch/code/runs_stageB_morph_phys7_paperA_best_by_test_fixedA/h1/best.pth
hunt,2000,h1,p1_h1_head_ln_lr1e-04_l21e+01_ep2000_ss78,stageB_best,head_ln,full,0.0001,0.0001,10.0,0.01,huber,1.0,0.5575576457319087,47.942596435546875,24.499547481536865,44.313751220703125,24,157,0.17490701377391815,2026,78,drop0,30,4,8,test,0,/Users/nyx.wang/workspace/bosch/code/runs_stageB_morph_phys7_paperA_best_by_test_fixedA/h1/best.pth
hunt,2000,h1,p1_h1_head_ln_lr3e-05_l21e+00_ep2000_ss78,stageB_best,head_ln,full,3e-05,0.0001,1.0,0.01,huber,1.0,0.5743291289673694,46.59444808959961,24.085135757923126,41.31836700439453,24,739,0.17941677570343018,2026,78,drop0,30,4,8,test,0,/Users/nyx.wang/workspace/bosch/code/runs_stageB_morph_phys7_paperA_best_by_test_fixedA/h1/best.pth
hunt,2000,h1,p1_h1_head_ln_lr1e-05_l21e+00_ep2000_ss78,stageB_best,head_ln,full,1e-05,0.0001,1.0,0.01,huber,1.0,0.5452987650614489,48.32070541381836,24.811850488185883,42.88574981689453,24,1988,0.18178300559520721,2026,78,drop0,30,4,8,test,0,/Users/nyx.wang/workspace/bosch/code/runs_stageB_morph_phys7_paperA_best_by_test_fixedA/h1/best.pth
hunt,2000,h1,p1_h1_head_ln_lr1e-04_l21e+01_ep2000_ss79,stageB_best,head_ln,full,0.0001,0.0001,10.0,0.01,huber,1.0,0.333437465597329,24.341459274291992,9.900259226560593,19.18756866455078,24,127,0.21549679338932037,2026,79,drop0,30,4,8,test,0,/Users/nyx.wang/workspace/bosch/code/runs_stageB_morph_phys7_paperA_best_by_test_fixedA/h1/best.pth
hunt,2000,h1,p1_h1_head_ln_lr3e-05_l21e+00_ep2000_ss79,stageB_best,head_ln,full,3e-05,0.0001,1.0,0.01,huber,1.0,0.347575628367354,24.05975914001465,9.80074405670166,17.82672119140625,24,543,0.21317444741725922,2026,79,drop0,30,4,8,test,0,/Users/nyx.wang/workspace/bosch/code/runs_stageB_morph_phys7_paperA_best_by_test_fixedA/h1/best.pth
hunt,2000,h1,p1_h1_head_ln_lr1e-05_l21e+00_ep2000_ss79,stageB_best,head_ln,full,1e-05,0.0001,1.0,0.01,huber,1.0,0.34555208379545876,23.948532104492188,9.709488600492477,18.096923828125,24,2000,0.21411709487438202,2026,79,drop0,30,4,8,test,0,/Users/nyx.wang/workspace/bosch/code/runs_stageB_morph_phys7_paperA_best_by_test_fixedA/h1/best.pth
hunt,2000,h1,p1_h1_head_ln_lr1e-04_l21e+01_ep2000_ss80,stageB_best,head_ln,full,0.0001,0.0001,10.0,0.01,huber,1.0,0.7430007451418543,21.187105178833008,9.577768296003342,17.148231506347656,24,388,0.13571420311927795,2026,80,drop0,30,4,8,test,0,/Users/nyx.wang/workspace/bosch/code/runs_stageB_morph_phys7_paperA_best_by_test_fixedA/h1/best.pth
hunt,2000,h1,p1_h1_head_ln_lr3e-05_l21e+00_ep2000_ss80,stageB_best,head_ln,full,3e-05,0.0001,1.0,0.01,huber,1.0,0.7279663559490572,21.43528175354004,9.489089250564575,18.76757049560547,24,763,0.14524635672569275,2026,80,drop0,30,4,8,test,0,/Users/nyx.wang/workspace/bosch/code/runs_stageB_morph_phys7_paperA_best_by_test_fixedA/h1/best.pth
hunt,2000,h1,p1_h1_head_ln_lr1e-05_l21e+00_ep2000_ss80,stageB_best,head_ln,full,1e-05,0.0001,1.0,0.01,huber,1.0,0.6967952285315072,23.284570693969727,10.483243316411972,18.564208984375,24,772,0.15166687965393066,2026,80,drop0,30,4,8,test,0,/Users/nyx.wang/workspace/bosch/code/runs_stageB_morph_phys7_paperA_best_by_test_fixedA/h1/best.pth
hunt,2000,h1,p1_h1_head_ln_lr1e-04_l21e+01_ep2000_ss81,stageB_best,head_ln,full,0.0001,0.0001,10.0,0.01,huber,1.0,0.34996686343063466,40.499671936035156,15.001095831394196,31.937232971191406,24,1,0.10052456706762314,2026,81,drop0,30,4,8,test,0,/Users/nyx.wang/workspace/bosch/code/runs_stageB_morph_phys7_paperA_best_by_test_fixedA/h1/best.pth
hunt,2000,h1,p1_h1_head_ln_lr3e-05_l21e+00_ep2000_ss81,stageB_best,head_ln,full,3e-05,0.0001,1.0,0.01,huber,1.0,0.28305584950584384,42.81231689453125,15.799856185913086,32.56398010253906,24,1,0.09260085225105286,2026,81,drop0,30,4,8,test,0,/Users/nyx.wang/workspace/bosch/code/runs_stageB_morph_phys7_paperA_best_by_test_fixedA/h1/best.pth
hunt,2000,h1,p1_h1_head_ln_lr1e-05_l21e+00_ep2000_ss81,stageB_best,head_ln,full,1e-05,0.0001,1.0,0.01,huber,1.0,0.26203539381298724,43.49715042114258,16.03648215532303,32.71723175048828,24,1,0.09074735641479492,2026,81,drop0,30,4,8,test,0,/Users/nyx.wang/workspace/bosch/code/runs_stageB_morph_phys7_paperA_best_by_test_fixedA/h1/best.pth
hunt,2000,h1,p1_h1_head_ln_lr1e-04_l21e+01_ep2000_ss82,stageB_best,head_ln,full,0.0001,0.0001,10.0,0.01,huber,1.0,-1.2297312723864167,49.639801025390625,29.98293936252594,36.546783447265625,24,658,0.113619863986969,2026,82,drop0,30,4,8,test,0,/Users/nyx.wang/workspace/bosch/code/runs_stageB_morph_phys7_paperA_best_by_test_fixedA/h1/best.pth
hunt,2000,h1,p1_h1_head_ln_lr3e-05_l21e+00_ep2000_ss82,stageB_best,head_ln,full,3e-05,0.0001,1.0,0.01,huber,1.0,-1.406191397824149,51.926605224609375,31.569382548332214,35.63130187988281,24,2000,0.1306835263967514,2026,82,drop0,30,4,8,test,0,/Users/nyx.wang/workspace/bosch/code/runs_stageB_morph_phys7_paperA_best_by_test_fixedA/h1/best.pth
hunt,2000,h1,p1_h1_head_ln_lr1e-05_l21e+00_ep2000_ss82,stageB_best,head_ln,full,1e-05,0.0001,1.0,0.01,huber,1.0,-1.342802165126487,49.044490814208984,29.963955283164978,34.50780487060547,24,1999,0.1939266473054886,2026,82,drop0,30,4,8,test,0,/Users/nyx.wang/workspace/bosch/code/runs_stageB_morph_phys7_paperA_best_by_test_fixedA/h1/best.pth
hunt,2000,h1,p1_h1_head_ln_lr1e-04_l21e+01_ep2000_ss83,stageB_best,head_ln,full,0.0001,0.0001,10.0,0.01,huber,1.0,-0.40548434135264344,35.312747955322266,16.92866086959839,19.71783447265625,24,599,0.10939345508813858,2026,83,drop0,30,4,8,test,0,/Users/nyx.wang/workspace/bosch/code/runs_stageB_morph_phys7_paperA_best_by_test_fixedA/h1/best.pth
hunt,2000,h1,p1_h1_head_ln_lr3e-05_l21e+00_ep2000_ss83,stageB_best,head_ln,full,3e-05,0.0001,1.0,0.01,huber,1.0,-0.5000640160356107,43.39455032348633,19.991230964660645,42.67192077636719,24,1,0.11071079969406128,2026,83,drop0,30,4,8,test,0,/Users/nyx.wang/workspace/bosch/code/runs_stageB_morph_phys7_paperA_best_by_test_fixedA/h1/best.pth
hunt,2000,h1,p1_h1_head_ln_lr1e-05_l21e+00_ep2000_ss83,stageB_best,head_ln,full,1e-05,0.0001,1.0,0.01,huber,1.0,-0.5241768431697418,44.2469367980957,20.337621867656708,44.04705047607422,24,1,0.10920362919569016,2026,83,drop0,30,4,8,test,0,/Users/nyx.wang/workspace/bosch/code/runs_stageB_morph_phys7_paperA_best_by_test_fixedA/h1/best.pth
hunt,2000,h1,p1_h1_head_ln_lr1e-04_l21e+01_ep2000_ss84,stageB_best,head_ln,full,0.0001,0.0001,10.0,0.01,huber,1.0,-0.4272644806873158,34.244380950927734,12.257149070501328,23.350730895996094,24,536,0.11188585311174393,2026,84,drop0,30,4,8,test,0,/Users/nyx.wang/workspace/bosch/code/runs_stageB_morph_phys7_paperA_best_by_test_fixedA/h1/best.pth
hunt,2000,h1,p1_h1_head_ln_lr3e-05_l21e+00_ep2000_ss84,stageB_best,head_ln,full,3e-05,0.0001,1.0,0.01,huber,1.0,-0.5349203540700065,36.13631057739258,13.009966909885406,24.68164825439453,24,1689,0.11944449692964554,2026,84,drop0,30,4,8,test,0,/Users/nyx.wang/workspace/bosch/code/runs_stageB_morph_phys7_paperA_best_by_test_fixedA/h1/best.pth
hunt,2000,h1,p1_h1_head_ln_lr1e-05_l21e+00_ep2000_ss84,stageB_best,head_ln,full,1e-05,0.0001,1.0,0.01,huber,1.0,-0.6181265724193958,37.86799621582031,13.772241771221161,26.28240966796875,24,1999,0.16271322965621948,2026,84,drop0,30,4,8,test,0,/Users/nyx.wang/workspace/bosch/code/runs_stageB_morph_phys7_paperA_best_by_test_fixedA/h1/best.pth
hunt,2000,h1,p1_h1_head_ln_lr1e-04_l21e+01_ep2000_ss85,stageB_best,head_ln,full,0.0001,0.0001,10.0,0.01,huber,1.0,0.6727741061782224,29.983205795288086,10.986560583114624,14.049827575683594,24,429,0.17852598428726196,2026,85,drop0,30,4,8,test,0,/Users/nyx.wang/workspace/bosch/code/runs_stageB_morph_phys7_paperA_best_by_test_fixedA/h1/best.pth
hunt,2000,h1,p1_h1_head_ln_lr3e-05_l21e+00_ep2000_ss85,stageB_best,head_ln,full,3e-05,0.0001,1.0,0.01,huber,1.0,0.6731749279535233,29.508352279663086,10.732569545507431,12.485862731933594,24,1633,0.18931031227111816,2026,85,drop0,30,4,8,test,0,/Users/nyx.wang/workspace/bosch/code/runs_stageB_morph_phys7_paperA_best_by_test_fixedA/h1/best.pth
hunt,2000,h1,p1_h1_head_ln_lr1e-05_l21e+00_ep2000_ss85,stageB_best,head_ln,full,1e-05,0.0001,1.0,0.01,huber,1.0,0.6612087145975478,30.896774291992188,11.347892135381699,13.843734741210938,24,1730,0.2413385510444641,2026,85,drop0,30,4,8,test,0,/Users/nyx.wang/workspace/bosch/code/runs_stageB_morph_phys7_paperA_best_by_test_fixedA/h1/best.pth
hunt,2000,h1,p1_h1_head_ln_lr1e-04_l21e+01_ep2000_ss86,stageB_best,head_ln,full,0.0001,0.0001,10.0,0.01,huber,1.0,0.37153160677723085,28.04839324951172,14.101564884185791,13.21575927734375,24,220,0.14535173773765564,2026,86,drop0,30,4,8,test,0,/Users/nyx.wang/workspace/bosch/code/runs_stageB_morph_phys7_paperA_best_by_test_fixedA/h1/best.pth
hunt,2000,h1,p1_h1_head_ln_lr3e-05_l21e+00_ep2000_ss86,stageB_best,head_ln,full,3e-05,0.0001,1.0,0.01,huber,1.0,0.3763671831243093,27.998613357543945,14.246796071529388,14.492103576660156,24,812,0.15039294958114624,2026,86,drop0,30,4,8,test,0,/Users/nyx.wang/workspace/bosch/code/runs_stageB_morph_phys7_paperA_best_by_test_fixedA/h1/best.pth
hunt,2000,h1,p1_h1_head_ln_lr1e-05_l21e+00_ep2000_ss86,stageB_best,head_ln,full,1e-05,0.0001,1.0,0.01,huber,1.0,0.38486668944115476,29.23143768310547,14.776098728179932,14.679573059082031,24,2000,0.18086160719394684,2026,86,drop0,30,4,8,test,0,/Users/nyx.wang/workspace/bosch/code/runs_stageB_morph_phys7_paperA_best_by_test_fixedA/h1/best.pth
hunt,2000,h1,p1_h1_head_ln_lr1e-04_l21e+01_ep2000_ss87,stageB_best,head_ln,full,0.0001,0.0001,10.0,0.01,huber,1.0,0.5164046922005058,25.9932861328125,9.761178493499756,20.663909912109375,24,122,0.056899458169937134,2026,87,drop0,30,4,8,test,0,/Users/nyx.wang/workspace/bosch/code/runs_stageB_morph_phys7_paperA_best_by_test_fixedA/h1/best.pth
hunt,2000,h1,p1_h1_head_ln_lr3e-05_l21e+00_ep2000_ss87,stageB_best,head_ln,full,3e-05,0.0001,1.0,0.01,huber,1.0,0.4897920868091432,26.52766990661621,10.042759776115417,23.40949249267578,24,329,0.0593143068253994,2026,87,drop0,30,4,8,test,0,/Users/nyx.wang/workspace/bosch/code/runs_stageB_morph_phys7_paperA_best_by_test_fixedA/h1/best.pth
hunt,2000,h1,p1_h1_head_ln_lr1e-05_l21e+00_ep2000_ss87,stageB_best,head_ln,full,1e-05,0.0001,1.0,0.01,huber,1.0,0.44040265576140647,27.27698516845703,10.35347804427147,22.84111785888672,24,730,0.061148885637521744,2026,87,drop0,30,4,8,test,0,/Users/nyx.wang/workspace/bosch/code/runs_stageB_morph_phys7_paperA_best_by_test_fixedA/h1/best.pth
hunt,2000,h1,p1_h1_head_ln_lr1e-04_l21e+01_ep2000_ss88,stageB_best,head_ln,full,0.0001,0.0001,10.0,0.01,huber,1.0,0.09937028753647825,41.940696716308594,20.240551233291626,36.65272521972656,24,67,0.2231900691986084,2026,88,drop0,30,4,8,test,0,/Users/nyx.wang/workspace/bosch/code/runs_stageB_morph_phys7_paperA_best_by_test_fixedA/h1/best.pth
hunt,2000,h1,p1_h1_head_ln_lr3e-05_l21e+00_ep2000_ss88,stageB_best,head_ln,full,3e-05,0.0001,1.0,0.01,huber,1.0,0.3176270930274767,39.10287857055664,18.081490695476532,32.5565185546875,24,1,0.22871451079845428,2026,88,drop0,30,4,8,test,0,/Users/nyx.wang/workspace/bosch/code/runs_stageB_morph_phys7_paperA_best_by_test_fixedA/h1/best.pth
hunt,2000,h1,p1_h1_head_ln_lr1e-05_l21e+00_ep2000_ss88,stageB_best,head_ln,full,1e-05,0.0001,1.0,0.01,huber,1.0,0.3232792477432518,38.835227966308594,17.859822511672974,31.251617431640625,24,1,0.22254765033721924,2026,88,drop0,30,4,8,test,0,/Users/nyx.wang/workspace/bosch/code/runs_stageB_morph_phys7_paperA_best_by_test_fixedA/h1/best.pth
hunt,2000,h1,p1_h1_head_ln_lr1e-04_l21e+01_ep2000_ss89,stageB_best,head_ln,full,0.0001,0.0001,10.0,0.01,huber,1.0,0.18034808972300254,24.4700927734375,10.196516662836075,18.558921813964844,24,1,0.3413868844509125,2026,89,drop0,30,4,8,test,0,/Users/nyx.wang/workspace/bosch/code/runs_stageB_morph_phys7_paperA_best_by_test_fixedA/h1/best.pth
hunt,2000,h1,p1_h1_head_ln_lr3e-05_l21e+00_ep2000_ss89,stageB_best,head_ln,full,3e-05,0.0001,1.0,0.01,huber,1.0,0.07020576024362912,26.48967933654785,10.986316204071045,20.60901641845703,24,1,0.3342243432998657,2026,89,drop0,30,4,8,test,0,/Users/nyx.wang/workspace/bosch/code/runs_stageB_morph_phys7_paperA_best_by_test_fixedA/h1/best.pth
hunt,2000,h1,p1_h1_head_ln_lr1e-05_l21e+00_ep2000_ss89,stageB_best,head_ln,full,1e-05,0.0001,1.0,0.01,huber,1.0,0.025518002974118437,27.142000198364258,11.241468787193298,22.033920288085938,24,1,0.3326636254787445,2026,89,drop0,30,4,8,test,0,/Users/nyx.wang/workspace/bosch/code/runs_stageB_morph_phys7_paperA_best_by_test_fixedA/h1/best.pth
hunt,2000,h1,p1_h1_head_ln_lr1e-04_l21e+01_ep2000_ss90,stageB_best,head_ln,full,0.0001,0.0001,10.0,0.01,huber,1.0,0.6745480139717228,31.80937957763672,16.01134091615677,22.043136596679688,24,485,0.39085206389427185,2026,90,drop0,30,4,8,test,0,/Users/nyx.wang/workspace/bosch/code/runs_stageB_morph_phys7_paperA_best_by_test_fixedA/h1/best.pth
hunt,2000,h1,p1_h1_head_ln_lr3e-05_l21e+00_ep2000_ss90,stageB_best,head_ln,full,3e-05,0.0001,1.0,0.01,huber,1.0,0.6740362928999993,32.01393508911133,16.002075374126434,22.045143127441406,24,1668,0.39949798583984375,2026,90,drop0,30,4,8,test,0,/Users/nyx.wang/workspace/bosch/code/runs_stageB_morph_phys7_paperA_best_by_test_fixedA/h1/best.pth
hunt,2000,h1,p1_h1_head_ln_lr1e-05_l21e+00_ep2000_ss90,stageB_best,head_ln,full,1e-05,0.0001,1.0,0.01,huber,1.0,0.6481132021420917,35.60371017456055,17.468415200710297,26.636062622070312,24,954,0.4082200527191162,2026,90,drop0,30,4,8,test,0,/Users/nyx.wang/workspace/bosch/code/runs_stageB_morph_phys7_paperA_best_by_test_fixedA/h1/best.pth
hunt,2000,h1,p1_h1_head_ln_lr1e-04_l21e+01_ep2000_ss91,stageB_best,head_ln,full,0.0001,0.0001,10.0,0.01,huber,1.0,0.1193005069713653,29.54301643371582,16.142012178897858,22.7049560546875,24,1622,0.06770770996809006,2026,91,drop0,30,4,8,test,0,/Users/nyx.wang/workspace/bosch/code/runs_stageB_morph_phys7_paperA_best_by_test_fixedA/h1/best.pth
hunt,2000,h1,p1_h1_head_ln_lr3e-05_l21e+00_ep2000_ss91,stageB_best,head_ln,full,3e-05,0.0001,1.0,0.01,huber,1.0,0.21836871691370985,28.012048721313477,15.458808839321136,22.11370086669922,24,1994,0.09484687447547913,2026,91,drop0,30,4,8,test,0,/Users/nyx.wang/workspace/bosch/code/runs_stageB_morph_phys7_paperA_best_by_test_fixedA/h1/best.pth
hunt,2000,h1,p1_h1_head_ln_lr1e-05_l21e+00_ep2000_ss91,stageB_best,head_ln,full,1e-05,0.0001,1.0,0.01,huber,1.0,0.20359554425210302,27.780977249145508,15.435504913330078,23.274566650390625,24,1964,0.14866168797016144,2026,91,drop0,30,4,8,test,0,/Users/nyx.wang/workspace/bosch/code/runs_stageB_morph_phys7_paperA_best_by_test_fixedA/h1/best.pth
hunt,2000,h1,p1_h1_head_ln_lr1e-04_l21e+01_ep2000_ss92,stageB_best,head_ln,full,0.0001,0.0001,10.0,0.01,huber,1.0,0.6692149685351305,37.44149398803711,14.461098611354828,30.88489532470703,24,115,0.36883020401000977,2026,92,drop0,30,4,8,test,0,/Users/nyx.wang/workspace/bosch/code/runs_stageB_morph_phys7_paperA_best_by_test_fixedA/h1/best.pth
hunt,2000,h1,p1_h1_head_ln_lr3e-05_l21e+00_ep2000_ss92,stageB_best,head_ln,full,3e-05,0.0001,1.0,0.01,huber,1.0,0.49435071523397955,45.2481803894043,16.593974828720093,37.407012939453125,24,1,0.34057578444480896,2026,92,drop0,30,4,8,test,0,/Users/nyx.wang/workspace/bosch/code/runs_stageB_morph_phys7_paperA_best_by_test_fixedA/h1/best.pth
hunt,2000,h1,p1_h1_head_ln_lr1e-05_l21e+00_ep2000_ss92,stageB_best,head_ln,full,1e-05,0.0001,1.0,0.01,huber,1.0,0.48276964655641774,45.845882415771484,16.783876717090607,39.01580810546875,24,1,0.33266928791999817,2026,92,drop0,30,4,8,test,0,/Users/nyx.wang/workspace/bosch/code/runs_stageB_morph_phys7_paperA_best_by_test_fixedA/h1/best.pth
hunt,2000,h1,p1_h1_head_ln_lr1e-04_l21e+01_ep2000_ss93,stageB_best,head_ln,full,0.0001,0.0001,10.0,0.01,huber,1.0,0.05659513111598835,35.38936233520508,14.5700141787529,34.923439025878906,24,18,0.051594704389572144,2026,93,drop0,30,4,8,test,0,/Users/nyx.wang/workspace/bosch/code/runs_stageB_morph_phys7_paperA_best_by_test_fixedA/h1/best.pth
hunt,2000,h1,p1_h1_head_ln_lr3e-05_l21e+00_ep2000_ss93,stageB_best,head_ln,full,3e-05,0.0001,1.0,0.01,huber,1.0,0.07858007653978472,34.83070755004883,14.288981258869171,34.453338623046875,24,34,0.05146154388785362,2026,93,drop0,30,4,8,test,0,/Users/nyx.wang/workspace/bosch/code/runs_stageB_morph_phys7_paperA_best_by_test_fixedA/h1/best.pth
hunt,2000,h1,p1_h1_head_ln_lr1e-05_l21e+00_ep2000_ss93,stageB_best,head_ln,full,1e-05,0.0001,1.0,0.01,huber,1.0,0.07413929061510627,34.62604904174805,14.148493111133575,33.613059997558594,24,116,0.052091922610998154,2026,93,drop0,30,4,8,test,0,/Users/nyx.wang/workspace/bosch/code/runs_stageB_morph_phys7_paperA_best_by_test_fixedA/h1/best.pth
hunt,2000,h1,p1_h1_head_ln_lr1e-04_l21e+01_ep2000_ss94,stageB_best,head_ln,full,0.0001,0.0001,10.0,0.01,huber,1.0,0.1568329562585049,31.2958927154541,14.012177288532257,24.686927795410156,24,30,0.1780482530593872,2026,94,drop0,30,4,8,test,0,/Users/nyx.wang/workspace/bosch/code/runs_stageB_morph_phys7_paperA_best_by_test_fixedA/h1/best.pth
hunt,2000,h1,p1_h1_head_ln_lr3e-05_l21e+00_ep2000_ss94,stageB_best,head_ln,full,3e-05,0.0001,1.0,0.01,huber,1.0,0.15883219874258314,31.915245056152344,14.327330887317657,25.482688903808594,24,56,0.17924904823303223,2026,94,drop0,30,4,8,test,0,/Users/nyx.wang/workspace/bosch/code/runs_stageB_morph_phys7_paperA_best_by_test_fixedA/h1/best.pth
hunt,2000,h1,p1_h1_head_ln_lr1e-05_l21e+00_ep2000_ss94,stageB_best,head_ln,full,1e-05,0.0001,1.0,0.01,huber,1.0,0.16387718462181022,31.319679260253906,13.992364704608917,24.73223114013672,24,191,0.18141476809978485,2026,94,drop0,30,4,8,test,0,/Users/nyx.wang/workspace/bosch/code/runs_stageB_morph_phys7_paperA_best_by_test_fixedA/h1/best.pth
hunt,2000,h1,p1_h1_head_ln_lr1e-04_l21e+01_ep2000_ss95,stageB_best,head_ln,full,0.0001,0.0001,10.0,0.01,huber,1.0,0.6751133124436479,28.277048110961914,13.733698427677155,22.391212463378906,24,1,0.5904037356376648,2026,95,drop0,30,4,8,test,0,/Users/nyx.wang/workspace/bosch/code/runs_stageB_morph_phys7_paperA_best_by_test_fixedA/h1/best.pth
hunt,2000,h1,p1_h1_head_ln_lr3e-05_l21e+00_ep2000_ss95,stageB_best,head_ln,full,3e-05,0.0001,1.0,0.01,huber,1.0,0.6906524455473365,27.164474487304688,12.948298454284668,23.788711547851562,24,1,0.5856261849403381,2026,95,drop0,30,4,8,test,0,/Users/nyx.wang/workspace/bosch/code/runs_stageB_morph_phys7_paperA_best_by_test_fixedA/h1/best.pth
hunt,2000,h1,p1_h1_head_ln_lr1e-05_l21e+00_ep2000_ss95,stageB_best,head_ln,full,1e-05,0.0001,1.0,0.01,huber,1.0,0.6935036345298309,26.835031509399414,12.715934216976166,22.580772399902344,24,1,0.585128664970398,2026,95,drop0,30,4,8,test,0,/Users/nyx.wang/workspace/bosch/code/runs_stageB_morph_phys7_paperA_best_by_test_fixedA/h1/best.pth
hunt,2000,h1,p1_h1_head_ln_lr1e-04_l21e+01_ep2000_ss96,stageB_best,head_ln,full,0.0001,0.0001,10.0,0.01,huber,1.0,0.5601174250652003,41.179195404052734,14.71261978149414,33.62773895263672,24,1,0.05476588010787964,2026,96,drop0,30,4,8,test,0,/Users/nyx.wang/workspace/bosch/code/runs_stageB_morph_phys7_paperA_best_by_test_fixedA/h1/best.pth
hunt,2000,h1,p1_h1_head_ln_lr3e-05_l21e+00_ep2000_ss96,stageB_best,head_ln,full,3e-05,0.0001,1.0,0.01,huber,1.0,0.5598038403663081,41.16396713256836,14.711447060108185,33.57054138183594,24,3,0.054797764867544174,2026,96,drop0,30,4,8,test,0,/Users/nyx.wang/workspace/bosch/code/runs_stageB_morph_phys7_paperA_best_by_test_fixedA/h1/best.pth
hunt,2000,h1,p1_h1_head_ln_lr1e-05_l21e+00_ep2000_ss96,stageB_best,head_ln,full,1e-05,0.0001,1.0,0.01,huber,1.0,0.5589599921465458,41.185821533203125,14.713428914546967,33.55030822753906,24,7,0.05476683750748634,2026,96,drop0,30,4,8,test,0,/Users/nyx.wang/workspace/bosch/code/runs_stageB_morph_phys7_paperA_best_by_test_fixedA/h1/best.pth
hunt,2000,h1,p1_h1_head_ln_lr1e-04_l21e+01_ep2000_ss97,stageB_best,head_ln,full,0.0001,0.0001,10.0,0.01,huber,1.0,0.6232132654137497,22.42473793029785,10.328173637390137,17.709091186523438,24,1999,0.14023704826831818,2026,97,drop0,30,4,8,test,0,/Users/nyx.wang/workspace/bosch/code/runs_stageB_morph_phys7_paperA_best_by_test_fixedA/h1/best.pth
hunt,2000,h1,p1_h1_head_ln_lr3e-05_l21e+00_ep2000_ss97,stageB_best,head_ln,full,3e-05,0.0001,1.0,0.01,huber,1.0,0.6194460700762956,22.650732040405273,10.511752218008041,19.334396362304688,24,1997,0.1479603797197342,2026,97,drop0,30,4,8,test,0,/Users/nyx.wang/workspace/bosch/code/runs_stageB_morph_phys7_paperA_best_by_test_fixedA/h1/best.pth
hunt,2000,h1,p1_h1_head_ln_lr1e-05_l21e+00_ep2000_ss97,stageB_best,head_ln,full,1e-05,0.0001,1.0,0.01,huber,1.0,0.581615824073678,23.676477432250977,11.334647983312607,18.06848907470703,24,1995,0.16813892126083374,2026,97,drop0,30,4,8,test,0,/Users/nyx.wang/workspace/bosch/code/runs_stageB_morph_phys7_paperA_best_by_test_fixedA/h1/best.pth
hunt,2000,h1,p1_h1_head_ln_lr1e-04_l21e+01_ep2000_ss98,stageB_best,head_ln,full,0.0001,0.0001,10.0,0.01,huber,1.0,0.32775173847182226,29.913827896118164,10.968625545501709,15.967758178710938,24,543,0.08364484459161758,2026,98,drop0,30,4,8,test,0,/Users/nyx.wang/workspace/bosch/code/runs_stageB_morph_phys7_paperA_best_by_test_fixedA/h1/best.pth
hunt,2000,h1,p1_h1_head_ln_lr3e-05_l21e+00_ep2000_ss98,stageB_best,head_ln,full,3e-05,0.0001,1.0,0.01,huber,1.0,0.3348492673129173,29.625709533691406,10.970877856016159,15.0538330078125,24,1316,0.08954592794179916,2026,98,drop0,30,4,8,test,0,/Users/nyx.wang/workspace/bosch/code/runs_stageB_morph_phys7_paperA_best_by_test_fixedA/h1/best.pth
hunt,2000,h1,p1_h1_head_ln_lr1e-05_l21e+00_ep2000_ss98,stageB_best,head_ln,full,1e-05,0.0001,1.0,0.01,huber,1.0,0.3419646272452084,29.390289306640625,10.95844879746437,20.822608947753906,24,1950,0.0990319475531578,2026,98,drop0,30,4,8,test,0,/Users/nyx.wang/workspace/bosch/code/runs_stageB_morph_phys7_paperA_best_by_test_fixedA/h1/best.pth
hunt,2000,h1,p1_h1_head_ln_lr1e-04_l21e+01_ep2000_ss99,stageB_best,head_ln,full,0.0001,0.0001,10.0,0.01,huber,1.0,0.8725604459634518,13.894683837890625,5.599907040596008,15.364524841308594,24,1107,0.10962174087762833,2026,99,drop0,30,4,8,test,0,/Users/nyx.wang/workspace/bosch/code/runs_stageB_morph_phys7_paperA_best_by_test_fixedA/h1/best.pth
hunt,2000,h1,p1_h1_head_ln_lr3e-05_l21e+00_ep2000_ss99,stageB_best,head_ln,full,3e-05,0.0001,1.0,0.01,huber,1.0,0.8764651222418376,13.58052921295166,5.538425222039223,14.128768920898438,24,1933,0.1262204945087433,2026,99,drop0,30,4,8,test,0,/Users/nyx.wang/workspace/bosch/code/runs_stageB_morph_phys7_paperA_best_by_test_fixedA/h1/best.pth
hunt,2000,h1,p1_h1_head_ln_lr1e-05_l21e+00_ep2000_ss99,stageB_best,head_ln,full,1e-05,0.0001,1.0,0.01,huber,1.0,0.8532944788231355,14.964396476745605,6.030984595417976,12.985824584960938,24,1967,0.16161583364009857,2026,99,drop0,30,4,8,test,0,/Users/nyx.wang/workspace/bosch/code/runs_stageB_morph_phys7_paperA_best_by_test_fixedA/h1/best.pth
hunt,2000,h1,p1_h1_head_ln_lr1e-04_l21e+01_ep2000_ss100,stageB_best,head_ln,full,0.0001,0.0001,10.0,0.01,huber,1.0,0.5854991797092381,42.58611297607422,16.008076071739197,34.357940673828125,24,1,0.1164497435092926,2026,100,drop0,30,4,8,test,0,/Users/nyx.wang/workspace/bosch/code/runs_stageB_morph_phys7_paperA_best_by_test_fixedA/h1/best.pth
hunt,2000,h1,p1_h1_head_ln_lr3e-05_l21e+00_ep2000_ss100,stageB_best,head_ln,full,3e-05,0.0001,1.0,0.01,huber,1.0,0.565807930788278,43.456085205078125,16.10526144504547,32.16162872314453,24,1,0.10274434089660645,2026,100,drop0,30,4,8,test,0,/Users/nyx.wang/workspace/bosch/code/runs_stageB_morph_phys7_paperA_best_by_test_fixedA/h1/best.pth
hunt,2000,h1,p1_h1_head_ln_lr1e-05_l21e+00_ep2000_ss100,stageB_best,head_ln,full,1e-05,0.0001,1.0,0.01,huber,1.0,0.5590877319249055,43.87205123901367,16.22336506843567,31.038429260253906,24,1,0.09979250282049179,2026,100,drop0,30,4,8,test,0,/Users/nyx.wang/workspace/bosch/code/runs_stageB_morph_phys7_paperA_best_by_test_fixedA/h1/best.pth
hunt,2000,h1,p1_h1_head_ln_lr1e-04_l21e+01_ep2000_ss101,stageB_best,head_ln,full,0.0001,0.0001,10.0,0.01,huber,1.0,0.4441080796723037,24.023826599121094,10.655594617128372,17.302894592285156,24,1253,0.06436201930046082,2026,101,drop0,30,4,8,test,0,/Users/nyx.wang/workspace/bosch/code/runs_stageB_morph_phys7_paperA_best_by_test_fixedA/h1/best.pth
hunt,2000,h1,p1_h1_head_ln_lr3e-05_l21e+00_ep2000_ss101,stageB_best,head_ln,full,3e-05,0.0001,1.0,0.01,huber,1.0,0.4077999051252208,24.91973876953125,11.4374078810215,16.40631103515625,24,2000,0.11039936542510986,2026,101,drop0,30,4,8,test,0,/Users/nyx.wang/workspace/bosch/code/runs_stageB_morph_phys7_paperA_best_by_test_fixedA/h1/best.pth
hunt,2000,h1,p1_h1_head_ln_lr1e-05_l21e+00_ep2000_ss101,stageB_best,head_ln,full,1e-05,0.0001,1.0,0.01,huber,1.0,0.1912302561021635,29.006750106811523,13.610966503620148,18.26561737060547,24,1999,0.17587393522262573,2026,101,drop0,30,4,8,test,0,/Users/nyx.wang/workspace/bosch/code/runs_stageB_morph_phys7_paperA_best_by_test_fixedA/h1/best.pth
hunt,2000,h1,p1_h1_head_ln_lr1e-04_l21e+01_ep2000_ss102,stageB_best,head_ln,full,0.0001,0.0001,10.0,0.01,huber,1.0,-0.0459006083235991,44.02335739135742,24.12654012441635,30.995628356933594,24,12,0.24434834718704224,2026,102,drop0,30,4,8,test,0,/Users/nyx.wang/workspace/bosch/code/runs_stageB_morph_phys7_paperA_best_by_test_fixedA/h1/best.pth
hunt,2000,h1,p1_h1_head_ln_lr3e-05_l21e+00_ep2000_ss102,stageB_best,head_ln,full,3e-05,0.0001,1.0,0.01,huber,1.0,-0.038164396914614374,44.253692626953125,24.208588898181915,31.51177215576172,24,32,0.2447403073310852,2026,102,drop0,30,4,8,test,0,/Users/nyx.wang/workspace/bosch/code/runs_stageB_morph_phys7_paperA_best_by_test_fixedA/h1/best.pth
hunt,2000,h1,p1_h1_head_ln_lr1e-05_l21e+00_ep2000_ss102,stageB_best,head_ln,full,1e-05,0.0001,1.0,0.01,huber,1.0,-0.025287490927380807,43.85017395019531,23.93617182970047,31.63317108154297,24,107,0.2447441816329956,2026,102,drop0,30,4,8,test,0,/Users/nyx.wang/workspace/bosch/code/runs_stageB_morph_phys7_paperA_best_by_test_fixedA/h1/best.pth
hunt,2000,h1,p1_h1_head_ln_lr1e-04_l21e+01_ep2000_ss103,stageB_best,head_ln,full,0.0001,0.0001,10.0,0.01,huber,1.0,0.22816913103269665,34.88650131225586,20.74321061372757,28.386642456054688,24,875,0.24213464558124542,2026,103,drop0,30,4,8,test,0,/Users/nyx.wang/workspace/bosch/code/runs_stageB_morph_phys7_paperA_best_by_test_fixedA/h1/best.pth
hunt,2000,h1,p1_h1_head_ln_lr3e-05_l21e+00_ep2000_ss103,stageB_best,head_ln,full,3e-05,0.0001,1.0,0.01,huber,1.0,0.41560764603166545,27.46906280517578,15.418390929698944,15.56549072265625,24,1,0.26815521717071533,2026,103,drop0,30,4,8,test,0,/Users/nyx.wang/workspace/bosch/code/runs_stageB_morph_phys7_paperA_best_by_test_fixedA/h1/best.pth
hunt,2000,h1,p1_h1_head_ln_lr1e-05_l21e+00_ep2000_ss103,stageB_best,head_ln,full,1e-05,0.0001,1.0,0.01,huber,1.0,0.4114019007404289,27.574079513549805,15.401192009449005,16.18639373779297,24,1,0.26353052258491516,2026,103,drop0,30,4,8,test,0,/Users/nyx.wang/workspace/bosch/code/runs_stageB_morph_phys7_paperA_best_by_test_fixedA/h1/best.pth
hunt,2000,h1,p1_h1_head_ln_lr1e-04_l21e+01_ep2000_ss104,stageB_best,head_ln,full,0.0001,0.0001,10.0,0.01,huber,1.0,0.45937838947920084,30.23079490661621,13.4746715426445,22.411582946777344,24,755,0.06283169239759445,2026,104,drop0,30,4,8,test,0,/Users/nyx.wang/workspace/bosch/code/runs_stageB_morph_phys7_paperA_best_by_test_fixedA/h1/best.pth
hunt,2000,h1,p1_h1_head_ln_lr3e-05_l21e+00_ep2000_ss104,stageB_best,head_ln,full,3e-05,0.0001,1.0,0.01,huber,1.0,0.4878633588681399,29.543197631835938,13.180546462535858,21.369186401367188,24,1854,0.06945688277482986,2026,104,drop0,30,4,8,test,0,/Users/nyx.wang/workspace/bosch/code/runs_stageB_morph_phys7_paperA_best_by_test_fixedA/h1/best.pth
hunt,2000,h1,p1_h1_head_ln_lr1e-05_l21e+00_ep2000_ss104,stageB_best,head_ln,full,1e-05,0.0001,1.0,0.01,huber,1.0,0.5039298122902168,29.9046630859375,13.209408521652222,18.98271942138672,24,2000,0.1059754490852356,2026,104,drop0,30,4,8,test,0,/Users/nyx.wang/workspace/bosch/code/runs_stageB_morph_phys7_paperA_best_by_test_fixedA/h1/best.pth
hunt,2000,h1,p1_h1_head_ln_lr1e-04_l21e+01_ep2000_ss105,stageB_best,head_ln,full,0.0001,0.0001,10.0,0.01,huber,1.0,0.45232009511965954,36.216732025146484,16.457992792129517,30.79436492919922,24,1,0.4869441092014313,2026,105,drop0,30,4,8,test,0,/Users/nyx.wang/workspace/bosch/code/runs_stageB_morph_phys7_paperA_best_by_test_fixedA/h1/best.pth
hunt,2000,h1,p1_h1_head_ln_lr3e-05_l21e+00_ep2000_ss105,stageB_best,head_ln,full,3e-05,0.0001,1.0,0.01,huber,1.0,0.43814269236442493,37.00282669067383,16.634191572666168,30.461509704589844,24,1,0.47686338424682617,2026,105,drop0,30,4,8,test,0,/Users/nyx.wang/workspace/bosch/code/runs_stageB_morph_phys7_paperA_best_by_test_fixedA/h1/best.pth
hunt,2000,h1,p1_h1_head_ln_lr1e-05_l21e+00_ep2000_ss105,stageB_best,head_ln,full,1e-05,0.0001,1.0,0.01,huber,1.0,0.43336030592196195,37.231204986572266,16.685186326503754,30.565109252929688,24,1,0.47407853603363037,2026,105,drop0,30,4,8,test,0,/Users/nyx.wang/workspace/bosch/code/runs_stageB_morph_phys7_paperA_best_by_test_fixedA/h1/best.pth
hunt,2000,h1,p1_h1_head_ln_lr1e-04_l21e+01_ep2000_ss106,stageB_best,head_ln,full,0.0001,0.0001,10.0,0.01,huber,1.0,0.6270234643683272,20.258575439453125,8.933958411216736,11.115089416503906,24,11,0.263632595539093,2026,106,drop0,30,4,8,test,0,/Users/nyx.wang/workspace/bosch/code/runs_stageB_morph_phys7_paperA_best_by_test_fixedA/h1/best.pth
hunt,2000,h1,p1_h1_head_ln_lr3e-05_l21e+00_ep2000_ss106,stageB_best,head_ln,full,3e-05,0.0001,1.0,0.01,huber,1.0,0.6042009483599533,20.99150848388672,9.15910080075264,8.997283935546875,24,21,0.2684103846549988,2026,106,drop0,30,4,8,test,0,/Users/nyx.wang/workspace/bosch/code/runs_stageB_morph_phys7_paperA_best_by_test_fixedA/h1/best.pth
hunt,2000,h1,p1_h1_head_ln_lr1e-05_l21e+00_ep2000_ss106,stageB_best,head_ln,full,1e-05,0.0001,1.0,0.01,huber,1.0,0.6210456892706726,20.760652542114258,9.024850279092789,9.806121826171875,24,120,0.2705094516277313,2026,106,drop0,30,4,8,test,0,/Users/nyx.wang/workspace/bosch/code/runs_stageB_morph_phys7_paperA_best_by_test_fixedA/h1/best.pth
hunt,2000,h1,p1_h1_head_ln_lr1e-04_l21e+01_ep2000_ss107,stageB_best,head_ln,full,0.0001,0.0001,10.0,0.01,huber,1.0,-1.1348476862075745,34.99440383911133,17.24831610918045,13.654876708984375,24,152,0.2397400587797165,2026,107,drop0,30,4,8,test,0,/Users/nyx.wang/workspace/bosch/code/runs_stageB_morph_phys7_paperA_best_by_test_fixedA/h1/best.pth
hunt,2000,h1,p1_h1_head_ln_lr3e-05_l21e+00_ep2000_ss107,stageB_best,head_ln,full,3e-05,0.0001,1.0,0.01,huber,1.0,-1.0552635173016212,33.9792594909668,16.85900092124939,14.182960510253906,24,541,0.2375716120004654,2026,107,drop0,30,4,8,test,0,/Users/nyx.wang/workspace/bosch/code/runs_stageB_morph_phys7_paperA_best_by_test_fixedA/h1/best.pth
hunt,2000,h1,p1_h1_head_ln_lr1e-05_l21e+00_ep2000_ss107,stageB_best,head_ln,full,1e-05,0.0001,1.0,0.01,huber,1.0,-1.389655322295133,37.41543197631836,18.371081352233887,15.831367492675781,24,1985,0.23843634128570557,2026,107,drop0,30,4,8,test,0,/Users/nyx.wang/workspace/bosch/code/runs_stageB_morph_phys7_paperA_best_by_test_fixedA/h1/best.pth
hunt,2000,h1,p1_h1_head_ln_lr1e-04_l21e+01_ep2000_ss108,stageB_best,head_ln,full,0.0001,0.0001,10.0,0.01,huber,1.0,-0.31017389578884713,32.297916412353516,12.278380990028381,21.826072692871094,24,58,0.09451373666524887,2026,108,drop0,30,4,8,test,0,/Users/nyx.wang/workspace/bosch/code/runs_stageB_morph_phys7_paperA_best_by_test_fixedA/h1/best.pth
hunt,2000,h1,p1_h1_head_ln_lr3e-05_l21e+00_ep2000_ss108,stageB_best,head_ln,full,3e-05,0.0001,1.0,0.01,huber,1.0,-0.2604920915549038,31.256750106811523,11.816797405481339,19.148590087890625,24,327,0.09524942189455032,2026,108,drop0,30,4,8,test,0,/Users/nyx.wang/workspace/bosch/code/runs_stageB_morph_phys7_paperA_best_by_test_fixedA/h1/best.pth
hunt,2000,h1,p1_h1_head_ln_lr1e-05_l21e+00_ep2000_ss108,stageB_best,head_ln,full,1e-05,0.0001,1.0,0.01,huber,1.0,-0.2934243401470895,31.77153205871582,12.038356065750122,21.28510284423828,24,721,0.09731638431549072,2026,108,drop0,30,4,8,test,0,/Users/nyx.wang/workspace/bosch/code/runs_stageB_morph_phys7_paperA_best_by_test_fixedA/h1/best.pth
hunt,2000,h1,p1_h1_head_ln_lr1e-04_l21e+01_ep2000_ss109,stageB_best,head_ln,full,0.0001,0.0001,10.0,0.01,huber,1.0,-0.529836254263409,44.4969367980957,20.65480351448059,20.67601776123047,24,1694,0.03270167484879494,2026,109,drop0,30,4,8,test,0,/Users/nyx.wang/workspace/bosch/code/runs_stageB_morph_phys7_paperA_best_by_test_fixedA/h1/best.pth
hunt,2000,h1,p1_h1_head_ln_lr3e-05_l21e+00_ep2000_ss109,stageB_best,head_ln,full,3e-05,0.0001,1.0,0.01,huber,1.0,-0.6577128325004475,46.45174026489258,21.812796592712402,22.945083618164062,24,701,0.036741580814123154,2026,109,drop0,30,4,8,test,0,/Users/nyx.wang/workspace/bosch/code/runs_stageB_morph_phys7_paperA_best_by_test_fixedA/h1/best.pth
hunt,2000,h1,p1_h1_head_ln_lr1e-05_l21e+00_ep2000_ss109,stageB_best,head_ln,full,1e-05,0.0001,1.0,0.01,huber,1.0,-0.6420104041211736,45.93861389160156,21.575528383255005,24.38488006591797,24,1892,0.03805110976099968,2026,109,drop0,30,4,8,test,0,/Users/nyx.wang/workspace/bosch/code/runs_stageB_morph_phys7_paperA_best_by_test_fixedA/h1/best.pth
hunt,2000,h1,p1_h1_head_ln_lr1e-04_l21e+01_ep2000_ss110,stageB_best,head_ln,full,0.0001,0.0001,10.0,0.01,huber,1.0,0.6361478345025047,40.399173736572266,15.534043312072754,34.30364227294922,24,1,0.3437758684158325,2026,110,drop0,30,4,8,test,0,/Users/nyx.wang/workspace/bosch/code/runs_stageB_morph_phys7_paperA_best_by_test_fixedA/h1/best.pth
hunt,2000,h1,p1_h1_head_ln_lr3e-05_l21e+00_ep2000_ss110,stageB_best,head_ln,full,3e-05,0.0001,1.0,0.01,huber,1.0,0.6343708221178037,40.5163459777832,15.54795354604721,34.23802185058594,24,4,0.34389448165893555,2026,110,drop0,30,4,8,test,0,/Users/nyx.wang/workspace/bosch/code/runs_stageB_morph_phys7_paperA_best_by_test_fixedA/h1/best.pth
hunt,2000,h1,p1_h1_head_ln_lr1e-05_l21e+00_ep2000_ss110,stageB_best,head_ln,full,1e-05,0.0001,1.0,0.01,huber,1.0,0.633499952340664,40.56549072265625,15.559275448322296,34.23998260498047,24,13,0.3438704013824463,2026,110,drop0,30,4,8,test,0,/Users/nyx.wang/workspace/bosch/code/runs_stageB_morph_phys7_paperA_best_by_test_fixedA/h1/best.pth
hunt,2000,h1,p1_h1_head_ln_lr1e-04_l21e+01_ep2000_ss111,stageB_best,head_ln,full,0.0001,0.0001,10.0,0.01,huber,1.0,0.5746743382956654,40.46955108642578,14.709818363189697,27.638160705566406,24,1,0.16141439974308014,2026,111,drop0,30,4,8,test,0,/Users/nyx.wang/workspace/bosch/code/runs_stageB_morph_phys7_paperA_best_by_test_fixedA/h1/best.pth
hunt,2000,h1,p1_h1_head_ln_lr3e-05_l21e+00_ep2000_ss111,stageB_best,head_ln,full,3e-05,0.0001,1.0,0.01,huber,1.0,0.5595258092825712,41.52628707885742,14.993558824062347,29.412429809570312,24,1,0.15795548260211945,2026,111,drop0,30,4,8,test,0,/Users/nyx.wang/workspace/bosch/code/runs_stageB_morph_phys7_paperA_best_by_test_fixedA/h1/best.pth
hunt,2000,h1,p1_h1_head_ln_lr1e-05_l21e+00_ep2000_ss111,stageB_best,head_ln,full,1e-05,0.0001,1.0,0.01,huber,1.0,0.5548575341498738,41.93564224243164,15.138007700443268,29.62999725341797,24,1,0.15738649666309357,2026,111,drop0,30,4,8,test,0,/Users/nyx.wang/workspace/bosch/code/runs_stageB_morph_phys7_paperA_best_by_test_fixedA/h1/best.pth
hunt,2000,h1,p1_h1_head_ln_lr1e-04_l21e+01_ep2000_ss112,stageB_best,head_ln,full,0.0001,0.0001,10.0,0.01,huber,1.0,0.11838619874951306,41.5998420715332,21.017031371593475,31.741355895996094,24,139,0.4352623522281647,2026,112,drop0,30,4,8,test,0,/Users/nyx.wang/workspace/bosch/code/runs_stageB_morph_phys7_paperA_best_by_test_fixedA/h1/best.pth
hunt,2000,h1,p1_h1_head_ln_lr3e-05_l21e+00_ep2000_ss112,stageB_best,head_ln,full,3e-05,0.0001,1.0,0.01,huber,1.0,0.09732005922428477,41.83228302001953,21.23880237340927,32.07456970214844,24,337,0.44830039143562317,2026,112,drop0,30,4,8,test,0,/Users/nyx.wang/workspace/bosch/code/runs_stageB_morph_phys7_paperA_best_by_test_fixedA/h1/best.pth
hunt,2000,h1,p1_h1_head_ln_lr1e-05_l21e+00_ep2000_ss112,stageB_best,head_ln,full,1e-05,0.0001,1.0,0.01,huber,1.0,0.10389505330139082,41.770633697509766,21.190835535526276,31.63555145263672,24,1465,0.45294830203056335,2026,112,drop0,30,4,8,test,0,/Users/nyx.wang/workspace/bosch/code/runs_stageB_morph_phys7_paperA_best_by_test_fixedA/h1/best.pth
hunt,2000,h1,p1_h1_head_ln_lr1e-04_l21e+01_ep2000_ss113,stageB_best,head_ln,full,0.0001,0.0001,10.0,0.01,huber,1.0,0.7648284498933295,23.77372169494629,10.177159309387207,21.644454956054688,24,327,0.025442635640501976,2026,113,drop0,30,4,8,test,0,/Users/nyx.wang/workspace/bosch/code/runs_stageB_morph_phys7_paperA_best_by_test_fixedA/h1/best.pth
hunt,2000,h1,p1_h1_head_ln_lr3e-05_l21e+00_ep2000_ss113,stageB_best,head_ln,full,3e-05,0.0001,1.0,0.01,huber,1.0,0.7562105455957912,24.14085578918457,10.410603135824203,21.430587768554688,24,724,0.02884233556687832,2026,113,drop0,30,4,8,test,0,/Users/nyx.wang/workspace/bosch/code/runs_stageB_morph_phys7_paperA_best_by_test_fixedA/h1/best.pth
hunt,2000,h1,p1_h1_head_ln_lr1e-05_l21e+00_ep2000_ss113,stageB_best,head_ln,full,1e-05,0.0001,1.0,0.01,huber,1.0,0.7190176262191307,26.38495445251465,11.274802684783936,26.65325164794922,24,1544,0.0345025472342968,2026,113,drop0,30,4,8,test,0,/Users/nyx.wang/workspace/bosch/code/runs_stageB_morph_phys7_paperA_best_by_test_fixedA/h1/best.pth
hunt,2000,h1,p1_h1_head_ln_lr1e-04_l21e+01_ep2000_ss114,stageB_best,head_ln,full,0.0001,0.0001,10.0,0.01,huber,1.0,0.6798871556250866,21.867111206054688,9.583713859319687,17.11107635498047,24,1684,0.19348381459712982,2026,114,drop0,30,4,8,test,0,/Users/nyx.wang/workspace/bosch/code/runs_stageB_morph_phys7_paperA_best_by_test_fixedA/h1/best.pth
hunt,2000,h1,p1_h1_head_ln_lr3e-05_l21e+00_ep2000_ss114,stageB_best,head_ln,full,3e-05,0.0001,1.0,0.01,huber,1.0,0.7232246104221005,21.333114624023438,9.282270073890686,18.175186157226562,24,1764,0.21152983605861664,2026,114,drop0,30,4,8,test,0,/Users/nyx.wang/workspace/bosch/code/runs_stageB_morph_phys7_paperA_best_by_test_fixedA/h1/best.pth
hunt,2000,h1,p1_h1_head_ln_lr1e-05_l21e+00_ep2000_ss114,stageB_best,head_ln,full,1e-05,0.0001,1.0,0.01,huber,1.0,0.4712521472730936,26.710752487182617,11.060652136802673,26.609046936035156,24,125,0.21857750415802002,2026,114,drop0,30,4,8,test,0,/Users/nyx.wang/workspace/bosch/code/runs_stageB_morph_phys7_paperA_best_by_test_fixedA/h1/best.pth
hunt,2000,h1,p1_h1_head_ln_lr1e-04_l21e+01_ep2000_ss115,stageB_best,head_ln,full,0.0001,0.0001,10.0,0.01,huber,1.0,0.6370659542921845,38.93960189819336,13.675160706043243,27.901657104492188,24,1,0.5409314036369324,2026,115,drop0,30,4,8,test,0,/Users/nyx.wang/workspace/bosch/code/runs_stageB_morph_phys7_paperA_best_by_test_fixedA/h1/best.pth
hunt,2000,h1,p1_h1_head_ln_lr3e-05_l21e+00_ep2000_ss115,stageB_best,head_ln,full,3e-05,0.0001,1.0,0.01,huber,1.0,0.6094758219814562,40.475738525390625,14.108036458492279,31.133377075195312,24,1,0.5155088305473328,2026,115,drop0,30,4,8,test,0,/Users/nyx.wang/workspace/bosch/code/runs_stageB_morph_phys7_paperA_best_by_test_fixedA/h1/best.pth
hunt,2000,h1,p1_h1_head_ln_lr1e-05_l21e+00_ep2000_ss115,stageB_best,head_ln,full,1e-05,0.0001,1.0,0.01,huber,1.0,0.6007019678011715,40.930755615234375,14.236173033714294,32.08631896972656,24,1,0.5085342526435852,2026,115,drop0,30,4,8,test,0,/Users/nyx.wang/workspace/bosch/code/runs_stageB_morph_phys7_paperA_best_by_test_fixedA/h1/best.pth
hunt,2000,h1,p1_h1_head_ln_lr1e-04_l21e+01_ep2000_ss116,stageB_best,head_ln,full,0.0001,0.0001,10.0,0.01,huber,1.0,0.6723712204585528,29.408369064331055,11.93346381187439,21.942718505859375,24,1,0.26526540517807007,2026,116,drop0,30,4,8,test,0,/Users/nyx.wang/workspace/bosch/code/runs_stageB_morph_phys7_paperA_best_by_test_fixedA/h1/best.pth
hunt,2000,h1,p1_h1_head_ln_lr3e-05_l21e+00_ep2000_ss116,stageB_best,head_ln,full,3e-05,0.0001,1.0,0.01,huber,1.0,0.6342704336256721,31.16020393371582,12.395763397216797,24.87403106689453,24,1,0.24925737082958221,2026,116,drop0,30,4,8,test,0,/Users/nyx.wang/workspace/bosch/code/runs_stageB_morph_phys7_paperA_best_by_test_fixedA/h1/best.pth
hunt,2000,h1,p1_h1_head_ln_lr1e-05_l21e+00_ep2000_ss116,stageB_best,head_ln,full,1e-05,0.0001,1.0,0.01,huber,1.0,0.6210679594470786,31.67563819885254,12.531985342502594,26.287925720214844,24,1,0.24548554420471191,2026,116,drop0,30,4,8,test,0,/Users/nyx.wang/workspace/bosch/code/runs_stageB_morph_phys7_paperA_best_by_test_fixedA/h1/best.pth
hunt,2000,h1,p1_h1_head_ln_lr1e-04_l21e+01_ep2000_ss117,stageB_best,head_ln,full,0.0001,0.0001,10.0,0.01,huber,1.0,-0.5466937333246771,43.96388626098633,21.28736823797226,27.97307586669922,24,893,0.05277334153652191,2026,117,drop0,30,4,8,test,0,/Users/nyx.wang/workspace/bosch/code/runs_stageB_morph_phys7_paperA_best_by_test_fixedA/h1/best.pth
hunt,2000,h1,p1_h1_head_ln_lr3e-05_l21e+00_ep2000_ss117,stageB_best,head_ln,full,3e-05,0.0001,1.0,0.01,huber,1.0,-0.6575825893043419,45.31624984741211,22.032900154590607,28.42943572998047,24,1455,0.05726673826575279,2026,117,drop0,30,4,8,test,0,/Users/nyx.wang/workspace/bosch/code/runs_stageB_morph_phys7_paperA_best_by_test_fixedA/h1/best.pth
hunt,2000,h1,p1_h1_head_ln_lr1e-05_l21e+00_ep2000_ss117,stageB_best,head_ln,full,1e-05,0.0001,1.0,0.01,huber,1.0,-0.7526758664449396,46.66912841796875,22.791333496570587,30.781715393066406,24,1157,0.06109312176704407,2026,117,drop0,30,4,8,test,0,/Users/nyx.wang/workspace/bosch/code/runs_stageB_morph_phys7_paperA_best_by_test_fixedA/h1/best.pth
hunt,2000,h1,p1_h1_head_ln_lr1e-04_l21e+01_ep2000_ss118,stageB_best,head_ln,full,0.0001,0.0001,10.0,0.01,huber,1.0,0.008457279190197453,38.677581787109375,19.832710921764374,24.79944610595703,24,1431,0.25491198897361755,2026,118,drop0,30,4,8,test,0,/Users/nyx.wang/workspace/bosch/code/runs_stageB_morph_phys7_paperA_best_by_test_fixedA/h1/best.pth
hunt,2000,h1,p1_h1_head_ln_lr3e-05_l21e+00_ep2000_ss118,stageB_best,head_ln,full,3e-05,0.0001,1.0,0.01,huber,1.0,-0.0411418730624995,39.33168411254883,20.197641849517822,24.877273559570312,24,2000,0.2655027508735657,2026,118,drop0,30,4,8,test,0,/Users/nyx.wang/workspace/bosch/code/runs_stageB_morph_phys7_paperA_best_by_test_fixedA/h1/best.pth
hunt,2000,h1,p1_h1_head_ln_lr1e-05_l21e+00_ep2000_ss118,stageB_best,head_ln,full,1e-05,0.0001,1.0,0.01,huber,1.0,-0.0913781163775993,39.80427551269531,20.43774574995041,26.35240936279297,24,2000,0.3277413547039032,2026,118,drop0,30,4,8,test,0,/Users/nyx.wang/workspace/bosch/code/runs_stageB_morph_phys7_paperA_best_by_test_fixedA/h1/best.pth
hunt,2000,h1,p1_h1_head_ln_lr1e-04_l21e+01_ep2000_ss119,stageB_best,head_ln,full,0.0001,0.0001,10.0,0.01,huber,1.0,-0.9896795711536737,40.8594856262207,18.03879141807556,16.076820373535156,24,1267,0.22945529222488403,2026,119,drop0,30,4,8,test,0,/Users/nyx.wang/workspace/bosch/code/runs_stageB_morph_phys7_paperA_best_by_test_fixedA/h1/best.pth
hunt,2000,h1,p1_h1_head_ln_lr3e-05_l21e+00_ep2000_ss119,stageB_best,head_ln,full,3e-05,0.0001,1.0,0.01,huber,1.0,-1.0996837522885445,41.82775115966797,18.501515686511993,18.462928771972656,24,1421,0.2485601156949997,2026,119,drop0,30,4,8,test,0,/Users/nyx.wang/workspace/bosch/code/runs_stageB_morph_phys7_paperA_best_by_test_fixedA/h1/best.pth
hunt,2000,h1,p1_h1_head_ln_lr1e-05_l21e+00_ep2000_ss119,stageB_best,head_ln,full,1e-05,0.0001,1.0,0.01,huber,1.0,-1.0827045655450438,41.8486328125,18.34394335746765,16.630447387695312,24,247,0.26130324602127075,2026,119,drop0,30,4,8,test,0,/Users/nyx.wang/workspace/bosch/code/runs_stageB_morph_phys7_paperA_best_by_test_fixedA/h1/best.pth
hunt,2000,h1,p1_h1_head_ln_lr1e-04_l21e+01_ep2000_ss120,stageB_best,head_ln,full,0.0001,0.0001,10.0,0.01,huber,1.0,0.024600103391847927,29.68572998046875,14.77871984243393,27.003265380859375,24,1,0.34697625041007996,2026,120,drop0,30,4,8,test,0,/Users/nyx.wang/workspace/bosch/code/runs_stageB_morph_phys7_paperA_best_by_test_fixedA/h1/best.pth
hunt,2000,h1,p1_h1_head_ln_lr3e-05_l21e+00_ep2000_ss120,stageB_best,head_ln,full,3e-05,0.0001,1.0,0.01,huber,1.0,0.07942260456121164,29.00667381286621,14.228828251361847,26.319786071777344,24,1,0.3333962857723236,2026,120,drop0,30,4,8,test,0,/Users/nyx.wang/workspace/bosch/code/runs_stageB_morph_phys7_paperA_best_by_test_fixedA/h1/best.pth
hunt,2000,h1,p1_h1_head_ln_lr1e-05_l21e+00_ep2000_ss120,stageB_best,head_ln,full,1e-05,0.0001,1.0,0.01,huber,1.0,0.09115073450441269,28.99957275390625,14.167982339859009,26.32984161376953,24,1,0.3299453556537628,2026,120,drop0,30,4,8,test,0,/Users/nyx.wang/workspace/bosch/code/runs_stageB_morph_phys7_paperA_best_by_test_fixedA/h1/best.pth
hunt,2000,h1,p1_h1_head_ln_lr1e-04_l21e+01_ep2000_ss121,stageB_best,head_ln,full,0.0001,0.0001,10.0,0.01,huber,1.0,0.27121780449263033,20.50000762939453,8.452433347702026,14.2041015625,24,1042,0.052504390478134155,2026,121,drop0,30,4,8,test,0,/Users/nyx.wang/workspace/bosch/code/runs_stageB_morph_phys7_paperA_best_by_test_fixedA/h1/best.pth
hunt,2000,h1,p1_h1_head_ln_lr3e-05_l21e+00_ep2000_ss121,stageB_best,head_ln,full,3e-05,0.0001,1.0,0.01,huber,1.0,0.15468484247991598,21.31184959411621,8.660364151000977,13.569450378417969,24,1705,0.06296524405479431,2026,121,drop0,30,4,8,test,0,/Users/nyx.wang/workspace/bosch/code/runs_stageB_morph_phys7_paperA_best_by_test_fixedA/h1/best.pth
hunt,2000,h1,p1_h1_head_ln_lr1e-05_l21e+00_ep2000_ss121,stageB_best,head_ln,full,1e-05,0.0001,1.0,0.01,huber,1.0,0.15318115094549933,21.055076599121094,8.603715896606445,13.241958618164062,24,1926,0.07774554938077927,2026,121,drop0,30,4,8,test,0,/Users/nyx.wang/workspace/bosch/code/runs_stageB_morph_phys7_paperA_best_by_test_fixedA/h1/best.pth
hunt,2000,h1,p1_h1_head_ln_lr1e-04_l21e+01_ep2000_ss122,stageB_best,head_ln,full,0.0001,0.0001,10.0,0.01,huber,1.0,0.7447984800829972,25.309228897094727,11.301257461309433,24.663543701171875,24,276,0.09059547632932663,2026,122,drop0,30,4,8,test,0,/Users/nyx.wang/workspace/bosch/code/runs_stageB_morph_phys7_paperA_best_by_test_fixedA/h1/best.pth
hunt,2000,h1,p1_h1_head_ln_lr3e-05_l21e+00_ep2000_ss122,stageB_best,head_ln,full,3e-05,0.0001,1.0,0.01,huber,1.0,0.7400045704095044,25.472402572631836,11.251276731491089,24.733604431152344,24,885,0.09740715473890305,2026,122,drop0,30,4,8,test,0,/Users/nyx.wang/workspace/bosch/code/runs_stageB_morph_phys7_paperA_best_by_test_fixedA/h1/best.pth
hunt,2000,h1,p1_h1_head_ln_lr1e-05_l21e+00_ep2000_ss122,stageB_best,head_ln,full,1e-05,0.0001,1.0,0.01,huber,1.0,0.7053327912689924,25.92629051208496,11.74512431025505,22.988853454589844,24,1457,0.10518694669008255,2026,122,drop0,30,4,8,test,0,/Users/nyx.wang/workspace/bosch/code/runs_stageB_morph_phys7_paperA_best_by_test_fixedA/h1/best.pth
hunt,2000,h1,p1_h1_head_ln_lr1e-04_l21e+01_ep2000_ss123,stageB_best,head_ln,full,0.0001,0.0001,10.0,0.01,huber,1.0,0.6641743294311793,42.19364547729492,20.712988078594208,33.61998748779297,24,3,0.36257120966911316,2026,123,drop0,30,4,8,test,0,/Users/nyx.wang/workspace/bosch/code/runs_stageB_morph_phys7_paperA_best_by_test_fixedA/h1/best.pth
hunt,2000,h1,p1_h1_head_ln_lr3e-05_l21e+00_ep2000_ss123,stageB_best,head_ln,full,3e-05,0.0001,1.0,0.01,huber,1.0,0.6634940492085788,42.07587432861328,20.616428554058075,33.200660705566406,24,12,0.3648672103881836,2026,123,drop0,30,4,8,test,0,/Users/nyx.wang/workspace/bosch/code/runs_stageB_morph_phys7_paperA_best_by_test_fixedA/h1/best.pth
hunt,2000,h1,p1_h1_head_ln_lr1e-05_l21e+00_ep2000_ss123,stageB_best,head_ln,full,1e-05,0.0001,1.0,0.01,huber,1.0,0.6594774319446595,42.479251861572266,20.853205025196075,33.53034210205078,24,42,0.3666437864303589,2026,123,drop0,30,4,8,test,0,/Users/nyx.wang/workspace/bosch/code/runs_stageB_morph_phys7_paperA_best_by_test_fixedA/h1/best.pth
hunt,2000,h1,p1_h1_head_ln_lr1e-04_l21e+01_ep2000_ss124,stageB_best,head_ln,full,0.0001,0.0001,10.0,0.01,huber,1.0,0.037273611301131604,34.42243957519531,13.828377425670624,29.65515899658203,24,519,0.12117471545934677,2026,124,drop0,30,4,8,test,0,/Users/nyx.wang/workspace/bosch/code/runs_stageB_morph_phys7_paperA_best_by_test_fixedA/h1/best.pth
hunt,2000,h1,p1_h1_head_ln_lr3e-05_l21e+00_ep2000_ss124,stageB_best,head_ln,full,3e-05,0.0001,1.0,0.01,huber,1.0,0.1380997321453833,32.639156341552734,13.025838136672974,29.756546020507812,24,1396,0.12498825788497925,2026,124,drop0,30,4,8,test,0,/Users/nyx.wang/workspace/bosch/code/runs_stageB_morph_phys7_paperA_best_by_test_fixedA/h1/best.pth
hunt,2000,h1,p1_h1_head_ln_lr1e-05_l21e+00_ep2000_ss124,stageB_best,head_ln,full,1e-05,0.0001,1.0,0.01,huber,1.0,0.2761100889838539,31.154830932617188,12.376409024000168,25.74614715576172,24,1999,0.15748469531536102,2026,124,drop0,30,4,8,test,0,/Users/nyx.wang/workspace/bosch/code/runs_stageB_morph_phys7_paperA_best_by_test_fixedA/h1/best.pth
hunt,2000,h1,p1_h1_head_ln_lr1e-04_l21e+01_ep2000_ss125,stageB_best,head_ln,full,0.0001,0.0001,10.0,0.01,huber,1.0,0.4819775541659711,44.788116455078125,18.25355291366577,18.53997802734375,24,92,0.2872970998287201,2026,125,drop0,30,4,8,test,0,/Users/nyx.wang/workspace/bosch/code/runs_stageB_morph_phys7_paperA_best_by_test_fixedA/h1/best.pth
hunt,2000,h1,p1_h1_head_ln_lr3e-05_l21e+00_ep2000_ss125,stageB_best,head_ln,full,3e-05,0.0001,1.0,0.01,huber,1.0,0.47720770751498287,43.766536712646484,17.79375672340393,16.076828002929688,24,942,0.3040675222873688,2026,125,drop0,30,4,8,test,0,/Users/nyx.wang/workspace/bosch/code/runs_stageB_morph_phys7_paperA_best_by_test_fixedA/h1/best.pth
hunt,2000,h1,p1_h1_head_ln_lr1e-05_l21e+00_ep2000_ss125,stageB_best,head_ln,full,1e-05,0.0001,1.0,0.01,huber,1.0,0.4707761738614298,44.8367805480957,18.093007802963257,15.383628845214844,24,1926,0.3104751706123352,2026,125,drop0,30,4,8,test,0,/Users/nyx.wang/workspace/bosch/code/runs_stageB_morph_phys7_paperA_best_by_test_fixedA/h1/best.pth
hunt,2000,h1,p1_h1_head_ln_lr1e-04_l21e+01_ep2000_ss126,stageB_best,head_ln,full,0.0001,0.0001,10.0,0.01,huber,1.0,-0.21981256944178473,33.173580169677734,16.437900066375732,22.036453247070312,24,1,0.5730650424957275,2026,126,drop0,30,4,8,test,0,/Users/nyx.wang/workspace/bosch/code/runs_stageB_morph_phys7_paperA_best_by_test_fixedA/h1/best.pth
hunt,2000,h1,p1_h1_head_ln_lr3e-05_l21e+00_ep2000_ss126,stageB_best,head_ln,full,3e-05,0.0001,1.0,0.01,huber,1.0,-0.09972905678928701,31.851226806640625,15.62986671924591,19.648536682128906,24,1,0.5422850251197815,2026,126,drop0,30,4,8,test,0,/Users/nyx.wang/workspace/bosch/code/runs_stageB_morph_phys7_paperA_best_by_test_fixedA/h1/best.pth
hunt,2000,h1,p1_h1_head_ln_lr1e-05_l21e+00_ep2000_ss126,stageB_best,head_ln,full,1e-05,0.0001,1.0,0.01,huber,1.0,-0.07075109780729849,31.700796127319336,15.491065382957458,21.409744262695312,24,1,0.5341525077819824,2026,126,drop0,30,4,8,test,0,/Users/nyx.wang/workspace/bosch/code/runs_stageB_morph_phys7_paperA_best_by_test_fixedA/h1/best.pth
hunt,2000,h1,p1_h1_head_ln_lr1e-04_l21e+01_ep2000_ss127,stageB_best,head_ln,full,0.0001,0.0001,10.0,0.01,huber,1.0,0.7600958150029091,27.69207191467285,9.519904851913452,15.848289489746094,24,373,0.15469157695770264,2026,127,drop0,30,4,8,test,0,/Users/nyx.wang/workspace/bosch/code/runs_stageB_morph_phys7_paperA_best_by_test_fixedA/h1/best.pth
hunt,2000,h1,p1_h1_head_ln_lr3e-05_l21e+00_ep2000_ss127,stageB_best,head_ln,full,3e-05,0.0001,1.0,0.01,huber,1.0,0.7691254292274083,27.32402229309082,9.473931044340134,16.97754669189453,24,1165,0.16639405488967896,2026,127,drop0,30,4,8,test,0,/Users/nyx.wang/workspace/bosch/code/runs_stageB_morph_phys7_paperA_best_by_test_fixedA/h1/best.pth
hunt,2000,h1,p1_h1_head_ln_lr1e-05_l21e+00_ep2000_ss127,stageB_best,head_ln,full,1e-05,0.0001,1.0,0.01,huber,1.0,0.7379774781670705,30.750471115112305,11.08003854751587,19.819190979003906,24,1851,0.18586117029190063,2026,127,drop0,30,4,8,test,0,/Users/nyx.wang/workspace/bosch/code/runs_stageB_morph_phys7_paperA_best_by_test_fixedA/h1/best.pth
hunt,2000,h1,p1_h1_head_ln_lr1e-04_l21e+01_ep2000_ss128,stageB_best,head_ln,full,0.0001,0.0001,10.0,0.01,huber,1.0,0.28219877630659507,27.32317543029785,12.020191550254822,25.776077270507812,24,778,0.6749685406684875,2026,128,drop0,30,4,8,test,0,/Users/nyx.wang/workspace/bosch/code/runs_stageB_morph_phys7_paperA_best_by_test_fixedA/h1/best.pth
hunt,2000,h1,p1_h1_head_ln_lr3e-05_l21e+00_ep2000_ss128,stageB_best,head_ln,full,3e-05,0.0001,1.0,0.01,huber,1.0,0.276801632135223,27.369958877563477,11.986411362886429,26.13213348388672,24,1921,0.7353343963623047,2026,128,drop0,30,4,8,test,0,/Users/nyx.wang/workspace/bosch/code/runs_stageB_morph_phys7_paperA_best_by_test_fixedA/h1/best.pth
hunt,2000,h1,p1_h1_head_ln_lr1e-05_l21e+00_ep2000_ss128,stageB_best,head_ln,full,1e-05,0.0001,1.0,0.01,huber,1.0,0.27580495464406074,25.569473266601562,10.787389427423477,22.202171325683594,24,1,0.8021947741508484,2026,128,drop0,30,4,8,test,0,/Users/nyx.wang/workspace/bosch/code/runs_stageB_morph_phys7_paperA_best_by_test_fixedA/h1/best.pth
hunt,2000,h1,p1_h1_head_ln_lr1e-04_l21e+01_ep2000_ss129,stageB_best,head_ln,full,0.0001,0.0001,10.0,0.01,huber,1.0,-0.6767511322318864,37.2126579284668,19.058267772197723,24.645248413085938,24,282,0.155214324593544,2026,129,drop0,30,4,8,test,0,/Users/nyx.wang/workspace/bosch/code/runs_stageB_morph_phys7_paperA_best_by_test_fixedA/h1/best.pth
hunt,2000,h1,p1_h1_head_ln_lr3e-05_l21e+00_ep2000_ss129,stageB_best,head_ln,full,3e-05,0.0001,1.0,0.01,huber,1.0,-0.8039976496904337,39.060489654541016,20.026500523090363,32.358856201171875,24,519,0.1584492176771164,2026,129,drop0,30,4,8,test,0,/Users/nyx.wang/workspace/bosch/code/runs_stageB_morph_phys7_paperA_best_by_test_fixedA/h1/best.pth
hunt,2000,h1,p1_h1_head_ln_lr1e-05_l21e+00_ep2000_ss129,stageB_best,head_ln,full,1e-05,0.0001,1.0,0.01,huber,1.0,-0.8852996898169099,40.037899017333984,20.59636116027832,33.72416687011719,24,1872,0.16750037670135498,2026,129,drop0,30,4,8,test,0,/Users/nyx.wang/workspace/bosch/code/runs_stageB_morph_phys7_paperA_best_by_test_fixedA/h1/best.pth
hunt,2000,h1,p1_h1_head_ln_lr1e-04_l21e+01_ep2000_ss130,stageB_best,head_ln,full,0.0001,0.0001,10.0,0.01,huber,1.0,-0.13335534259133364,43.8460807800293,22.646521031856537,34.91431427001953,24,944,0.18735159933567047,2026,130,drop0,30,4,8,test,0,/Users/nyx.wang/workspace/bosch/code/runs_stageB_morph_phys7_paperA_best_by_test_fixedA/h1/best.pth
hunt,2000,h1,p1_h1_head_ln_lr3e-05_l21e+00_ep2000_ss130,stageB_best,head_ln,full,3e-05,0.0001,1.0,0.01,huber,1.0,-0.22266564137718792,45.959381103515625,23.767082393169403,33.83470916748047,24,1501,0.22164712846279144,2026,130,drop0,30,4,8,test,0,/Users/nyx.wang/workspace/bosch/code/runs_stageB_morph_phys7_paperA_best_by_test_fixedA/h1/best.pth
hunt,2000,h1,p1_h1_head_ln_lr1e-05_l21e+00_ep2000_ss130,stageB_best,head_ln,full,1e-05,0.0001,1.0,0.01,huber,1.0,-0.20681388716333782,47.42575454711914,24.702922999858856,38.053680419921875,24,1982,0.28234338760375977,2026,130,drop0,30,4,8,test,0,/Users/nyx.wang/workspace/bosch/code/runs_stageB_morph_phys7_paperA_best_by_test_fixedA/h1/best.pth
hunt,2000,h1,p1_h1_head_ln_lr1e-04_l21e+01_ep2000_ss131,stageB_best,head_ln,full,0.0001,0.0001,10.0,0.01,huber,1.0,0.029215918023446696,40.01128005981445,18.82956475019455,24.862709045410156,24,720,0.16125409305095673,2026,131,drop0,30,4,8,test,0,/Users/nyx.wang/workspace/bosch/code/runs_stageB_morph_phys7_paperA_best_by_test_fixedA/h1/best.pth
hunt,2000,h1,p1_h1_head_ln_lr3e-05_l21e+00_ep2000_ss131,stageB_best,head_ln,full,3e-05,0.0001,1.0,0.01,huber,1.0,-0.056788323821929554,41.234928131103516,19.56115812063217,26.25714111328125,24,1169,0.1729678362607956,2026,131,drop0,30,4,8,test,0,/Users/nyx.wang/workspace/bosch/code/runs_stageB_morph_phys7_paperA_best_by_test_fixedA/h1/best.pth
hunt,2000,h1,p1_h1_head_ln_lr1e-05_l21e+00_ep2000_ss131,stageB_best,head_ln,full,1e-05,0.0001,1.0,0.01,huber,1.0,-0.04355528229307404,40.66488265991211,19.668519496917725,27.79326629638672,24,1973,0.1957579404115677,2026,131,drop0,30,4,8,test,0,/Users/nyx.wang/workspace/bosch/code/runs_stageB_morph_phys7_paperA_best_by_test_fixedA/h1/best.pth
hunt,2000,h1,p1_h1_head_ln_lr1e-04_l21e+01_ep2000_ss132,stageB_best,head_ln,full,0.0001,0.0001,10.0,0.01,huber,1.0,0.8102739695260617,21.93342399597168,10.694843530654907,20.773147583007812,24,164,0.18601299822330475,2026,132,drop0,30,4,8,test,0,/Users/nyx.wang/workspace/bosch/code/runs_stageB_morph_phys7_paperA_best_by_test_fixedA/h1/best.pth
hunt,2000,h1,p1_h1_head_ln_lr3e-05_l21e+00_ep2000_ss132,stageB_best,head_ln,full,3e-05,0.0001,1.0,0.01,huber,1.0,0.7960789952479753,22.60865020751953,11.067452281713486,20.403533935546875,24,480,0.18433038890361786,2026,132,drop0,30,4,8,test,0,/Users/nyx.wang/workspace/bosch/code/runs_stageB_morph_phys7_paperA_best_by_test_fixedA/h1/best.pth
hunt,2000,h1,p1_h1_head_ln_lr1e-05_l21e+00_ep2000_ss132,stageB_best,head_ln,full,1e-05,0.0001,1.0,0.01,huber,1.0,0.7707786831857972,23.614290237426758,11.591146141290665,20.861526489257812,24,1982,0.1855771690607071,2026,132,drop0,30,4,8,test,0,/Users/nyx.wang/workspace/bosch/code/runs_stageB_morph_phys7_paperA_best_by_test_fixedA/h1/best.pth
hunt,2000,h1,p1_h1_head_ln_lr1e-04_l21e+01_ep2000_ss133,stageB_best,head_ln,full,0.0001,0.0001,10.0,0.01,huber,1.0,-0.10758706131077367,44.02528762817383,21.652495861053467,26.184005737304688,24,165,0.11738226562738419,2026,133,drop0,30,4,8,test,0,/Users/nyx.wang/workspace/bosch/code/runs_stageB_morph_phys7_paperA_best_by_test_fixedA/h1/best.pth
hunt,2000,h1,p1_h1_head_ln_lr3e-05_l21e+00_ep2000_ss133,stageB_best,head_ln,full,3e-05,0.0001,1.0,0.01,huber,1.0,-0.13483603305491432,44.59244918823242,21.97943776845932,28.063003540039062,24,613,0.11928882449865341,2026,133,drop0,30,4,8,test,0,/Users/nyx.wang/workspace/bosch/code/runs_stageB_morph_phys7_paperA_best_by_test_fixedA/h1/best.pth
hunt,2000,h1,p1_h1_head_ln_lr1e-05_l21e+00_ep2000_ss133,stageB_best,head_ln,full,1e-05,0.0001,1.0,0.01,huber,1.0,-0.12229098989813991,44.38673400878906,22.004635632038116,30.094696044921875,24,1985,0.1283264011144638,2026,133,drop0,30,4,8,test,0,/Users/nyx.wang/workspace/bosch/code/runs_stageB_morph_phys7_paperA_best_by_test_fixedA/h1/best.pth
hunt,2000,h1,p1_h1_head_ln_lr1e-04_l21e+01_ep2000_ss134,stageB_best,head_ln,full,0.0001,0.0001,10.0,0.01,huber,1.0,0.4763186799466933,27.4327449798584,15.449477732181549,22.261924743652344,24,1016,0.04168833792209625,2026,134,drop0,30,4,8,test,0,/Users/nyx.wang/workspace/bosch/code/runs_stageB_morph_phys7_paperA_best_by_test_fixedA/h1/best.pth
hunt,2000,h1,p1_h1_head_ln_lr3e-05_l21e+00_ep2000_ss134,stageB_best,head_ln,full,3e-05,0.0001,1.0,0.01,huber,1.0,0.421667151170408,28.796417236328125,16.441993415355682,21.904685974121094,24,1799,0.05582766234874725,2026,134,drop0,30,4,8,test,0,/Users/nyx.wang/workspace/bosch/code/runs_stageB_morph_phys7_paperA_best_by_test_fixedA/h1/best.pth
hunt,2000,h1,p1_h1_head_ln_lr1e-05_l21e+00_ep2000_ss134,stageB_best,head_ln,full,1e-05,0.0001,1.0,0.01,huber,1.0,0.41292820394411733,28.602792739868164,16.414551436901093,22.224632263183594,24,1999,0.08703669160604477,2026,134,drop0,30,4,8,test,0,/Users/nyx.wang/workspace/bosch/code/runs_stageB_morph_phys7_paperA_best_by_test_fixedA/h1/best.pth
hunt,2000,h1,p1_h1_head_ln_lr1e-04_l21e+01_ep2000_ss135,stageB_best,head_ln,full,0.0001,0.0001,10.0,0.01,huber,1.0,0.3423343222433276,21.4670352935791,8.757633715867996,18.170486450195312,24,1057,0.12148726731538773,2026,135,drop0,30,4,8,test,0,/Users/nyx.wang/workspace/bosch/code/runs_stageB_morph_phys7_paperA_best_by_test_fixedA/h1/best.pth
hunt,2000,h1,p1_h1_head_ln_lr3e-05_l21e+00_ep2000_ss135,stageB_best,head_ln,full,3e-05,0.0001,1.0,0.01,huber,1.0,0.23619672545209625,23.05897331237793,9.434222429990768,16.820213317871094,24,1907,0.13120411336421967,2026,135,drop0,30,4,8,test,0,/Users/nyx.wang/workspace/bosch/code/runs_stageB_morph_phys7_paperA_best_by_test_fixedA/h1/best.pth
hunt,2000,h1,p1_h1_head_ln_lr1e-05_l21e+00_ep2000_ss135,stageB_best,head_ln,full,1e-05,0.0001,1.0,0.01,huber,1.0,-0.12773830449382673,25.788198471069336,10.522505640983582,18.420494079589844,24,2000,0.16417962312698364,2026,135,drop0,30,4,8,test,0,/Users/nyx.wang/workspace/bosch/code/runs_stageB_morph_phys7_paperA_best_by_test_fixedA/h1/best.pth
hunt,2000,h1,p1_h1_head_ln_lr1e-04_l21e+01_ep2000_ss136,stageB_best,head_ln,full,0.0001,0.0001,10.0,0.01,huber,1.0,0.14566334302573036,39.85267639160156,17.673899233341217,35.09876251220703,24,17,0.7896134853363037,2026,136,drop0,30,4,8,test,0,/Users/nyx.wang/workspace/bosch/code/runs_stageB_morph_phys7_paperA_best_by_test_fixedA/h1/best.pth
hunt,2000,h1,p1_h1_head_ln_lr3e-05_l21e+00_ep2000_ss136,stageB_best,head_ln,full,3e-05,0.0001,1.0,0.01,huber,1.0,0.14203306242411484,40.13875198364258,17.80170202255249,34.492713928222656,24,33,0.8000521063804626,2026,136,drop0,30,4,8,test,0,/Users/nyx.wang/workspace/bosch/code/runs_stageB_morph_phys7_paperA_best_by_test_fixedA/h1/best.pth
hunt,2000,h1,p1_h1_head_ln_lr1e-05_l21e+00_ep2000_ss136,stageB_best,head_ln,full,1e-05,0.0001,1.0,0.01,huber,1.0,0.1421693197550168,40.17509841918945,17.785854637622833,33.81718444824219,24,86,0.8053469657897949,2026,136,drop0,30,4,8,test,0,/Users/nyx.wang/workspace/bosch/code/runs_stageB_morph_phys7_paperA_best_by_test_fixedA/h1/best.pth
hunt,2000,h1,p1_h1_head_ln_lr1e-04_l21e+01_ep2000_ss137,stageB_best,head_ln,full,0.0001,0.0001,10.0,0.01,huber,1.0,0.14010377128282037,29.25678825378418,15.368467569351196,17.133445739746094,24,1276,0.39053407311439514,2026,137,drop0,30,4,8,test,0,/Users/nyx.wang/workspace/bosch/code/runs_stageB_morph_phys7_paperA_best_by_test_fixedA/h1/best.pth
hunt,2000,h1,p1_h1_head_ln_lr3e-05_l21e+00_ep2000_ss137,stageB_best,head_ln,full,3e-05,0.0001,1.0,0.01,huber,1.0,0.07316648468990627,29.87862205505371,15.749520063400269,18.531661987304688,24,1998,0.4170902669429779,2026,137,drop0,30,4,8,test,0,/Users/nyx.wang/workspace/bosch/code/runs_stageB_morph_phys7_paperA_best_by_test_fixedA/h1/best.pth
hunt,2000,h1,p1_h1_head_ln_lr1e-05_l21e+00_ep2000_ss137,stageB_best,head_ln,full,1e-05,0.0001,1.0,0.01,huber,1.0,-0.004354546539443227,30.881879806518555,16.34051948785782,17.56218719482422,24,2000,0.5134832262992859,2026,137,drop0,30,4,8,test,0,/Users/nyx.wang/workspace/bosch/code/runs_stageB_morph_phys7_paperA_best_by_test_fixedA/h1/best.pth
hunt,2000,h1,p1_h1_head_ln_lr1e-04_l21e+01_ep2000_ss138,stageB_best,head_ln,full,0.0001,0.0001,10.0,0.01,huber,1.0,0.48869672857022817,38.93397903442383,12.646161019802094,19.293357849121094,24,14,0.35714104771614075,2026,138,drop0,30,4,8,test,0,/Users/nyx.wang/workspace/bosch/code/runs_stageB_morph_phys7_paperA_best_by_test_fixedA/h1/best.pth
hunt,2000,h1,p1_h1_head_ln_lr3e-05_l21e+00_ep2000_ss138,stageB_best,head_ln,full,3e-05,0.0001,1.0,0.01,huber,1.0,0.48449300549162866,39.17671585083008,12.744365632534027,19.7431640625,24,57,0.3597169816493988,2026,138,drop0,30,4,8,test,0,/Users/nyx.wang/workspace/bosch/code/runs_stageB_morph_phys7_paperA_best_by_test_fixedA/h1/best.pth
hunt,2000,h1,p1_h1_head_ln_lr1e-05_l21e+00_ep2000_ss138,stageB_best,head_ln,full,1e-05,0.0001,1.0,0.01,huber,1.0,0.496988238292544,38.666011810302734,12.616944313049316,20.32520294189453,24,210,0.3599545657634735,2026,138,drop0,30,4,8,test,0,/Users/nyx.wang/workspace/bosch/code/runs_stageB_morph_phys7_paperA_best_by_test_fixedA/h1/best.pth
hunt,2000,h1,p1_h1_head_ln_lr1e-04_l21e+01_ep2000_ss139,stageB_best,head_ln,full,0.0001,0.0001,10.0,0.01,huber,1.0,0.4901034360114934,36.520809173583984,16.513778269290924,30.40557098388672,24,356,0.01330129336565733,2026,139,drop0,30,4,8,test,0,/Users/nyx.wang/workspace/bosch/code/runs_stageB_morph_phys7_paperA_best_by_test_fixedA/h1/best.pth
hunt,2000,h1,p1_h1_head_ln_lr3e-05_l21e+00_ep2000_ss139,stageB_best,head_ln,full,3e-05,0.0001,1.0,0.01,huber,1.0,0.49487522309474274,36.38736343383789,16.47859960794449,29.951805114746094,24,1369,0.014318297617137432,2026,139,drop0,30,4,8,test,0,/Users/nyx.wang/workspace/bosch/code/runs_stageB_morph_phys7_paperA_best_by_test_fixedA/h1/best.pth
hunt,2000,h1,p1_h1_head_ln_lr1e-05_l21e+00_ep2000_ss139,stageB_best,head_ln,full,1e-05,0.0001,1.0,0.01,huber,1.0,0.31741788837491014,41.28632736206055,18.623334169387817,37.34272766113281,24,1993,0.020063526928424835,2026,139,drop0,30,4,8,test,0,/Users/nyx.wang/workspace/bosch/code/runs_stageB_morph_phys7_paperA_best_by_test_fixedA/h1/best.pth
hunt,2000,h1,p1_h1_head_ln_lr1e-04_l21e+01_ep2000_ss140,stageB_best,head_ln,full,0.0001,0.0001,10.0,0.01,huber,1.0,0.7011288114076086,19.317710876464844,9.233257174491882,14.446502685546875,24,1202,0.30727091431617737,2026,140,drop0,30,4,8,test,0,/Users/nyx.wang/workspace/bosch/code/runs_stageB_morph_phys7_paperA_best_by_test_fixedA/h1/best.pth
hunt,2000,h1,p1_h1_head_ln_lr3e-05_l21e+00_ep2000_ss140,stageB_best,head_ln,full,3e-05,0.0001,1.0,0.01,huber,1.0,0.6877827229030986,19.283140182495117,9.012901782989502,14.506332397460938,24,1203,0.33371588587760925,2026,140,drop0,30,4,8,test,0,/Users/nyx.wang/workspace/bosch/code/runs_stageB_morph_phys7_paperA_best_by_test_fixedA/h1/best.pth
hunt,2000,h1,p1_h1_head_ln_lr1e-05_l21e+00_ep2000_ss140,stageB_best,head_ln,full,1e-05,0.0001,1.0,0.01,huber,1.0,0.6338232728330675,22.573699951171875,10.310926288366318,20.320037841796875,24,77,0.3482067286968231,2026,140,drop0,30,4,8,test,0,/Users/nyx.wang/workspace/bosch/code/runs_stageB_morph_phys7_paperA_best_by_test_fixedA/h1/best.pth
hunt,2000,h1,p1_h1_head_ln_lr1e-04_l21e+01_ep2000_ss141,stageB_best,head_ln,full,0.0001,0.0001,10.0,0.01,huber,1.0,0.4923092799357528,48.9664306640625,22.468601167201996,37.91339111328125,24,8,0.34044185280799866,2026,141,drop0,30,4,8,test,0,/Users/nyx.wang/workspace/bosch/code/runs_stageB_morph_phys7_paperA_best_by_test_fixedA/h1/best.pth
hunt,2000,h1,p1_h1_head_ln_lr3e-05_l21e+00_ep2000_ss141,stageB_best,head_ln,full,3e-05,0.0001,1.0,0.01,huber,1.0,0.5103569986836958,47.76166915893555,22.08426743745804,35.90467071533203,24,64,0.34779930114746094,2026,141,drop0,30,4,8,test,0,/Users/nyx.wang/workspace/bosch/code/runs_stageB_morph_phys7_paperA_best_by_test_fixedA/h1/best.pth
hunt,2000,h1,p1_h1_head_ln_lr1e-05_l21e+00_ep2000_ss141,stageB_best,head_ln,full,1e-05,0.0001,1.0,0.01,huber,1.0,0.500909764394212,48.6536750793457,22.211933135986328,35.99822235107422,24,86,0.34960195422172546,2026,141,drop0,30,4,8,test,0,/Users/nyx.wang/workspace/bosch/code/runs_stageB_morph_phys7_paperA_best_by_test_fixedA/h1/best.pth
hunt,2000,h1,p1_h1_head_ln_lr1e-04_l21e+01_ep2000_ss142,stageB_best,head_ln,full,0.0001,0.0001,10.0,0.01,huber,1.0,0.6516042969263482,51.67149353027344,23.803532123565674,41.25641632080078,24,139,0.08701055496931076,2026,142,drop0,30,4,8,test,0,/Users/nyx.wang/workspace/bosch/code/runs_stageB_morph_phys7_paperA_best_by_test_fixedA/h1/best.pth
hunt,2000,h1,p1_h1_head_ln_lr3e-05_l21e+00_ep2000_ss142,stageB_best,head_ln,full,3e-05,0.0001,1.0,0.01,huber,1.0,0.6385881056759204,52.373958587646484,24.194075167179108,44.74198913574219,24,269,0.09619402885437012,2026,142,drop0,30,4,8,test,0,/Users/nyx.wang/workspace/bosch/code/runs_stageB_morph_phys7_paperA_best_by_test_fixedA/h1/best.pth
hunt,2000,h1,p1_h1_head_ln_lr1e-05_l21e+00_ep2000_ss142,stageB_best,head_ln,full,1e-05,0.0001,1.0,0.01,huber,1.0,0.6384403785747639,52.37051773071289,24.29865598678589,45.54076385498047,24,873,0.09975973516702652,2026,142,drop0,30,4,8,test,0,/Users/nyx.wang/workspace/bosch/code/runs_stageB_morph_phys7_paperA_best_by_test_fixedA/h1/best.pth
hunt,2000,h1,p1_h1_head_ln_lr1e-04_l21e+01_ep2000_ss143,stageB_best,head_ln,full,0.0001,0.0001,10.0,0.01,huber,1.0,0.2512306578997483,30.81986427307129,12.017601728439331,21.84484100341797,24,1202,0.3692030906677246,2026,143,drop0,30,4,8,test,0,/Users/nyx.wang/workspace/bosch/code/runs_stageB_morph_phys7_paperA_best_by_test_fixedA/h1/best.pth
hunt,2000,h1,p1_h1_head_ln_lr3e-05_l21e+00_ep2000_ss143,stageB_best,head_ln,full,3e-05,0.0001,1.0,0.01,huber,1.0,0.20560417986724977,30.726285934448242,11.919303983449936,23.406814575195312,24,2000,0.4121211767196655,2026,143,drop0,30,4,8,test,0,/Users/nyx.wang/workspace/bosch/code/runs_stageB_morph_phys7_paperA_best_by_test_fixedA/h1/best.pth
hunt,2000,h1,p1_h1_head_ln_lr1e-05_l21e+00_ep2000_ss143,stageB_best,head_ln,full,1e-05,0.0001,1.0,0.01,huber,1.0,0.268453428342907,29.883544921875,11.852999776601791,23.23523712158203,24,2000,0.483830064535141,2026,143,drop0,30,4,8,test,0,/Users/nyx.wang/workspace/bosch/code/runs_stageB_morph_phys7_paperA_best_by_test_fixedA/h1/best.pth
hunt,2000,h1,p1_h1_head_ln_lr1e-04_l21e+01_ep2000_ss144,stageB_best,head_ln,full,0.0001,0.0001,10.0,0.01,huber,1.0,0.6171795610675803,20.477025985717773,9.369082003831863,16.766319274902344,24,202,0.07817570120096207,2026,144,drop0,30,4,8,test,0,/Users/nyx.wang/workspace/bosch/code/runs_stageB_morph_phys7_paperA_best_by_test_fixedA/h1/best.pth
hunt,2000,h1,p1_h1_head_ln_lr3e-05_l21e+00_ep2000_ss144,stageB_best,head_ln,full,3e-05,0.0001,1.0,0.01,huber,1.0,0.6009000256145389,21.36988067626953,9.804736822843552,17.330604553222656,24,375,0.08172542601823807,2026,144,drop0,30,4,8,test,0,/Users/nyx.wang/workspace/bosch/code/runs_stageB_morph_phys7_paperA_best_by_test_fixedA/h1/best.pth
hunt,2000,h1,p1_h1_head_ln_lr1e-05_l21e+00_ep2000_ss144,stageB_best,head_ln,full,1e-05,0.0001,1.0,0.01,huber,1.0,0.5892757664066022,21.58099365234375,9.946823120117188,17.53118133544922,24,1999,0.08725755661725998,2026,144,drop0,30,4,8,test,0,/Users/nyx.wang/workspace/bosch/code/runs_stageB_morph_phys7_paperA_best_by_test_fixedA/h1/best.pth
hunt,2000,h1,p1_h1_head_ln_lr1e-04_l21e+01_ep2000_ss145,stageB_best,head_ln,full,0.0001,0.0001,10.0,0.01,huber,1.0,0.4863559984830892,60.31142044067383,29.59112823009491,53.09209442138672,24,1047,0.12600022554397583,2026,145,drop0,30,4,8,test,0,/Users/nyx.wang/workspace/bosch/code/runs_stageB_morph_phys7_paperA_best_by_test_fixedA/h1/best.pth
hunt,2000,h1,p1_h1_head_ln_lr3e-05_l21e+00_ep2000_ss145,stageB_best,head_ln,full,3e-05,0.0001,1.0,0.01,huber,1.0,0.47930349326809807,60.01133346557617,29.172587394714355,50.75120544433594,24,1844,0.15060870349407196,2026,145,drop0,30,4,8,test,0,/Users/nyx.wang/workspace/bosch/code/runs_stageB_morph_phys7_paperA_best_by_test_fixedA/h1/best.pth
hunt,2000,h1,p1_h1_head_ln_lr1e-05_l21e+00_ep2000_ss145,stageB_best,head_ln,full,1e-05,0.0001,1.0,0.01,huber,1.0,0.4956872875998821,60.064453125,29.416733980178833,50.33318328857422,24,1073,0.16617217659950256,2026,145,drop0,30,4,8,test,0,/Users/nyx.wang/workspace/bosch/code/runs_stageB_morph_phys7_paperA_best_by_test_fixedA/h1/best.pth
hunt,2000,h1,p1_h1_head_ln_lr1e-04_l21e+01_ep2000_ss146,stageB_best,head_ln,full,0.0001,0.0001,10.0,0.01,huber,1.0,-0.03695960594550529,31.184425354003906,14.151948690414429,20.236968994140625,24,119,0.11889765411615372,2026,146,drop0,30,4,8,test,0,/Users/nyx.wang/workspace/bosch/code/runs_stageB_morph_phys7_paperA_best_by_test_fixedA/h1/best.pth
hunt,2000,h1,p1_h1_head_ln_lr3e-05_l21e+00_ep2000_ss146,stageB_best,head_ln,full,3e-05,0.0001,1.0,0.01,huber,1.0,-0.03736684184053973,31.367631912231445,14.237600564956665,21.141151428222656,24,408,0.11713194102048874,2026,146,drop0,30,4,8,test,0,/Users/nyx.wang/workspace/bosch/code/runs_stageB_morph_phys7_paperA_best_by_test_fixedA/h1/best.pth
hunt,2000,h1,p1_h1_head_ln_lr1e-05_l21e+00_ep2000_ss146,stageB_best,head_ln,full,1e-05,0.0001,1.0,0.01,huber,1.0,-0.0640409085916136,32.63719177246094,14.934678375720978,21.298843383789062,24,1213,0.11927475780248642,2026,146,drop0,30,4,8,test,0,/Users/nyx.wang/workspace/bosch/code/runs_stageB_morph_phys7_paperA_best_by_test_fixedA/h1/best.pth
hunt,2000,h1,p1_h1_head_ln_lr1e-04_l21e+01_ep2000_ss147,stageB_best,head_ln,full,0.0001,0.0001,10.0,0.01,huber,1.0,-0.07433292012311621,38.13618850708008,16.15944653749466,31.401199340820312,24,1,0.049583833664655685,2026,147,drop0,30,4,8,test,0,/Users/nyx.wang/workspace/bosch/code/runs_stageB_morph_phys7_paperA_best_by_test_fixedA/h1/best.pth
hunt,2000,h1,p1_h1_head_ln_lr3e-05_l21e+00_ep2000_ss147,stageB_best,head_ln,full,3e-05,0.0001,1.0,0.01,huber,1.0,-0.05466397540333667,37.7036018371582,15.999986231327057,31.433204650878906,24,6,0.049679625779390335,2026,147,drop0,30,4,8,test,0,/Users/nyx.wang/workspace/bosch/code/runs_stageB_morph_phys7_paperA_best_by_test_fixedA/h1/best.pth
hunt,2000,h1,p1_h1_head_ln_lr1e-05_l21e+00_ep2000_ss147,stageB_best,head_ln,full,1e-05,0.0001,1.0,0.01,huber,1.0,-0.06476136072089544,37.91914749145508,16.07956439256668,31.44281768798828,24,19,0.049807608127593994,2026,147,drop0,30,4,8,test,0,/Users/nyx.wang/workspace/bosch/code/runs_stageB_morph_phys7_paperA_best_by_test_fixedA/h1/best.pth
hunt,2000,h1,p1_h1_head_ln_lr1e-04_l21e+01_ep2000_ss148,stageB_best,head_ln,full,0.0001,0.0001,10.0,0.01,huber,1.0,-0.09698292284186816,38.7018928527832,19.092553853988647,20.983741760253906,24,1117,0.13473562896251678,2026,148,drop0,30,4,8,test,0,/Users/nyx.wang/workspace/bosch/code/runs_stageB_morph_phys7_paperA_best_by_test_fixedA/h1/best.pth
hunt,2000,h1,p1_h1_head_ln_lr3e-05_l21e+00_ep2000_ss148,stageB_best,head_ln,full,3e-05,0.0001,1.0,0.01,huber,1.0,-0.07714139805654652,36.24916076660156,17.635901272296906,15.670448303222656,24,536,0.14276619255542755,2026,148,drop0,30,4,8,test,0,/Users/nyx.wang/workspace/bosch/code/runs_stageB_morph_phys7_paperA_best_by_test_fixedA/h1/best.pth
hunt,2000,h1,p1_h1_head_ln_lr1e-05_l21e+00_ep2000_ss148,stageB_best,head_ln,full,1e-05,0.0001,1.0,0.01,huber,1.0,-0.08792614331059223,36.91126251220703,17.862625420093536,19.417861938476562,24,1982,0.14722789824008942,2026,148,drop0,30,4,8,test,0,/Users/nyx.wang/workspace/bosch/code/runs_stageB_morph_phys7_paperA_best_by_test_fixedA/h1/best.pth
hunt,2000,h1,p1_h1_head_ln_lr1e-04_l21e+01_ep2000_ss149,stageB_best,head_ln,full,0.0001,0.0001,10.0,0.01,huber,1.0,0.6216811056484678,17.871599197387695,7.434116303920746,12.307563781738281,24,58,0.13779641687870026,2026,149,drop0,30,4,8,test,0,/Users/nyx.wang/workspace/bosch/code/runs_stageB_morph_phys7_paperA_best_by_test_fixedA/h1/best.pth
hunt,2000,h1,p1_h1_head_ln_lr3e-05_l21e+00_ep2000_ss149,stageB_best,head_ln,full,3e-05,0.0001,1.0,0.01,huber,1.0,0.6267751038444951,17.83252716064453,7.396910339593887,12.595130920410156,24,332,0.14393503963947296,2026,149,drop0,30,4,8,test,0,/Users/nyx.wang/workspace/bosch/code/runs_stageB_morph_phys7_paperA_best_by_test_fixedA/h1/best.pth
hunt,2000,h1,p1_h1_head_ln_lr1e-05_l21e+00_ep2000_ss149,stageB_best,head_ln,full,1e-05,0.0001,1.0,0.01,huber,1.0,0.6488080787368624,17.16071891784668,7.178705185651779,12.383232116699219,24,762,0.1465676873922348,2026,149,drop0,30,4,8,test,0,/Users/nyx.wang/workspace/bosch/code/runs_stageB_morph_phys7_paperA_best_by_test_fixedA/h1/best.pth
hunt,2000,h1,p1_h1_head_ln_lr1e-04_l21e+01_ep2000_ss150,stageB_best,head_ln,full,0.0001,0.0001,10.0,0.01,huber,1.0,0.5630970640392436,34.075565338134766,18.218280375003815,24.805992126464844,24,424,0.35273420810699463,2026,150,drop0,30,4,8,test,0,/Users/nyx.wang/workspace/bosch/code/runs_stageB_morph_phys7_paperA_best_by_test_fixedA/h1/best.pth
hunt,2000,h1,p1_h1_head_ln_lr3e-05_l21e+00_ep2000_ss150,stageB_best,head_ln,full,3e-05,0.0001,1.0,0.01,huber,1.0,0.6373057989710884,30.9486141204834,15.61378687620163,19.08667755126953,24,192,0.36328616738319397,2026,150,drop0,30,4,8,test,0,/Users/nyx.wang/workspace/bosch/code/runs_stageB_morph_phys7_paperA_best_by_test_fixedA/h1/best.pth
hunt,2000,h1,p1_h1_head_ln_lr1e-05_l21e+00_ep2000_ss150,stageB_best,head_ln,full,1e-05,0.0001,1.0,0.01,huber,1.0,0.6177792273872587,32.06328201293945,16.15525335073471,20.96575164794922,24,800,0.3675555884838104,2026,150,drop0,30,4,8,test,0,/Users/nyx.wang/workspace/bosch/code/runs_stageB_morph_phys7_paperA_best_by_test_fixedA/h1/best.pth
hunt,2000,h1,p1_h1_head_ln_lr1e-04_l21e+01_ep2000_ss151,stageB_best,head_ln,full,0.0001,0.0001,10.0,0.01,huber,1.0,-0.18334756292058918,52.05133056640625,24.71878081560135,36.126319885253906,24,51,0.06077833101153374,2026,151,drop0,30,4,8,test,0,/Users/nyx.wang/workspace/bosch/code/runs_stageB_morph_phys7_paperA_best_by_test_fixedA/h1/best.pth
hunt,2000,h1,p1_h1_head_ln_lr3e-05_l21e+00_ep2000_ss151,stageB_best,head_ln,full,3e-05,0.0001,1.0,0.01,huber,1.0,-0.22497244999305854,51.35966873168945,23.831987380981445,36.704498291015625,24,243,0.06358792632818222,2026,151,drop0,30,4,8,test,0,/Users/nyx.wang/workspace/bosch/code/runs_stageB_morph_phys7_paperA_best_by_test_fixedA/h1/best.pth
hunt,2000,h1,p1_h1_head_ln_lr1e-05_l21e+00_ep2000_ss151,stageB_best,head_ln,full,1e-05,0.0001,1.0,0.01,huber,1.0,-0.20603986523907047,51.29313278198242,23.87464791536331,37.59522247314453,24,687,0.06324972957372665,2026,151,drop0,30,4,8,test,0,/Users/nyx.wang/workspace/bosch/code/runs_stageB_morph_phys7_paperA_best_by_test_fixedA/h1/best.pth
hunt,2000,h1,p1_h1_head_ln_lr1e-04_l21e+01_ep2000_ss152,stageB_best,head_ln,full,0.0001,0.0001,10.0,0.01,huber,1.0,-0.21722534957065953,32.099422454833984,12.982551753520966,20.78094482421875,24,310,0.06815258413553238,2026,152,drop0,30,4,8,test,0,/Users/nyx.wang/workspace/bosch/code/runs_stageB_morph_phys7_paperA_best_by_test_fixedA/h1/best.pth
hunt,2000,h1,p1_h1_head_ln_lr3e-05_l21e+00_ep2000_ss152,stageB_best,head_ln,full,3e-05,0.0001,1.0,0.01,huber,1.0,-0.2396663247025126,32.509002685546875,13.232825696468353,21.169761657714844,24,975,0.06781145185232162,2026,152,drop0,30,4,8,test,0,/Users/nyx.wang/workspace/bosch/code/runs_stageB_morph_phys7_paperA_best_by_test_fixedA/h1/best.pth
hunt,2000,h1,p1_h1_head_ln_lr1e-05_l21e+00_ep2000_ss152,stageB_best,head_ln,full,1e-05,0.0001,1.0,0.01,huber,1.0,-0.705847925018144,37.567745208740234,15.637905895709991,30.216842651367188,24,2000,0.08414024859666824,2026,152,drop0,30,4,8,test,0,/Users/nyx.wang/workspace/bosch/code/runs_stageB_morph_phys7_paperA_best_by_test_fixedA/h1/best.pth
hunt,2000,h1,p1_h1_head_ln_lr1e-04_l21e+01_ep2000_ss153,stageB_best,head_ln,full,0.0001,0.0001,10.0,0.01,huber,1.0,0.059422268828782765,33.55192565917969,15.527509152889252,25.35840606689453,24,1189,0.12553855776786804,2026,153,drop0,30,4,8,test,0,/Users/nyx.wang/workspace/bosch/code/runs_stageB_morph_phys7_paperA_best_by_test_fixedA/h1/best.pth
hunt,2000,h1,p1_h1_head_ln_lr3e-05_l21e+00_ep2000_ss153,stageB_best,head_ln,full,3e-05,0.0001,1.0,0.01,huber,1.0,0.058563481193639855,32.94451904296875,15.236590802669525,23.940017700195312,24,1998,0.16207744181156158,2026,153,drop0,30,4,8,test,0,/Users/nyx.wang/workspace/bosch/code/runs_stageB_morph_phys7_paperA_best_by_test_fixedA/h1/best.pth
hunt,2000,h1,p1_h1_head_ln_lr1e-05_l21e+00_ep2000_ss153,stageB_best,head_ln,full,1e-05,0.0001,1.0,0.01,huber,1.0,0.018541655515303956,34.98277282714844,16.613279283046722,23.012611389160156,24,1998,0.22227345407009125,2026,153,drop0,30,4,8,test,0,/Users/nyx.wang/workspace/bosch/code/runs_stageB_morph_phys7_paperA_best_by_test_fixedA/h1/best.pth
hunt,2000,h1,p1_h1_head_ln_lr1e-04_l21e+01_ep2000_ss154,stageB_best,head_ln,full,0.0001,0.0001,10.0,0.01,huber,1.0,0.5701853750048178,19.79961585998535,9.72268357872963,13.386199951171875,24,1110,0.15502077341079712,2026,154,drop0,30,4,8,test,0,/Users/nyx.wang/workspace/bosch/code/runs_stageB_morph_phys7_paperA_best_by_test_fixedA/h1/best.pth
hunt,2000,h1,p1_h1_head_ln_lr3e-05_l21e+00_ep2000_ss154,stageB_best,head_ln,full,3e-05,0.0001,1.0,0.01,huber,1.0,0.34418085927765774,28.046472549438477,12.935620546340942,22.766822814941406,24,1,0.15422146022319794,2026,154,drop0,30,4,8,test,0,/Users/nyx.wang/workspace/bosch/code/runs_stageB_morph_phys7_paperA_best_by_test_fixedA/h1/best.pth
hunt,2000,h1,p1_h1_head_ln_lr1e-05_l21e+00_ep2000_ss154,stageB_best,head_ln,full,1e-05,0.0001,1.0,0.01,huber,1.0,0.3387784251117343,28.196325302124023,12.979425489902496,23.112136840820312,24,3,0.15410767495632172,2026,154,drop0,30,4,8,test,0,/Users/nyx.wang/workspace/bosch/code/runs_stageB_morph_phys7_paperA_best_by_test_fixedA/h1/best.pth
hunt,2000,h1,p1_h1_head_ln_lr1e-04_l21e+01_ep2000_ss155,stageB_best,head_ln,full,0.0001,0.0001,10.0,0.01,huber,1.0,-0.7194688041384767,40.183284759521484,18.384861946105957,15.375709533691406,24,248,0.12039387226104736,2026,155,drop0,30,4,8,test,0,/Users/nyx.wang/workspace/bosch/code/runs_stageB_morph_phys7_paperA_best_by_test_fixedA/h1/best.pth
hunt,2000,h1,p1_h1_head_ln_lr3e-05_l21e+00_ep2000_ss155,stageB_best,head_ln,full,3e-05,0.0001,1.0,0.01,huber,1.0,-0.7781698568462181,41.41352462768555,19.128872454166412,17.294769287109375,24,618,0.12276261299848557,2026,155,drop0,30,4,8,test,0,/Users/nyx.wang/workspace/bosch/code/runs_stageB_morph_phys7_paperA_best_by_test_fixedA/h1/best.pth
hunt,2000,h1,p1_h1_head_ln_lr1e-05_l21e+00_ep2000_ss155,stageB_best,head_ln,full,1e-05,0.0001,1.0,0.01,huber,1.0,-0.7955171694215222,41.9048957824707,19.419817626476288,19.222373962402344,24,2000,0.13013766705989838,2026,155,drop0,30,4,8,test,0,/Users/nyx.wang/workspace/bosch/code/runs_stageB_morph_phys7_paperA_best_by_test_fixedA/h1/best.pth
hunt,2000,h1,p1_h1_head_ln_lr1e-04_l21e+01_ep2000_ss156,stageB_best,head_ln,full,0.0001,0.0001,10.0,0.01,huber,1.0,-0.6587073258234266,49.49748611450195,29.704192280769348,34.704383850097656,24,1076,0.15249179303646088,2026,156,drop0,30,4,8,test,0,/Users/nyx.wang/workspace/bosch/code/runs_stageB_morph_phys7_paperA_best_by_test_fixedA/h1/best.pth
hunt,2000,h1,p1_h1_head_ln_lr3e-05_l21e+00_ep2000_ss156,stageB_best,head_ln,full,3e-05,0.0001,1.0,0.01,huber,1.0,-0.7272360701699294,50.05055618286133,30.23037314414978,34.51055145263672,24,1531,0.1802389770746231,2026,156,drop0,30,4,8,test,0,/Users/nyx.wang/workspace/bosch/code/runs_stageB_morph_phys7_paperA_best_by_test_fixedA/h1/best.pth
hunt,2000,h1,p1_h1_head_ln_lr1e-05_l21e+00_ep2000_ss156,stageB_best,head_ln,full,1e-05,0.0001,1.0,0.01,huber,1.0,-0.6288569154996886,46.59724044799805,28.696975111961365,24.959136962890625,24,1081,0.20692531764507294,2026,156,drop0,30,4,8,test,0,/Users/nyx.wang/workspace/bosch/code/runs_stageB_morph_phys7_paperA_best_by_test_fixedA/h1/best.pth
hunt,2000,h1,p1_h1_head_ln_lr1e-04_l21e+01_ep2000_ss157,stageB_best,head_ln,full,0.0001,0.0001,10.0,0.01,huber,1.0,0.3088875305400315,38.6738395690918,16.899515688419342,20.346160888671875,24,936,0.2695510685443878,2026,157,drop0,30,4,8,test,0,/Users/nyx.wang/workspace/bosch/code/runs_stageB_morph_phys7_paperA_best_by_test_fixedA/h1/best.pth
hunt,2000,h1,p1_h1_head_ln_lr3e-05_l21e+00_ep2000_ss157,stageB_best,head_ln,full,3e-05,0.0001,1.0,0.01,huber,1.0,0.2792668619177249,39.83879470825195,17.437434196472168,20.252334594726562,24,1686,0.2873964309692383,2026,157,drop0,30,4,8,test,0,/Users/nyx.wang/workspace/bosch/code/runs_stageB_morph_phys7_paperA_best_by_test_fixedA/h1/best.pth
hunt,2000,h1,p1_h1_head_ln_lr1e-05_l21e+00_ep2000_ss157,stageB_best,head_ln,full,1e-05,0.0001,1.0,0.01,huber,1.0,0.25637256269752084,41.34403610229492,18.057996034622192,23.45037841796875,24,1995,0.36234351992607117,2026,157,drop0,30,4,8,test,0,/Users/nyx.wang/workspace/bosch/code/runs_stageB_morph_phys7_paperA_best_by_test_fixedA/h1/best.pth
hunt,2000,h1,p1_h1_head_ln_lr1e-04_l21e+01_ep2000_ss158,stageB_best,head_ln,full,0.0001,0.0001,10.0,0.01,huber,1.0,0.8010301353290972,27.528114318847656,10.278206318616867,17.522872924804688,24,525,0.5873782634735107,2026,158,drop0,30,4,8,test,0,/Users/nyx.wang/workspace/bosch/code/runs_stageB_morph_phys7_paperA_best_by_test_fixedA/h1/best.pth
hunt,2000,h1,p1_h1_head_ln_lr3e-05_l21e+00_ep2000_ss158,stageB_best,head_ln,full,3e-05,0.0001,1.0,0.01,huber,1.0,0.7924756459765063,28.243165969848633,10.67235991358757,19.787689208984375,24,1169,0.6055743098258972,2026,158,drop0,30,4,8,test,0,/Users/nyx.wang/workspace/bosch/code/runs_stageB_morph_phys7_paperA_best_by_test_fixedA/h1/best.pth
hunt,2000,h1,p1_h1_head_ln_lr1e-05_l21e+00_ep2000_ss158,stageB_best,head_ln,full,1e-05,0.0001,1.0,0.01,huber,1.0,0.5017583674767215,43.429256439208984,15.567739307880402,26.23613739013672,24,1,0.6075968742370605,2026,158,drop0,30,4,8,test,0,/Users/nyx.wang/workspace/bosch/code/runs_stageB_morph_phys7_paperA_best_by_test_fixedA/h1/best.pth
hunt,2000,h1,p1_h1_head_ln_lr1e-04_l21e+01_ep2000_ss159,stageB_best,head_ln,full,0.0001,0.0001,10.0,0.01,huber,1.0,-1.1203069374100054,40.43890380859375,21.105074882507324,27.315719604492188,24,9,0.03207853063941002,2026,159,drop0,30,4,8,test,0,/Users/nyx.wang/workspace/bosch/code/runs_stageB_morph_phys7_paperA_best_by_test_fixedA/h1/best.pth
hunt,2000,h1,p1_h1_head_ln_lr3e-05_l21e+00_ep2000_ss159,stageB_best,head_ln,full,3e-05,0.0001,1.0,0.01,huber,1.0,-1.0327885504749332,39.59231185913086,20.598416030406952,26.90892791748047,24,30,0.03509465977549553,2026,159,drop0,30,4,8,test,0,/Users/nyx.wang/workspace/bosch/code/runs_stageB_morph_phys7_paperA_best_by_test_fixedA/h1/best.pth
hunt,2000,h1,p1_h1_head_ln_lr1e-05_l21e+00_ep2000_ss159,stageB_best,head_ln,full,1e-05,0.0001,1.0,0.01,huber,1.0,-1.0362604968741067,39.60966110229492,20.604704320430756,26.91301727294922,24,86,0.03475744649767876,2026,159,drop0,30,4,8,test,0,/Users/nyx.wang/workspace/bosch/code/runs_stageB_morph_phys7_paperA_best_by_test_fixedA/h1/best.pth
hunt,2000,h1,p1_h1_head_ln_lr1e-04_l21e+01_ep2000_ss160,stageB_best,head_ln,full,0.0001,0.0001,10.0,0.01,huber,1.0,0.7243916522671036,34.66780471801758,15.398366749286652,24.798110961914062,24,1063,0.11868160963058472,2026,160,drop0,30,4,8,test,0,/Users/nyx.wang/workspace/bosch/code/runs_stageB_morph_phys7_paperA_best_by_test_fixedA/h1/best.pth
hunt,2000,h1,p1_h1_head_ln_lr3e-05_l21e+00_ep2000_ss160,stageB_best,head_ln,full,3e-05,0.0001,1.0,0.01,huber,1.0,0.6864221221104588,39.018341064453125,17.562514543533325,30.805335998535156,24,2000,0.1649962216615677,2026,160,drop0,30,4,8,test,0,/Users/nyx.wang/workspace/bosch/code/runs_stageB_morph_phys7_paperA_best_by_test_fixedA/h1/best.pth
hunt,2000,h1,p1_h1_head_ln_lr1e-05_l21e+00_ep2000_ss160,stageB_best,head_ln,full,1e-05,0.0001,1.0,0.01,huber,1.0,0.6306734792503486,42.65788269042969,19.305245578289032,35.93376159667969,24,2000,0.23524123430252075,2026,160,drop0,30,4,8,test,0,/Users/nyx.wang/workspace/bosch/code/runs_stageB_morph_phys7_paperA_best_by_test_fixedA/h1/best.pth
hunt,2000,h1,p1_h1_head_ln_lr1e-04_l21e+01_ep2000_ss161,stageB_best,head_ln,full,0.0001,0.0001,10.0,0.01,huber,1.0,0.5871920184927708,22.092195510864258,9.967747330665588,16.754409790039062,24,1025,0.1898365616798401,2026,161,drop0,30,4,8,test,0,/Users/nyx.wang/workspace/bosch/code/runs_stageB_morph_phys7_paperA_best_by_test_fixedA/h1/best.pth
hunt,2000,h1,p1_h1_head_ln_lr3e-05_l21e+00_ep2000_ss161,stageB_best,head_ln,full,3e-05,0.0001,1.0,0.01,huber,1.0,0.591517476362791,22.074228286743164,10.122767090797424,16.839759826660156,24,2000,0.22517997026443481,2026,161,drop0,30,4,8,test,0,/Users/nyx.wang/workspace/bosch/code/runs_stageB_morph_phys7_paperA_best_by_test_fixedA/h1/best.pth
hunt,2000,h1,p1_h1_head_ln_lr1e-05_l21e+00_ep2000_ss161,stageB_best,head_ln,full,1e-05,0.0001,1.0,0.01,huber,1.0,0.5842831912676978,22.815813064575195,10.119300335645676,16.1422119140625,24,6,0.2410528063774109,2026,161,drop0,30,4,8,test,0,/Users/nyx.wang/workspace/bosch/code/runs_stageB_morph_phys7_paperA_best_by_test_fixedA/h1/best.pth
hunt,2000,h1,p1_h1_head_ln_lr1e-04_l21e+01_ep2000_ss162,stageB_best,head_ln,full,0.0001,0.0001,10.0,0.01,huber,1.0,0.41248277660441657,32.335811614990234,14.395159482955933,19.828712463378906,24,1153,0.2139473557472229,2026,162,drop0,30,4,8,test,0,/Users/nyx.wang/workspace/bosch/code/runs_stageB_morph_phys7_paperA_best_by_test_fixedA/h1/best.pth
hunt,2000,h1,p1_h1_head_ln_lr3e-05_l21e+00_ep2000_ss162,stageB_best,head_ln,full,3e-05,0.0001,1.0,0.01,huber,1.0,0.4112369039659036,32.622222900390625,13.136042654514313,16.695022583007812,24,3,0.22723470628261566,2026,162,drop0,30,4,8,test,0,/Users/nyx.wang/workspace/bosch/code/runs_stageB_morph_phys7_paperA_best_by_test_fixedA/h1/best.pth
hunt,2000,h1,p1_h1_head_ln_lr1e-05_l21e+00_ep2000_ss162,stageB_best,head_ln,full,1e-05,0.0001,1.0,0.01,huber,1.0,0.41331938631813125,32.542659759521484,13.130946457386017,16.222496032714844,24,11,0.22731642425060272,2026,162,drop0,30,4,8,test,0,/Users/nyx.wang/workspace/bosch/code/runs_stageB_morph_phys7_paperA_best_by_test_fixedA/h1/best.pth
hunt,2000,h1,p1_h1_head_ln_lr1e-04_l21e+01_ep2000_ss163,stageB_best,head_ln,full,0.0001,0.0001,10.0,0.01,huber,1.0,-0.2934999918324994,50.13557815551758,22.594106197357178,32.352455139160156,24,123,0.0400211364030838,2026,163,drop0,30,4,8,test,0,/Users/nyx.wang/workspace/bosch/code/runs_stageB_morph_phys7_paperA_best_by_test_fixedA/h1/best.pth
hunt,2000,h1,p1_h1_head_ln_lr3e-05_l21e+00_ep2000_ss163,stageB_best,head_ln,full,3e-05,0.0001,1.0,0.01,huber,1.0,-0.28011703639516083,49.798614501953125,22.388410568237305,32.192832946777344,24,336,0.040390294045209885,2026,163,drop0,30,4,8,test,0,/Users/nyx.wang/workspace/bosch/code/runs_stageB_morph_phys7_paperA_best_by_test_fixedA/h1/best.pth
hunt,2000,h1,p1_h1_head_ln_lr1e-05_l21e+00_ep2000_ss163,stageB_best,head_ln,full,1e-05,0.0001,1.0,0.01,huber,1.0,-0.29074979989623384,50.0534553527832,22.523649036884308,32.20049285888672,24,1456,0.040336724370718,2026,163,drop0,30,4,8,test,0,/Users/nyx.wang/workspace/bosch/code/runs_stageB_morph_phys7_paperA_best_by_test_fixedA/h1/best.pth
hunt,2000,h1,p1_h1_head_ln_lr1e-04_l21e+01_ep2000_ss164,stageB_best,head_ln,full,0.0001,0.0001,10.0,0.01,huber,1.0,0.23178300456876155,25.3693904876709,11.112035065889359,16.6092529296875,24,1076,0.13337229192256927,2026,164,drop0,30,4,8,test,0,/Users/nyx.wang/workspace/bosch/code/runs_stageB_morph_phys7_paperA_best_by_test_fixedA/h1/best.pth
hunt,2000,h1,p1_h1_head_ln_lr3e-05_l21e+00_ep2000_ss164,stageB_best,head_ln,full,3e-05,0.0001,1.0,0.01,huber,1.0,0.32556884394426255,23.606210708618164,10.27386486530304,13.568580627441406,24,1719,0.1436680108308792,2026,164,drop0,30,4,8,test,0,/Users/nyx.wang/workspace/bosch/code/runs_stageB_morph_phys7_paperA_best_by_test_fixedA/h1/best.pth
hunt,2000,h1,p1_h1_head_ln_lr1e-05_l21e+00_ep2000_ss164,stageB_best,head_ln,full,1e-05,0.0001,1.0,0.01,huber,1.0,0.40508411126016775,21.696975708007812,9.33917984366417,11.901962280273438,24,1815,0.16962961852550507,2026,164,drop0,30,4,8,test,0,/Users/nyx.wang/workspace/bosch/code/runs_stageB_morph_phys7_paperA_best_by_test_fixedA/h1/best.pth
hunt,2000,h1,p1_h1_head_ln_lr1e-04_l21e+01_ep2000_ss165,stageB_best,head_ln,full,0.0001,0.0001,10.0,0.01,huber,1.0,0.6149685485536436,22.51594352722168,8.589542657136917,14.963264465332031,24,1185,0.13681989908218384,2026,165,drop0,30,4,8,test,0,/Users/nyx.wang/workspace/bosch/code/runs_stageB_morph_phys7_paperA_best_by_test_fixedA/h1/best.pth
hunt,2000,h1,p1_h1_head_ln_lr3e-05_l21e+00_ep2000_ss165,stageB_best,head_ln,full,3e-05,0.0001,1.0,0.01,huber,1.0,0.5526807873522528,24.830810546875,9.519050270318985,15.662590026855469,24,874,0.1568429172039032,2026,165,drop0,30,4,8,test,0,/Users/nyx.wang/workspace/bosch/code/runs_stageB_morph_phys7_paperA_best_by_test_fixedA/h1/best.pth
hunt,2000,h1,p1_h1_head_ln_lr1e-05_l21e+00_ep2000_ss165,stageB_best,head_ln,full,1e-05,0.0001,1.0,0.01,huber,1.0,0.4886765546041789,28.73486328125,10.974148660898209,23.946487426757812,24,1088,0.1668933629989624,2026,165,drop0,30,4,8,test,0,/Users/nyx.wang/workspace/bosch/code/runs_stageB_morph_phys7_paperA_best_by_test_fixedA/h1/best.pth
hunt,2000,h1,p1_h1_head_ln_lr1e-04_l21e+01_ep2000_ss166,stageB_best,head_ln,full,0.0001,0.0001,10.0,0.01,huber,1.0,0.43468533977257473,23.474992752075195,11.75759807229042,21.02245330810547,24,1535,0.34042850136756897,2026,166,drop0,30,4,8,test,0,/Users/nyx.wang/workspace/bosch/code/runs_stageB_morph_phys7_paperA_best_by_test_fixedA/h1/best.pth
hunt,2000,h1,p1_h1_head_ln_lr3e-05_l21e+00_ep2000_ss166,stageB_best,head_ln,full,3e-05,0.0001,1.0,0.01,huber,1.0,0.337109403552471,24.85118865966797,12.207812815904617,22.38282012939453,24,1535,0.39720654487609863,2026,166,drop0,30,4,8,test,0,/Users/nyx.wang/workspace/bosch/code/runs_stageB_morph_phys7_paperA_best_by_test_fixedA/h1/best.pth
hunt,2000,h1,p1_h1_head_ln_lr1e-05_l21e+00_ep2000_ss166,stageB_best,head_ln,full,1e-05,0.0001,1.0,0.01,huber,1.0,0.10699149394607632,28.248437881469727,13.77764344215393,24.912277221679688,24,2000,0.4881582260131836,2026,166,drop0,30,4,8,test,0,/Users/nyx.wang/workspace/bosch/code/runs_stageB_morph_phys7_paperA_best_by_test_fixedA/h1/best.pth
hunt,2000,h1,p1_h1_head_ln_lr1e-04_l21e+01_ep2000_ss167,stageB_best,head_ln,full,0.0001,0.0001,10.0,0.01,huber,1.0,-0.10489637176825028,29.998178482055664,15.124915540218353,19.8458251953125,24,1,0.4419654309749603,2026,167,drop0,30,4,8,test,0,/Users/nyx.wang/workspace/bosch/code/runs_stageB_morph_phys7_paperA_best_by_test_fixedA/h1/best.pth
hunt,2000,h1,p1_h1_head_ln_lr3e-05_l21e+00_ep2000_ss167,stageB_best,head_ln,full,3e-05,0.0001,1.0,0.01,huber,1.0,-0.10729964347615883,30.706933975219727,15.27707427740097,22.735206604003906,24,1,0.4377965033054352,2026,167,drop0,30,4,8,test,0,/Users/nyx.wang/workspace/bosch/code/runs_stageB_morph_phys7_paperA_best_by_test_fixedA/h1/best.pth
hunt,2000,h1,p1_h1_head_ln_lr1e-05_l21e+00_ep2000_ss167,stageB_best,head_ln,full,1e-05,0.0001,1.0,0.01,huber,1.0,-0.11153374195387111,30.940170288085938,15.324784815311432,23.94542694091797,24,1,0.43686389923095703,2026,167,drop0,30,4,8,test,0,/Users/nyx.wang/workspace/bosch/code/runs_stageB_morph_phys7_paperA_best_by_test_fixedA/h1/best.pth
hunt,2000,h1,p1_h1_head_ln_lr1e-04_l21e+01_ep2000_ss168,stageB_best,head_ln,full,0.0001,0.0001,10.0,0.01,huber,1.0,0.3142802402957292,21.63889503479004,9.305299073457718,18.02349853515625,24,17,0.13164092600345612,2026,168,drop0,30,4,8,test,0,/Users/nyx.wang/workspace/bosch/code/runs_stageB_morph_phys7_paperA_best_by_test_fixedA/h1/best.pth
hunt,2000,h1,p1_h1_head_ln_lr3e-05_l21e+00_ep2000_ss168,stageB_best,head_ln,full,3e-05,0.0001,1.0,0.01,huber,1.0,0.2832088100632426,22.36187744140625,9.640619903802872,17.051071166992188,24,23,0.1370091587305069,2026,168,drop0,30,4,8,test,0,/Users/nyx.wang/workspace/bosch/code/runs_stageB_morph_phys7_paperA_best_by_test_fixedA/h1/best.pth
hunt,2000,h1,p1_h1_head_ln_lr1e-05_l21e+00_ep2000_ss168,stageB_best,head_ln,full,1e-05,0.0001,1.0,0.01,huber,1.0,0.26625815212458215,22.540117263793945,9.703627973794937,16.89324951171875,24,98,0.14009959995746613,2026,168,drop0,30,4,8,test,0,/Users/nyx.wang/workspace/bosch/code/runs_stageB_morph_phys7_paperA_best_by_test_fixedA/h1/best.pth
hunt,2000,h1,p1_h1_head_ln_lr1e-04_l21e+01_ep2000_ss169,stageB_best,head_ln,full,0.0001,0.0001,10.0,0.01,huber,1.0,0.33767535607971366,32.560909271240234,18.62499713897705,23.600486755371094,24,13,0.1428593099117279,2026,169,drop0,30,4,8,test,0,/Users/nyx.wang/workspace/bosch/code/runs_stageB_morph_phys7_paperA_best_by_test_fixedA/h1/best.pth
hunt,2000,h1,p1_h1_head_ln_lr3e-05_l21e+00_ep2000_ss169,stageB_best,head_ln,full,3e-05,0.0001,1.0,0.01,huber,1.0,0.33111357580438006,32.73655319213867,18.409264087677002,21.45751190185547,24,107,0.15878629684448242,2026,169,drop0,30,4,8,test,0,/Users/nyx.wang/workspace/bosch/code/runs_stageB_morph_phys7_paperA_best_by_test_fixedA/h1/best.pth
hunt,2000,h1,p1_h1_head_ln_lr1e-05_l21e+00_ep2000_ss169,stageB_best,head_ln,full,1e-05,0.0001,1.0,0.01,huber,1.0,0.3418816563834186,32.355743408203125,18.156345188617706,21.15760040283203,24,263,0.15970738232135773,2026,169,drop0,30,4,8,test,0,/Users/nyx.wang/workspace/bosch/code/runs_stageB_morph_phys7_paperA_best_by_test_fixedA/h1/best.pth
hunt,2000,h1,p1_h1_head_ln_lr1e-04_l21e+01_ep2000_ss170,stageB_best,head_ln,full,0.0001,0.0001,10.0,0.01,huber,1.0,0.296571909567376,27.26964569091797,16.309641301631927,18.60155487060547,24,956,0.14182375371456146,2026,170,drop0,30,4,8,test,0,/Users/nyx.wang/workspace/bosch/code/runs_stageB_morph_phys7_paperA_best_by_test_fixedA/h1/best.pth
hunt,2000,h1,p1_h1_head_ln_lr3e-05_l21e+00_ep2000_ss170,stageB_best,head_ln,full,3e-05,0.0001,1.0,0.01,huber,1.0,0.26723126034506384,27.64957618713379,17.01235920190811,17.880760192871094,24,1862,0.1503666788339615,2026,170,drop0,30,4,8,test,0,/Users/nyx.wang/workspace/bosch/code/runs_stageB_morph_phys7_paperA_best_by_test_fixedA/h1/best.pth
hunt,2000,h1,p1_h1_head_ln_lr1e-05_l21e+00_ep2000_ss170,stageB_best,head_ln,full,1e-05,0.0001,1.0,0.01,huber,1.0,0.21225245455985964,32.30820083618164,18.15779209136963,28.506973266601562,24,4,0.1565764993429184,2026,170,drop0,30,4,8,test,0,/Users/nyx.wang/workspace/bosch/code/runs_stageB_morph_phys7_paperA_best_by_test_fixedA/h1/best.pth
hunt,2000,h1,p1_h1_head_ln_lr1e-04_l21e+01_ep2000_ss171,stageB_best,head_ln,full,0.0001,0.0001,10.0,0.01,huber,1.0,0.323342721947685,29.277158737182617,12.71962970495224,27.993858337402344,24,92,0.06589826941490173,2026,171,drop0,30,4,8,test,0,/Users/nyx.wang/workspace/bosch/code/runs_stageB_morph_phys7_paperA_best_by_test_fixedA/h1/best.pth
hunt,2000,h1,p1_h1_head_ln_lr3e-05_l21e+00_ep2000_ss171,stageB_best,head_ln,full,3e-05,0.0001,1.0,0.01,huber,1.0,0.2792781885231608,30.60630226135254,13.11197280883789,29.557884216308594,24,206,0.06960553675889969,2026,171,drop0,30,4,8,test,0,/Users/nyx.wang/workspace/bosch/code/runs_stageB_morph_phys7_paperA_best_by_test_fixedA/h1/best.pth
hunt,2000,h1,p1_h1_head_ln_lr1e-05_l21e+00_ep2000_ss171,stageB_best,head_ln,full,1e-05,0.0001,1.0,0.01,huber,1.0,0.2866170201206335,30.332971572875977,12.970510125160217,28.916671752929688,24,741,0.07011728733778,2026,171,drop0,30,4,8,test,0,/Users/nyx.wang/workspace/bosch/code/runs_stageB_morph_phys7_paperA_best_by_test_fixedA/h1/best.pth
hunt,2000,h1,p1_h1_head_ln_lr1e-04_l21e+01_ep2000_ss172,stageB_best,head_ln,full,0.0001,0.0001,10.0,0.01,huber,1.0,0.5655895925948395,51.4101676940918,29.509836435317993,45.49724578857422,24,382,0.08983474969863892,2026,172,drop0,30,4,8,test,0,/Users/nyx.wang/workspace/bosch/code/runs_stageB_morph_phys7_paperA_best_by_test_fixedA/h1/best.pth
hunt,2000,h1,p1_h1_head_ln_lr3e-05_l21e+00_ep2000_ss172,stageB_best,head_ln,full,3e-05,0.0001,1.0,0.01,huber,1.0,0.5370114121977474,53.36833572387695,30.768975615501404,46.387451171875,24,916,0.10405334085226059,2026,172,drop0,30,4,8,test,0,/Users/nyx.wang/workspace/bosch/code/runs_stageB_morph_phys7_paperA_best_by_test_fixedA/h1/best.pth
hunt,2000,h1,p1_h1_head_ln_lr1e-05_l21e+00_ep2000_ss172,stageB_best,head_ln,full,1e-05,0.0001,1.0,0.01,huber,1.0,0.5114291982398494,55.13710403442383,30.94697892665863,49.85627746582031,24,931,0.10664448887109756,2026,172,drop0,30,4,8,test,0,/Users/nyx.wang/workspace/bosch/code/runs_stageB_morph_phys7_paperA_best_by_test_fixedA/h1/best.pth
hunt,2000,h1,p1_h1_head_ln_lr1e-04_l21e+01_ep2000_ss173,stageB_best,head_ln,full,0.0001,0.0001,10.0,0.01,huber,1.0,0.4280089644898012,47.35841369628906,17.61392205953598,31.597190856933594,24,1091,0.5752633810043335,2026,173,drop0,30,4,8,test,0,/Users/nyx.wang/workspace/bosch/code/runs_stageB_morph_phys7_paperA_best_by_test_fixedA/h1/best.pth
hunt,2000,h1,p1_h1_head_ln_lr3e-05_l21e+00_ep2000_ss173,stageB_best,head_ln,full,3e-05,0.0001,1.0,0.01,huber,1.0,0.44885518141499836,45.17860794067383,16.545024514198303,28.602584838867188,24,1781,0.626192033290863,2026,173,drop0,30,4,8,test,0,/Users/nyx.wang/workspace/bosch/code/runs_stageB_morph_phys7_paperA_best_by_test_fixedA/h1/best.pth
hunt,2000,h1,p1_h1_head_ln_lr1e-05_l21e+00_ep2000_ss173,stageB_best,head_ln,full,1e-05,0.0001,1.0,0.01,huber,1.0,0.4726841520013395,42.4802131652832,15.195564925670624,29.50945281982422,24,1974,0.700758159160614,2026,173,drop0,30,4,8,test,0,/Users/nyx.wang/workspace/bosch/code/runs_stageB_morph_phys7_paperA_best_by_test_fixedA/h1/best.pth
hunt,2000,h1,p1_h1_head_ln_lr1e-04_l21e+01_ep2000_ss174,stageB_best,head_ln,full,0.0001,0.0001,10.0,0.01,huber,1.0,-1.096329469314639,56.84965896606445,26.687633991241455,37.537620544433594,24,141,0.18869377672672272,2026,174,drop0,30,4,8,test,0,/Users/nyx.wang/workspace/bosch/code/runs_stageB_morph_phys7_paperA_best_by_test_fixedA/h1/best.pth
hunt,2000,h1,p1_h1_head_ln_lr3e-05_l21e+00_ep2000_ss174,stageB_best,head_ln,full,3e-05,0.0001,1.0,0.01,huber,1.0,-1.1196819504969255,57.50394058227539,27.11271345615387,38.85919952392578,24,360,0.2024882286787033,2026,174,drop0,30,4,8,test,0,/Users/nyx.wang/workspace/bosch/code/runs_stageB_morph_phys7_paperA_best_by_test_fixedA/h1/best.pth
hunt,2000,h1,p1_h1_head_ln_lr1e-05_l21e+00_ep2000_ss174,stageB_best,head_ln,full,1e-05,0.0001,1.0,0.01,huber,1.0,-0.6197050958540744,49.12514114379883,23.089085519313812,31.27143096923828,24,1,0.20612962543964386,2026,174,drop0,30,4,8,test,0,/Users/nyx.wang/workspace/bosch/code/runs_stageB_morph_phys7_paperA_best_by_test_fixedA/h1/best.pth
hunt,2000,h1,p1_h1_head_ln_lr1e-04_l21e+01_ep2000_ss175,stageB_best,head_ln,full,0.0001,0.0001,10.0,0.01,huber,1.0,0.14125251182930598,36.05631637573242,18.776005506515503,37.573760986328125,24,12,0.07226315885782242,2026,175,drop0,30,4,8,test,0,/Users/nyx.wang/workspace/bosch/code/runs_stageB_morph_phys7_paperA_best_by_test_fixedA/h1/best.pth
hunt,2000,h1,p1_h1_head_ln_lr3e-05_l21e+00_ep2000_ss175,stageB_best,head_ln,full,3e-05,0.0001,1.0,0.01,huber,1.0,0.15505512491689222,35.81245040893555,18.63219141960144,37.15681457519531,24,37,0.07578635215759277,2026,175,drop0,30,4,8,test,0,/Users/nyx.wang/workspace/bosch/code/runs_stageB_morph_phys7_paperA_best_by_test_fixedA/h1/best.pth
hunt,2000,h1,p1_h1_head_ln_lr1e-05_l21e+00_ep2000_ss175,stageB_best,head_ln,full,1e-05,0.0001,1.0,0.01,huber,1.0,0.15874499510822582,35.9703483581543,18.636243045330048,37.00730895996094,24,83,0.07623056322336197,2026,175,drop0,30,4,8,test,0,/Users/nyx.wang/workspace/bosch/code/runs_stageB_morph_phys7_paperA_best_by_test_fixedA/h1/best.pth
hunt,2000,h1,p1_h1_head_ln_lr1e-04_l21e+01_ep2000_ss176,stageB_best,head_ln,full,0.0001,0.0001,10.0,0.01,huber,1.0,0.5512351531690192,25.137109756469727,13.977204263210297,19.72199249267578,24,1,0.4071263372898102,2026,176,drop0,30,4,8,test,0,/Users/nyx.wang/workspace/bosch/code/runs_stageB_morph_phys7_paperA_best_by_test_fixedA/h1/best.pth
hunt,2000,h1,p1_h1_head_ln_lr3e-05_l21e+00_ep2000_ss176,stageB_best,head_ln,full,3e-05,0.0001,1.0,0.01,huber,1.0,0.5290067916895527,26.212905883789062,14.163145422935486,16.89087677001953,24,1,0.40533778071403503,2026,176,drop0,30,4,8,test,0,/Users/nyx.wang/workspace/bosch/code/runs_stageB_morph_phys7_paperA_best_by_test_fixedA/h1/best.pth
hunt,2000,h1,p1_h1_head_ln_lr1e-05_l21e+00_ep2000_ss176,stageB_best,head_ln,full,1e-05,0.0001,1.0,0.01,huber,1.0,0.5288512396213858,26.212461471557617,14.162681996822357,16.87116241455078,24,4,0.40550220012664795,2026,176,drop0,30,4,8,test,0,/Users/nyx.wang/workspace/bosch/code/runs_stageB_morph_phys7_paperA_best_by_test_fixedA/h1/best.pth
hunt,2000,h1,p1_h1_head_ln_lr1e-04_l21e+01_ep2000_ss177,stageB_best,head_ln,full,0.0001,0.0001,10.0,0.01,huber,1.0,0.6494823696105647,32.054744720458984,12.018191814422607,18.04920196533203,24,1108,0.2103969305753708,2026,177,drop0,30,4,8,test,0,/Users/nyx.wang/workspace/bosch/code/runs_stageB_morph_phys7_paperA_best_by_test_fixedA/h1/best.pth
hunt,2000,h1,p1_h1_head_ln_lr3e-05_l21e+00_ep2000_ss177,stageB_best,head_ln,full,3e-05,0.0001,1.0,0.01,huber,1.0,0.6922383371060683,30.250810623168945,11.178983002901077,18.77959442138672,24,1989,0.21670430898666382,2026,177,drop0,30,4,8,test,0,/Users/nyx.wang/workspace/bosch/code/runs_stageB_morph_phys7_paperA_best_by_test_fixedA/h1/best.pth
hunt,2000,h1,p1_h1_head_ln_lr1e-05_l21e+00_ep2000_ss177,stageB_best,head_ln,full,1e-05,0.0001,1.0,0.01,huber,1.0,0.7127486615383063,27.62575340270996,9.777715057134628,14.622398376464844,24,1982,0.23490025103092194,2026,177,drop0,30,4,8,test,0,/Users/nyx.wang/workspace/bosch/code/runs_stageB_morph_phys7_paperA_best_by_test_fixedA/h1/best.pth
hunt,2000,h1,p1_h1_head_ln_lr1e-04_l21e+01_ep2000_ss178,stageB_best,head_ln,full,0.0001,0.0001,10.0,0.01,huber,1.0,0.8024913011867048,28.43719482421875,12.008154392242432,18.306137084960938,24,1266,0.11920561641454697,2026,178,drop0,30,4,8,test,0,/Users/nyx.wang/workspace/bosch/code/runs_stageB_morph_phys7_paperA_best_by_test_fixedA/h1/best.pth
hunt,2000,h1,p1_h1_head_ln_lr3e-05_l21e+00_ep2000_ss178,stageB_best,head_ln,full,3e-05,0.0001,1.0,0.01,huber,1.0,0.7871497383113926,29.11895751953125,12.159784883260727,20.14604949951172,24,2000,0.12108629941940308,2026,178,drop0,30,4,8,test,0,/Users/nyx.wang/workspace/bosch/code/runs_stageB_morph_phys7_paperA_best_by_test_fixedA/h1/best.pth
hunt,2000,h1,p1_h1_head_ln_lr1e-05_l21e+00_ep2000_ss178,stageB_best,head_ln,full,1e-05,0.0001,1.0,0.01,huber,1.0,0.7500883059550839,31.625885009765625,13.220135867595673,22.390274047851562,24,2000,0.16604240238666534,2026,178,drop0,30,4,8,test,0,/Users/nyx.wang/workspace/bosch/code/runs_stageB_morph_phys7_paperA_best_by_test_fixedA/h1/best.pth
hunt,2000,h1,p1_h1_head_ln_lr1e-04_l21e+01_ep2000_ss179,stageB_best,head_ln,full,0.0001,0.0001,10.0,0.01,huber,1.0,0.041242175603430575,37.83436584472656,17.403967678546906,29.557846069335938,24,969,0.08072506636381149,2026,179,drop0,30,4,8,test,0,/Users/nyx.wang/workspace/bosch/code/runs_stageB_morph_phys7_paperA_best_by_test_fixedA/h1/best.pth
hunt,2000,h1,p1_h1_head_ln_lr3e-05_l21e+00_ep2000_ss179,stageB_best,head_ln,full,3e-05,0.0001,1.0,0.01,huber,1.0,-0.04279336352864682,39.30131530761719,18.086375296115875,30.175445556640625,24,2000,0.09335897117853165,2026,179,drop0,30,4,8,test,0,/Users/nyx.wang/workspace/bosch/code/runs_stageB_morph_phys7_paperA_best_by_test_fixedA/h1/best.pth
hunt,2000,h1,p1_h1_head_ln_lr1e-05_l21e+00_ep2000_ss179,stageB_best,head_ln,full,1e-05,0.0001,1.0,0.01,huber,1.0,-0.10094011108125311,39.506744384765625,18.37507039308548,24.473358154296875,24,2000,0.14175619184970856,2026,179,drop0,30,4,8,test,0,/Users/nyx.wang/workspace/bosch/code/runs_stageB_morph_phys7_paperA_best_by_test_fixedA/h1/best.pth
hunt,2000,h1,p1_h1_head_ln_lr1e-04_l21e+01_ep2000_ss180,stageB_best,head_ln,full,0.0001,0.0001,10.0,0.01,huber,1.0,0.7735261602212522,32.890682220458984,12.65621930360794,31.406883239746094,24,540,0.1900312900543213,2026,180,drop0,30,4,8,test,0,/Users/nyx.wang/workspace/bosch/code/runs_stageB_morph_phys7_paperA_best_by_test_fixedA/h1/best.pth
hunt,2000,h1,p1_h1_head_ln_lr3e-05_l21e+00_ep2000_ss180,stageB_best,head_ln,full,3e-05,0.0001,1.0,0.01,huber,1.0,0.7825717557802584,32.76724624633789,12.529902160167694,31.046783447265625,24,1790,0.22429277002811432,2026,180,drop0,30,4,8,test,0,/Users/nyx.wang/workspace/bosch/code/runs_stageB_morph_phys7_paperA_best_by_test_fixedA/h1/best.pth
hunt,2000,h1,p1_h1_head_ln_lr1e-05_l21e+00_ep2000_ss180,stageB_best,head_ln,full,1e-05,0.0001,1.0,0.01,huber,1.0,0.7536420961311083,35.363521575927734,13.317973911762238,30.9617919921875,24,1790,0.2638317048549652,2026,180,drop0,30,4,8,test,0,/Users/nyx.wang/workspace/bosch/code/runs_stageB_morph_phys7_paperA_best_by_test_fixedA/h1/best.pth
hunt,2000,h1,p1_h1_head_ln_lr1e-04_l21e+01_ep2000_ss181,stageB_best,head_ln,full,0.0001,0.0001,10.0,0.01,huber,1.0,-0.2695775895566608,34.87129592895508,16.40118807554245,20.707931518554688,24,1,0.5539150238037109,2026,181,drop0,30,4,8,test,0,/Users/nyx.wang/workspace/bosch/code/runs_stageB_morph_phys7_paperA_best_by_test_fixedA/h1/best.pth
hunt,2000,h1,p1_h1_head_ln_lr3e-05_l21e+00_ep2000_ss181,stageB_best,head_ln,full,3e-05,0.0001,1.0,0.01,huber,1.0,-0.25166234560894374,34.075767517089844,15.783354640007019,19.958328247070312,24,1,0.5272478461265564,2026,181,drop0,30,4,8,test,0,/Users/nyx.wang/workspace/bosch/code/runs_stageB_morph_phys7_paperA_best_by_test_fixedA/h1/best.pth
hunt,2000,h1,p1_h1_head_ln_lr1e-05_l21e+00_ep2000_ss181,stageB_best,head_ln,full,1e-05,0.0001,1.0,0.01,huber,1.0,-0.2501691341006602,33.92647171020508,15.639559924602509,18.681640625,24,1,0.5199163556098938,2026,181,drop0,30,4,8,test,0,/Users/nyx.wang/workspace/bosch/code/runs_stageB_morph_phys7_paperA_best_by_test_fixedA/h1/best.pth
hunt,2000,h1,p1_h1_head_ln_lr1e-04_l21e+01_ep2000_ss182,stageB_best,head_ln,full,0.0001,0.0001,10.0,0.01,huber,1.0,0.42785652711538114,46.02326583862305,15.99314957857132,32.524131774902344,24,7,0.314654678106308,2026,182,drop0,30,4,8,test,0,/Users/nyx.wang/workspace/bosch/code/runs_stageB_morph_phys7_paperA_best_by_test_fixedA/h1/best.pth
hunt,2000,h1,p1_h1_head_ln_lr3e-05_l21e+00_ep2000_ss182,stageB_best,head_ln,full,3e-05,0.0001,1.0,0.01,huber,1.0,0.4100894742428256,46.594573974609375,16.018597781658173,33.699127197265625,24,22,0.3280048072338104,2026,182,drop0,30,4,8,test,0,/Users/nyx.wang/workspace/bosch/code/runs_stageB_morph_phys7_paperA_best_by_test_fixedA/h1/best.pth
hunt,2000,h1,p1_h1_head_ln_lr1e-05_l21e+00_ep2000_ss182,stageB_best,head_ln,full,1e-05,0.0001,1.0,0.01,huber,1.0,0.41687627979059105,46.33563232421875,15.974162518978119,32.70293426513672,24,89,0.32927417755126953,2026,182,drop0,30,4,8,test,0,/Users/nyx.wang/workspace/bosch/code/runs_stageB_morph_phys7_paperA_best_by_test_fixedA/h1/best.pth
hunt,2000,h1,p1_h1_head_ln_lr1e-04_l21e+01_ep2000_ss183,stageB_best,head_ln,full,0.0001,0.0001,10.0,0.01,huber,1.0,0.549253262652266,31.4111328125,12.71190196275711,27.608230590820312,24,1,0.12990562617778778,2026,183,drop0,30,4,8,test,0,/Users/nyx.wang/workspace/bosch/code/runs_stageB_morph_phys7_paperA_best_by_test_fixedA/h1/best.pth
hunt,2000,h1,p1_h1_head_ln_lr3e-05_l21e+00_ep2000_ss183,stageB_best,head_ln,full,3e-05,0.0001,1.0,0.01,huber,1.0,0.5139676393032866,32.158992767333984,12.821663916110992,26.800872802734375,24,1,0.12387562543153763,2026,183,drop0,30,4,8,test,0,/Users/nyx.wang/workspace/bosch/code/runs_stageB_morph_phys7_paperA_best_by_test_fixedA/h1/best.pth
hunt,2000,h1,p1_h1_head_ln_lr1e-05_l21e+00_ep2000_ss183,stageB_best,head_ln,full,1e-05,0.0001,1.0,0.01,huber,1.0,0.5012578238533956,32.48781204223633,12.905199825763702,26.895309448242188,24,1,0.12268427014350891,2026,183,drop0,30,4,8,test,0,/Users/nyx.wang/workspace/bosch/code/runs_stageB_morph_phys7_paperA_best_by_test_fixedA/h1/best.pth
hunt,2000,h1,p1_h1_head_ln_lr1e-04_l21e+01_ep2000_ss184,stageB_best,head_ln,full,0.0001,0.0001,10.0,0.01,huber,1.0,0.8943984937935531,15.728859901428223,6.881493330001831,15.750038146972656,24,649,0.15627002716064453,2026,184,drop0,30,4,8,test,0,/Users/nyx.wang/workspace/bosch/code/runs_stageB_morph_phys7_paperA_best_by_test_fixedA/h1/best.pth
hunt,2000,h1,p1_h1_head_ln_lr3e-05_l21e+00_ep2000_ss184,stageB_best,head_ln,full,3e-05,0.0001,1.0,0.01,huber,1.0,0.8795156690558241,16.10513687133789,7.1581825613975525,13.695037841796875,24,651,0.16534890234470367,2026,184,drop0,30,4,8,test,0,/Users/nyx.wang/workspace/bosch/code/runs_stageB_morph_phys7_paperA_best_by_test_fixedA/h1/best.pth
hunt,2000,h1,p1_h1_head_ln_lr1e-05_l21e+00_ep2000_ss184,stageB_best,head_ln,full,1e-05,0.0001,1.0,0.01,huber,1.0,0.8651341546150394,16.161733627319336,7.135269045829773,15.941146850585938,24,2000,0.18233917653560638,2026,184,drop0,30,4,8,test,0,/Users/nyx.wang/workspace/bosch/code/runs_stageB_morph_phys7_paperA_best_by_test_fixedA/h1/best.pth
hunt,2000,h1,p1_h1_head_ln_lr1e-04_l21e+01_ep2000_ss185,stageB_best,head_ln,full,0.0001,0.0001,10.0,0.01,huber,1.0,0.5576875030154813,42.956573486328125,14.933504164218903,33.81090545654297,24,703,0.08773776888847351,2026,185,drop0,30,4,8,test,0,/Users/nyx.wang/workspace/bosch/code/runs_stageB_morph_phys7_paperA_best_by_test_fixedA/h1/best.pth
hunt,2000,h1,p1_h1_head_ln_lr3e-05_l21e+00_ep2000_ss185,stageB_best,head_ln,full,3e-05,0.0001,1.0,0.01,huber,1.0,0.5476021199487038,43.75922775268555,15.298731625080109,34.4056396484375,24,1621,0.10876873880624771,2026,185,drop0,30,4,8,test,0,/Users/nyx.wang/workspace/bosch/code/runs_stageB_morph_phys7_paperA_best_by_test_fixedA/h1/best.pth
hunt,2000,h1,p1_h1_head_ln_lr1e-05_l21e+00_ep2000_ss185,stageB_best,head_ln,full,1e-05,0.0001,1.0,0.01,huber,1.0,0.535099357998255,46.63090515136719,16.780269145965576,38.15167999267578,24,1624,0.13508917391300201,2026,185,drop0,30,4,8,test,0,/Users/nyx.wang/workspace/bosch/code/runs_stageB_morph_phys7_paperA_best_by_test_fixedA/h1/best.pth
hunt,2000,h1,p1_h1_head_ln_lr1e-04_l21e+01_ep2000_ss186,stageB_best,head_ln,full,0.0001,0.0001,10.0,0.01,huber,1.0,0.7235796948068496,36.71541976928711,13.6643186211586,32.74591064453125,24,774,0.1734042912721634,2026,186,drop0,30,4,8,test,0,/Users/nyx.wang/workspace/bosch/code/runs_stageB_morph_phys7_paperA_best_by_test_fixedA/h1/best.pth
hunt,2000,h1,p1_h1_head_ln_lr3e-05_l21e+00_ep2000_ss186,stageB_best,head_ln,full,3e-05,0.0001,1.0,0.01,huber,1.0,0.7301712017541933,36.426002502441406,13.61633688211441,34.26384735107422,24,1387,0.18127475678920746,2026,186,drop0,30,4,8,test,0,/Users/nyx.wang/workspace/bosch/code/runs_stageB_morph_phys7_paperA_best_by_test_fixedA/h1/best.pth
hunt,2000,h1,p1_h1_head_ln_lr1e-05_l21e+00_ep2000_ss186,stageB_best,head_ln,full,1e-05,0.0001,1.0,0.01,huber,1.0,0.7310315232010485,36.48780822753906,13.732534646987915,33.61388397216797,24,2000,0.19523094594478607,2026,186,drop0,30,4,8,test,0,/Users/nyx.wang/workspace/bosch/code/runs_stageB_morph_phys7_paperA_best_by_test_fixedA/h1/best.pth
hunt,2000,h1,p1_h1_head_ln_lr1e-04_l21e+01_ep2000_ss187,stageB_best,head_ln,full,0.0001,0.0001,10.0,0.01,huber,1.0,0.6112524223204534,26.463403701782227,11.410049349069595,22.912635803222656,24,1441,0.06690455228090286,2026,187,drop0,30,4,8,test,0,/Users/nyx.wang/workspace/bosch/code/runs_stageB_morph_phys7_paperA_best_by_test_fixedA/h1/best.pth
hunt,2000,h1,p1_h1_head_ln_lr3e-05_l21e+00_ep2000_ss187,stageB_best,head_ln,full,3e-05,0.0001,1.0,0.01,huber,1.0,0.5993100792102957,26.658174514770508,11.542531102895737,26.41461944580078,24,1722,0.08585560321807861,2026,187,drop0,30,4,8,test,0,/Users/nyx.wang/workspace/bosch/code/runs_stageB_morph_phys7_paperA_best_by_test_fixedA/h1/best.pth
hunt,2000,h1,p1_h1_head_ln_lr1e-05_l21e+00_ep2000_ss187,stageB_best,head_ln,full,1e-05,0.0001,1.0,0.01,huber,1.0,0.5609812454645273,27.801513671875,12.219222635030746,22.41400909423828,24,1973,0.12950767576694489,2026,187,drop0,30,4,8,test,0,/Users/nyx.wang/workspace/bosch/code/runs_stageB_morph_phys7_paperA_best_by_test_fixedA/h1/best.pth
hunt,2000,h1,p1_h1_head_ln_lr1e-04_l21e+01_ep2000_ss188,stageB_best,head_ln,full,0.0001,0.0001,10.0,0.01,huber,1.0,0.5677164785420186,31.184202194213867,13.023872673511505,25.206581115722656,24,548,0.09182730317115784,2026,188,drop0,30,4,8,test,0,/Users/nyx.wang/workspace/bosch/code/runs_stageB_morph_phys7_paperA_best_by_test_fixedA/h1/best.pth
hunt,2000,h1,p1_h1_head_ln_lr3e-05_l21e+00_ep2000_ss188,stageB_best,head_ln,full,3e-05,0.0001,1.0,0.01,huber,1.0,0.546875843014361,31.684213638305664,13.287200033664703,25.74663543701172,24,1317,0.09559068083763123,2026,188,drop0,30,4,8,test,0,/Users/nyx.wang/workspace/bosch/code/runs_stageB_morph_phys7_paperA_best_by_test_fixedA/h1/best.pth
hunt,2000,h1,p1_h1_head_ln_lr1e-05_l21e+00_ep2000_ss188,stageB_best,head_ln,full,1e-05,0.0001,1.0,0.01,huber,1.0,0.6346500266557604,28.983421325683594,12.501804530620575,23.768936157226562,24,1977,0.12033364921808243,2026,188,drop0,30,4,8,test,0,/Users/nyx.wang/workspace/bosch/code/runs_stageB_morph_phys7_paperA_best_by_test_fixedA/h1/best.pth
hunt,2000,h1,p1_h1_head_ln_lr1e-04_l21e+01_ep2000_ss189,stageB_best,head_ln,full,0.0001,0.0001,10.0,0.01,huber,1.0,0.7170011948879401,22.621917724609375,10.293295234441757,15.791725158691406,24,1195,0.14433322846889496,2026,189,drop0,30,4,8,test,0,/Users/nyx.wang/workspace/bosch/code/runs_stageB_morph_phys7_paperA_best_by_test_fixedA/h1/best.pth
hunt,2000,h1,p1_h1_head_ln_lr3e-05_l21e+00_ep2000_ss189,stageB_best,head_ln,full,3e-05,0.0001,1.0,0.01,huber,1.0,0.7585784217176691,21.587846755981445,9.627926349639893,15.745071411132812,24,1493,0.1664421707391739,2026,189,drop0,30,4,8,test,0,/Users/nyx.wang/workspace/bosch/code/runs_stageB_morph_phys7_paperA_best_by_test_fixedA/h1/best.pth
hunt,2000,h1,p1_h1_head_ln_lr1e-05_l21e+00_ep2000_ss189,stageB_best,head_ln,full,1e-05,0.0001,1.0,0.01,huber,1.0,0.7271497124895586,23.689401626586914,10.072454065084457,20.58068084716797,24,1037,0.18560568988323212,2026,189,drop0,30,4,8,test,0,/Users/nyx.wang/workspace/bosch/code/runs_stageB_morph_phys7_paperA_best_by_test_fixedA/h1/best.pth
hunt,2000,h1,p1_h1_head_ln_lr1e-04_l21e+01_ep2000_ss190,stageB_best,head_ln,full,0.0001,0.0001,10.0,0.01,huber,1.0,0.6827605114322717,36.529964447021484,14.983096718788147,26.484474182128906,24,1166,0.12932883203029633,2026,190,drop0,30,4,8,test,0,/Users/nyx.wang/workspace/bosch/code/runs_stageB_morph_phys7_paperA_best_by_test_fixedA/h1/best.pth
hunt,2000,h1,p1_h1_head_ln_lr3e-05_l21e+00_ep2000_ss190,stageB_best,head_ln,full,3e-05,0.0001,1.0,0.01,huber,1.0,0.7598935733681114,30.43365478515625,11.999135464429855,18.63243865966797,24,1986,0.1670914739370346,2026,190,drop0,30,4,8,test,0,/Users/nyx.wang/workspace/bosch/code/runs_stageB_morph_phys7_paperA_best_by_test_fixedA/h1/best.pth
hunt,2000,h1,p1_h1_head_ln_lr1e-05_l21e+00_ep2000_ss190,stageB_best,head_ln,full,1e-05,0.0001,1.0,0.01,huber,1.0,0.7814856946427573,29.0567684173584,11.152618378400803,21.08124542236328,24,1986,0.23733766376972198,2026,190,drop0,30,4,8,test,0,/Users/nyx.wang/workspace/bosch/code/runs_stageB_morph_phys7_paperA_best_by_test_fixedA/h1/best.pth
hunt,2000,h1,p1_h1_head_ln_lr1e-04_l21e+01_ep2000_ss191,stageB_best,head_ln,full,0.0001,0.0001,10.0,0.01,huber,1.0,-0.5559857293568431,33.02809143066406,17.9371178150177,18.30603790283203,24,178,0.08755868673324585,2026,191,drop0,30,4,8,test,0,/Users/nyx.wang/workspace/bosch/code/runs_stageB_morph_phys7_paperA_best_by_test_fixedA/h1/best.pth
hunt,2000,h1,p1_h1_head_ln_lr3e-05_l21e+00_ep2000_ss191,stageB_best,head_ln,full,3e-05,0.0001,1.0,0.01,huber,1.0,-0.6150040840898703,33.46235656738281,18.18109005689621,18.219566345214844,24,560,0.09013400226831436,2026,191,drop0,30,4,8,test,0,/Users/nyx.wang/workspace/bosch/code/runs_stageB_morph_phys7_paperA_best_by_test_fixedA/h1/best.pth
hunt,2000,h1,p1_h1_head_ln_lr1e-05_l21e+00_ep2000_ss191,stageB_best,head_ln,full,1e-05,0.0001,1.0,0.01,huber,1.0,-0.6633400267889833,34.54672622680664,18.7951922416687,20.558181762695312,24,1983,0.0986236035823822,2026,191,drop0,30,4,8,test,0,/Users/nyx.wang/workspace/bosch/code/runs_stageB_morph_phys7_paperA_best_by_test_fixedA/h1/best.pth
hunt,2000,h1,p1_h1_head_ln_lr1e-04_l21e+01_ep2000_ss192,stageB_best,head_ln,full,0.0001,0.0001,10.0,0.01,huber,1.0,-0.23073841848732424,37.542171478271484,13.017702102661133,24.66991424560547,24,1512,0.126344233751297,2026,192,drop0,30,4,8,test,0,/Users/nyx.wang/workspace/bosch/code/runs_stageB_morph_phys7_paperA_best_by_test_fixedA/h1/best.pth
hunt,2000,h1,p1_h1_head_ln_lr3e-05_l21e+00_ep2000_ss192,stageB_best,head_ln,full,3e-05,0.0001,1.0,0.01,huber,1.0,-0.3131885303254309,39.32566452026367,13.750217854976654,30.977127075195312,24,2000,0.1370321363210678,2026,192,drop0,30,4,8,test,0,/Users/nyx.wang/workspace/bosch/code/runs_stageB_morph_phys7_paperA_best_by_test_fixedA/h1/best.pth
hunt,2000,h1,p1_h1_head_ln_lr1e-05_l21e+00_ep2000_ss192,stageB_best,head_ln,full,1e-05,0.0001,1.0,0.01,huber,1.0,-0.32658356654726073,40.28422927856445,14.318297803401947,33.49315643310547,24,2000,0.18332050740718842,2026,192,drop0,30,4,8,test,0,/Users/nyx.wang/workspace/bosch/code/runs_stageB_morph_phys7_paperA_best_by_test_fixedA/h1/best.pth
hunt,2000,h1,p1_h1_head_ln_lr1e-04_l21e+01_ep2000_ss193,stageB_best,head_ln,full,0.0001,0.0001,10.0,0.01,huber,1.0,0.6377068949550366,43.322383880615234,16.528399288654327,35.47935485839844,24,74,0.027288073673844337,2026,193,drop0,30,4,8,test,0,/Users/nyx.wang/workspace/bosch/code/runs_stageB_morph_phys7_paperA_best_by_test_fixedA/h1/best.pth
hunt,2000,h1,p1_h1_head_ln_lr3e-05_l21e+00_ep2000_ss193,stageB_best,head_ln,full,3e-05,0.0001,1.0,0.01,huber,1.0,0.6591418595822238,42.09518051147461,16.012781858444214,33.871498107910156,24,223,0.02865302748978138,2026,193,drop0,30,4,8,test,0,/Users/nyx.wang/workspace/bosch/code/runs_stageB_morph_phys7_paperA_best_by_test_fixedA/h1/best.pth
hunt,2000,h1,p1_h1_head_ln_lr1e-05_l21e+00_ep2000_ss193,stageB_best,head_ln,full,1e-05,0.0001,1.0,0.01,huber,1.0,0.6389581921521212,43.37290954589844,16.465231776237488,35.03857421875,24,953,0.029245123267173767,2026,193,drop0,30,4,8,test,0,/Users/nyx.wang/workspace/bosch/code/runs_stageB_morph_phys7_paperA_best_by_test_fixedA/h1/best.pth
hunt,2000,h1,p1_h1_head_ln_lr1e-04_l21e+01_ep2000_ss194,stageB_best,head_ln,full,0.0001,0.0001,10.0,0.01,huber,1.0,0.6282369182478482,22.68109703063965,11.187654733657837,18.906227111816406,24,866,0.1102762222290039,2026,194,drop0,30,4,8,test,0,/Users/nyx.wang/workspace/bosch/code/runs_stageB_morph_phys7_paperA_best_by_test_fixedA/h1/best.pth
hunt,2000,h1,p1_h1_head_ln_lr3e-05_l21e+00_ep2000_ss194,stageB_best,head_ln,full,3e-05,0.0001,1.0,0.01,huber,1.0,0.6100063471855437,23.327577590942383,11.352171748876572,22.721214294433594,24,1552,0.12213897705078125,2026,194,drop0,30,4,8,test,0,/Users/nyx.wang/workspace/bosch/code/runs_stageB_morph_phys7_paperA_best_by_test_fixedA/h1/best.pth
hunt,2000,h1,p1_h1_head_ln_lr1e-05_l21e+00_ep2000_ss194,stageB_best,head_ln,full,1e-05,0.0001,1.0,0.01,huber,1.0,0.6079179282604613,21.91521453857422,10.870344191789627,21.688072204589844,24,2000,0.15712319314479828,2026,194,drop0,30,4,8,test,0,/Users/nyx.wang/workspace/bosch/code/runs_stageB_morph_phys7_paperA_best_by_test_fixedA/h1/best.pth
hunt,2000,h1,p1_h1_head_ln_lr1e-04_l21e+01_ep2000_ss195,stageB_best,head_ln,full,0.0001,0.0001,10.0,0.01,huber,1.0,0.4478517226609884,53.54124069213867,26.050254702568054,46.726470947265625,24,8,0.16920500993728638,2026,195,drop0,30,4,8,test,0,/Users/nyx.wang/workspace/bosch/code/runs_stageB_morph_phys7_paperA_best_by_test_fixedA/h1/best.pth
hunt,2000,h1,p1_h1_head_ln_lr3e-05_l21e+00_ep2000_ss195,stageB_best,head_ln,full,3e-05,0.0001,1.0,0.01,huber,1.0,0.4564440774919716,53.19527053833008,25.99637806415558,47.07792663574219,24,40,0.1689329296350479,2026,195,drop0,30,4,8,test,0,/Users/nyx.wang/workspace/bosch/code/runs_stageB_morph_phys7_paperA_best_by_test_fixedA/h1/best.pth
hunt,2000,h1,p1_h1_head_ln_lr1e-05_l21e+00_ep2000_ss195,stageB_best,head_ln,full,1e-05,0.0001,1.0,0.01,huber,1.0,0.45267109096618374,53.4062614440918,26.022744178771973,47.022544860839844,24,98,0.16886265575885773,2026,195,drop0,30,4,8,test,0,/Users/nyx.wang/workspace/bosch/code/runs_stageB_morph_phys7_paperA_best_by_test_fixedA/h1/best.pth
hunt,2000,h1,p1_h1_head_ln_lr1e-04_l21e+01_ep2000_ss196,stageB_best,head_ln,full,0.0001,0.0001,10.0,0.01,huber,1.0,-0.46689501328038663,39.826416015625,16.13663285970688,28.221839904785156,24,1,0.2132834941148758,2026,196,drop0,30,4,8,test,0,/Users/nyx.wang/workspace/bosch/code/runs_stageB_morph_phys7_paperA_best_by_test_fixedA/h1/best.pth
hunt,2000,h1,p1_h1_head_ln_lr3e-05_l21e+00_ep2000_ss196,stageB_best,head_ln,full,3e-05,0.0001,1.0,0.01,huber,1.0,-0.4907854775924374,40.3343391418457,16.274099051952362,28.069007873535156,24,1,0.2070668488740921,2026,196,drop0,30,4,8,test,0,/Users/nyx.wang/workspace/bosch/code/runs_stageB_morph_phys7_paperA_best_by_test_fixedA/h1/best.pth
hunt,2000,h1,p1_h1_head_ln_lr1e-05_l21e+00_ep2000_ss196,stageB_best,head_ln,full,1e-05,0.0001,1.0,0.01,huber,1.0,-0.4998950155062063,40.49782180786133,16.316895186901093,28.240638732910156,24,1,0.20538629591464996,2026,196,drop0,30,4,8,test,0,/Users/nyx.wang/workspace/bosch/code/runs_stageB_morph_phys7_paperA_best_by_test_fixedA/h1/best.pth
hunt,2000,h1,p1_h1_head_ln_lr1e-04_l21e+01_ep2000_ss197,stageB_best,head_ln,full,0.0001,0.0001,10.0,0.01,huber,1.0,0.657386644177909,30.22467803955078,14.744320511817932,26.83629608154297,24,1133,0.12375575304031372,2026,197,drop0,30,4,8,test,0,/Users/nyx.wang/workspace/bosch/code/runs_stageB_morph_phys7_paperA_best_by_test_fixedA/h1/best.pth
hunt,2000,h1,p1_h1_head_ln_lr3e-05_l21e+00_ep2000_ss197,stageB_best,head_ln,full,3e-05,0.0001,1.0,0.01,huber,1.0,0.7018563135263579,28.224212646484375,13.795317709445953,26.940353393554688,24,1999,0.14363837242126465,2026,197,drop0,30,4,8,test,0,/Users/nyx.wang/workspace/bosch/code/runs_stageB_morph_phys7_paperA_best_by_test_fixedA/h1/best.pth
hunt,2000,h1,p1_h1_head_ln_lr1e-05_l21e+00_ep2000_ss197,stageB_best,head_ln,full,1e-05,0.0001,1.0,0.01,huber,1.0,0.6845932363015478,28.537813186645508,13.922469317913055,28.741455078125,24,1991,0.21299628913402557,2026,197,drop0,30,4,8,test,0,/Users/nyx.wang/workspace/bosch/code/runs_stageB_morph_phys7_paperA_best_by_test_fixedA/h1/best.pth
hunt,2000,h1,p1_h1_head_ln_lr1e-04_l21e+01_ep2000_ss198,stageB_best,head_ln,full,0.0001,0.0001,10.0,0.01,huber,1.0,0.46526347811200497,28.794692993164062,10.968270152807236,21.470909118652344,24,167,0.28794100880622864,2026,198,drop0,30,4,8,test,0,/Users/nyx.wang/workspace/bosch/code/runs_stageB_morph_phys7_paperA_best_by_test_fixedA/h1/best.pth
hunt,2000,h1,p1_h1_head_ln_lr3e-05_l21e+00_ep2000_ss198,stageB_best,head_ln,full,3e-05,0.0001,1.0,0.01,huber,1.0,0.4796166999301139,27.83075523376465,10.51204726099968,21.665191650390625,24,452,0.2946162223815918,2026,198,drop0,30,4,8,test,0,/Users/nyx.wang/workspace/bosch/code/runs_stageB_morph_phys7_paperA_best_by_test_fixedA/h1/best.pth
hunt,2000,h1,p1_h1_head_ln_lr1e-05_l21e+00_ep2000_ss198,stageB_best,head_ln,full,1e-05,0.0001,1.0,0.01,huber,1.0,0.48774921374224267,27.17205238342285,10.19245982170105,19.89012908935547,24,1687,0.2969084680080414,2026,198,drop0,30,4,8,test,0,/Users/nyx.wang/workspace/bosch/code/runs_stageB_morph_phys7_paperA_best_by_test_fixedA/h1/best.pth
hunt,2000,h1,p1_h1_head_ln_lr1e-04_l21e+01_ep2000_ss199,stageB_best,head_ln,full,0.0001,0.0001,10.0,0.01,huber,1.0,0.4660184077935854,24.129579544067383,13.735957443714142,15.4158935546875,24,712,0.23644311726093292,2026,199,drop0,30,4,8,test,0,/Users/nyx.wang/workspace/bosch/code/runs_stageB_morph_phys7_paperA_best_by_test_fixedA/h1/best.pth
hunt,2000,h1,p1_h1_head_ln_lr3e-05_l21e+00_ep2000_ss199,stageB_best,head_ln,full,3e-05,0.0001,1.0,0.01,huber,1.0,0.05035444340826167,34.1221923828125,18.817955255508423,21.24860382080078,24,20,0.2696180045604706,2026,199,drop0,30,4,8,test,0,/Users/nyx.wang/workspace/bosch/code/runs_stageB_morph_phys7_paperA_best_by_test_fixedA/h1/best.pth
hunt,2000,h1,p1_h1_head_ln_lr1e-05_l21e+00_ep2000_ss199,stageB_best,head_ln,full,1e-05,0.0001,1.0,0.01,huber,1.0,0.06685575976716307,33.96504211425781,18.74081939458847,21.86682891845703,24,100,0.268074631690979,2026,199,drop0,30,4,8,test,0,/Users/nyx.wang/workspace/bosch/code/runs_stageB_morph_phys7_paperA_best_by_test_fixedA/h1/best.pth
hunt,2000,h1,p1_h1_head_ln_lr1e-04_l21e+01_ep2000_ss200,stageB_best,head_ln,full,0.0001,0.0001,10.0,0.01,huber,1.0,0.16627772247604056,29.88480567932129,11.070334911346436,19.04328155517578,24,1,0.41207602620124817,2026,200,drop0,30,4,8,test,0,/Users/nyx.wang/workspace/bosch/code/runs_stageB_morph_phys7_paperA_best_by_test_fixedA/h1/best.pth
hunt,2000,h1,p1_h1_head_ln_lr3e-05_l21e+00_ep2000_ss200,stageB_best,head_ln,full,3e-05,0.0001,1.0,0.01,huber,1.0,0.09146190355469541,32.02126693725586,11.854802817106247,19.082557678222656,24,1,0.38088977336883545,2026,200,drop0,30,4,8,test,0,/Users/nyx.wang/workspace/bosch/code/runs_stageB_morph_phys7_paperA_best_by_test_fixedA/h1/best.pth
hunt,2000,h1,p1_h1_head_ln_lr1e-05_l21e+00_ep2000_ss200,stageB_best,head_ln,full,1e-05,0.0001,1.0,0.01,huber,1.0,0.06543180309786623,32.736148834228516,12.122457474470139,20.32697296142578,24,1,0.3720872104167938,2026,200,drop0,30,4,8,test,0,/Users/nyx.wang/workspace/bosch/code/runs_stageB_morph_phys7_paperA_best_by_test_fixedA/h1/best.pth
hunt,2000,h1,p1_h1_head_ln_lr1e-04_l21e+01_ep2000_ss201,stageB_best,head_ln,full,0.0001,0.0001,10.0,0.01,huber,1.0,0.43585925874491405,33.76223373413086,14.932985603809357,34.827537536621094,24,1,0.1344900280237198,2026,201,drop0,30,4,8,test,0,/Users/nyx.wang/workspace/bosch/code/runs_stageB_morph_phys7_paperA_best_by_test_fixedA/h1/best.pth
hunt,2000,h1,p1_h1_head_ln_lr3e-05_l21e+00_ep2000_ss201,stageB_best,head_ln,full,3e-05,0.0001,1.0,0.01,huber,1.0,0.3810347163755633,34.8735237121582,15.087588131427765,31.495925903320312,24,1,0.13161492347717285,2026,201,drop0,30,4,8,test,0,/Users/nyx.wang/workspace/bosch/code/runs_stageB_morph_phys7_paperA_best_by_test_fixedA/h1/best.pth
hunt,2000,h1,p1_h1_head_ln_lr1e-05_l21e+00_ep2000_ss201,stageB_best,head_ln,full,1e-05,0.0001,1.0,0.01,huber,1.0,0.3724451908879881,35.01702117919922,15.1040717959404,30.845062255859375,24,3,0.13160504400730133,2026,201,drop0,30,4,8,test,0,/Users/nyx.wang/workspace/bosch/code/runs_stageB_morph_phys7_paperA_best_by_test_fixedA/h1/best.pth
hunt,2000,h1,p1_h1_head_ln_lr1e-04_l21e+01_ep2000_ss202,stageB_best,head_ln,full,0.0001,0.0001,10.0,0.01,huber,1.0,0.756458873376684,21.84380340576172,9.042354673147202,15.956390380859375,24,1065,0.031817477196455,2026,202,drop0,30,4,8,test,0,/Users/nyx.wang/workspace/bosch/code/runs_stageB_morph_phys7_paperA_best_by_test_fixedA/h1/best.pth
hunt,2000,h1,p1_h1_head_ln_lr3e-05_l21e+00_ep2000_ss202,stageB_best,head_ln,full,3e-05,0.0001,1.0,0.01,huber,1.0,0.7259309054084084,22.756927490234375,9.314646571874619,15.344841003417969,24,1778,0.03804761543869972,2026,202,drop0,30,4,8,test,0,/Users/nyx.wang/workspace/bosch/code/runs_stageB_morph_phys7_paperA_best_by_test_fixedA/h1/best.pth
hunt,2000,h1,p1_h1_head_ln_lr1e-05_l21e+00_ep2000_ss202,stageB_best,head_ln,full,1e-05,0.0001,1.0,0.01,huber,1.0,0.7160776691808997,24.45148468017578,10.027468204498291,17.595054626464844,24,1098,0.04083440825343132,2026,202,drop0,30,4,8,test,0,/Users/nyx.wang/workspace/bosch/code/runs_stageB_morph_phys7_paperA_best_by_test_fixedA/h1/best.pth
hunt,2000,h1,p1_h1_head_ln_lr1e-04_l21e+01_ep2000_ss203,stageB_best,head_ln,full,0.0001,0.0001,10.0,0.01,huber,1.0,0.6561131217325349,40.8181266784668,15.999840199947357,29.772239685058594,24,7,0.12711523473262787,2026,203,drop0,30,4,8,test,0,/Users/nyx.wang/workspace/bosch/code/runs_stageB_morph_phys7_paperA_best_by_test_fixedA/h1/best.pth
hunt,2000,h1,p1_h1_head_ln_lr3e-05_l21e+00_ep2000_ss203,stageB_best,head_ln,full,3e-05,0.0001,1.0,0.01,huber,1.0,0.6520687204726392,40.9901237487793,16.025327146053314,29.726722717285156,24,23,0.1273074597120285,2026,203,drop0,30,4,8,test,0,/Users/nyx.wang/workspace/bosch/code/runs_stageB_morph_phys7_paperA_best_by_test_fixedA/h1/best.pth
hunt,2000,h1,p1_h1_head_ln_lr1e-05_l21e+00_ep2000_ss203,stageB_best,head_ln,full,1e-05,0.0001,1.0,0.01,huber,1.0,0.6640603943470826,40.51434326171875,15.889517962932587,30.756202697753906,24,119,0.12827683985233307,2026,203,drop0,30,4,8,test,0,/Users/nyx.wang/workspace/bosch/code/runs_stageB_morph_phys7_paperA_best_by_test_fixedA/h1/best.pth
hunt,2000,h1,p1_h1_head_ln_lr1e-04_l21e+01_ep2000_ss204,stageB_best,head_ln,full,0.0001,0.0001,10.0,0.01,huber,1.0,-0.4721683453443615,49.2678108215332,17.314325273036957,39.59794616699219,24,584,0.060120075941085815,2026,204,drop0,30,4,8,test,0,/Users/nyx.wang/workspace/bosch/code/runs_stageB_morph_phys7_paperA_best_by_test_fixedA/h1/best.pth
hunt,2000,h1,p1_h1_head_ln_lr3e-05_l21e+00_ep2000_ss204,stageB_best,head_ln,full,3e-05,0.0001,1.0,0.01,huber,1.0,-0.3866734609059752,47.34914779663086,16.588373482227325,37.09130096435547,24,1995,0.07510559260845184,2026,204,drop0,30,4,8,test,0,/Users/nyx.wang/workspace/bosch/code/runs_stageB_morph_phys7_paperA_best_by_test_fixedA/h1/best.pth
hunt,2000,h1,p1_h1_head_ln_lr1e-05_l21e+00_ep2000_ss204,stageB_best,head_ln,full,1e-05,0.0001,1.0,0.01,huber,1.0,-0.3356843702420391,48.19778823852539,17.39540547132492,36.38304138183594,24,1999,0.13216744363307953,2026,204,drop0,30,4,8,test,0,/Users/nyx.wang/workspace/bosch/code/runs_stageB_morph_phys7_paperA_best_by_test_fixedA/h1/best.pth
hunt,2000,h1,p1_h1_head_ln_lr1e-04_l21e+01_ep2000_ss205,stageB_best,head_ln,full,0.0001,0.0001,10.0,0.01,huber,1.0,0.7877887987412328,19.016292572021484,7.998421788215637,16.394699096679688,24,437,0.18625366687774658,2026,205,drop0,30,4,8,test,0,/Users/nyx.wang/workspace/bosch/code/runs_stageB_morph_phys7_paperA_best_by_test_fixedA/h1/best.pth
hunt,2000,h1,p1_h1_head_ln_lr3e-05_l21e+00_ep2000_ss205,stageB_best,head_ln,full,3e-05,0.0001,1.0,0.01,huber,1.0,0.540354107043217,29.67292022705078,11.638643592596054,26.010704040527344,24,1,0.19743019342422485,2026,205,drop0,30,4,8,test,0,/Users/nyx.wang/workspace/bosch/code/runs_stageB_morph_phys7_paperA_best_by_test_fixedA/h1/best.pth
hunt,2000,h1,p1_h1_head_ln_lr1e-05_l21e+00_ep2000_ss205,stageB_best,head_ln,full,1e-05,0.0001,1.0,0.01,huber,1.0,0.5175470750260494,30.507469177246094,11.930656433105469,27.515731811523438,24,1,0.19080199301242828,2026,205,drop0,30,4,8,test,0,/Users/nyx.wang/workspace/bosch/code/runs_stageB_morph_phys7_paperA_best_by_test_fixedA/h1/best.pth
hunt,2000,h1,p1_h1_head_ln_lr1e-04_l21e+01_ep2000_ss206,stageB_best,head_ln,full,0.0001,0.0001,10.0,0.01,huber,1.0,0.5130607040036951,25.8892879486084,12.870986759662628,24.44689178466797,24,29,0.15083888173103333,2026,206,drop0,30,4,8,test,0,/Users/nyx.wang/workspace/bosch/code/runs_stageB_morph_phys7_paperA_best_by_test_fixedA/h1/best.pth
hunt,2000,h1,p1_h1_head_ln_lr3e-05_l21e+00_ep2000_ss206,stageB_best,head_ln,full,3e-05,0.0001,1.0,0.01,huber,1.0,0.46134838394990396,27.810165405273438,13.602684438228607,24.856948852539062,24,44,0.1561013162136078,2026,206,drop0,30,4,8,test,0,/Users/nyx.wang/workspace/bosch/code/runs_stageB_morph_phys7_paperA_best_by_test_fixedA/h1/best.pth
hunt,2000,h1,p1_h1_head_ln_lr1e-05_l21e+00_ep2000_ss206,stageB_best,head_ln,full,1e-05,0.0001,1.0,0.01,huber,1.0,0.4502850586720487,28.274717330932617,13.774697482585907,25.01885986328125,24,107,0.15746061503887177,2026,206,drop0,30,4,8,test,0,/Users/nyx.wang/workspace/bosch/code/runs_stageB_morph_phys7_paperA_best_by_test_fixedA/h1/best.pth
hunt,2000,h1,p1_h1_head_ln_lr1e-04_l21e+01_ep2000_ss207,stageB_best,head_ln,full,0.0001,0.0001,10.0,0.01,huber,1.0,0.2717287802596665,51.454654693603516,19.219814240932465,25.247764587402344,24,1,0.42450618743896484,2026,207,drop0,30,4,8,test,0,/Users/nyx.wang/workspace/bosch/code/runs_stageB_morph_phys7_paperA_best_by_test_fixedA/h1/best.pth
hunt,2000,h1,p1_h1_head_ln_lr3e-05_l21e+00_ep2000_ss207,stageB_best,head_ln,full,3e-05,0.0001,1.0,0.01,huber,1.0,0.24919716864198327,53.227081298828125,19.716887176036835,25.00409698486328,24,1,0.40672531723976135,2026,207,drop0,30,4,8,test,0,/Users/nyx.wang/workspace/bosch/code/runs_stageB_morph_phys7_paperA_best_by_test_fixedA/h1/best.pth
hunt,2000,h1,p1_h1_head_ln_lr1e-05_l21e+00_ep2000_ss207,stageB_best,head_ln,full,1e-05,0.0001,1.0,0.01,huber,1.0,0.2415063429165929,53.86979293823242,19.9144646525383,24.921279907226562,24,1,0.4019348621368408,2026,207,drop0,30,4,8,test,0,/Users/nyx.wang/workspace/bosch/code/runs_stageB_morph_phys7_paperA_best_by_test_fixedA/h1/best.pth
hunt,2000,h1,p1_h1_head_ln_lr1e-04_l21e+01_ep2000_ss208,stageB_best,head_ln,full,0.0001,0.0001,10.0,0.01,huber,1.0,0.5847835253638138,43.73319625854492,15.8156156539917,43.353240966796875,24,595,0.16650836169719696,2026,208,drop0,30,4,8,test,0,/Users/nyx.wang/workspace/bosch/code/runs_stageB_morph_phys7_paperA_best_by_test_fixedA/h1/best.pth
hunt,2000,h1,p1_h1_head_ln_lr3e-05_l21e+00_ep2000_ss208,stageB_best,head_ln,full,3e-05,0.0001,1.0,0.01,huber,1.0,0.6030666196964587,42.596736907958984,15.152989327907562,43.306968688964844,24,1157,0.18097209930419922,2026,208,drop0,30,4,8,test,0,/Users/nyx.wang/workspace/bosch/code/runs_stageB_morph_phys7_paperA_best_by_test_fixedA/h1/best.pth
hunt,2000,h1,p1_h1_head_ln_lr1e-05_l21e+00_ep2000_ss208,stageB_best,head_ln,full,1e-05,0.0001,1.0,0.01,huber,1.0,0.441978650897083,50.7997932434082,17.794424295425415,42.763145446777344,24,1,0.21758504211902618,2026,208,drop0,30,4,8,test,0,/Users/nyx.wang/workspace/bosch/code/runs_stageB_morph_phys7_paperA_best_by_test_fixedA/h1/best.pth
hunt,2000,h1,p1_h1_head_ln_lr1e-04_l21e+01_ep2000_ss209,stageB_best,head_ln,full,0.0001,0.0001,10.0,0.01,huber,1.0,0.19523172757389695,41.04656982421875,21.974699199199677,31.6405029296875,24,1567,0.09565255045890808,2026,209,drop0,30,4,8,test,0,/Users/nyx.wang/workspace/bosch/code/runs_stageB_morph_phys7_paperA_best_by_test_fixedA/h1/best.pth
hunt,2000,h1,p1_h1_head_ln_lr3e-05_l21e+00_ep2000_ss209,stageB_best,head_ln,full,3e-05,0.0001,1.0,0.01,huber,1.0,0.1556935754658043,41.74220657348633,22.10526317358017,35.58531188964844,24,536,0.09889151901006699,2026,209,drop0,30,4,8,test,0,/Users/nyx.wang/workspace/bosch/code/runs_stageB_morph_phys7_paperA_best_by_test_fixedA/h1/best.pth
hunt,2000,h1,p1_h1_head_ln_lr1e-05_l21e+00_ep2000_ss209,stageB_best,head_ln,full,1e-05,0.0001,1.0,0.01,huber,1.0,0.1790959408392755,40.95771789550781,21.5289369225502,36.89244079589844,24,1954,0.1029214859008789,2026,209,drop0,30,4,8,test,0,/Users/nyx.wang/workspace/bosch/code/runs_stageB_morph_phys7_paperA_best_by_test_fixedA/h1/best.pth
hunt,2000,h1,p1_h1_head_ln_lr1e-04_l21e+01_ep2000_ss210,stageB_best,head_ln,full,0.0001,0.0001,10.0,0.01,huber,1.0,-0.24683541306644274,50.56442642211914,29.558566212654114,34.536842346191406,24,156,0.13064227998256683,2026,210,drop0,30,4,8,test,0,/Users/nyx.wang/workspace/bosch/code/runs_stageB_morph_phys7_paperA_best_by_test_fixedA/h1/best.pth
hunt,2000,h1,p1_h1_head_ln_lr3e-05_l21e+00_ep2000_ss210,stageB_best,head_ln,full,3e-05,0.0001,1.0,0.01,huber,1.0,-0.19220920465840097,49.358978271484375,28.78754436969757,31.99707794189453,24,464,0.13921861350536346,2026,210,drop0,30,4,8,test,0,/Users/nyx.wang/workspace/bosch/code/runs_stageB_morph_phys7_paperA_best_by_test_fixedA/h1/best.pth
hunt,2000,h1,p1_h1_head_ln_lr1e-05_l21e+00_ep2000_ss210,stageB_best,head_ln,full,1e-05,0.0001,1.0,0.01,huber,1.0,-0.06059337945244625,46.05464553833008,27.03506052494049,28.83031463623047,24,1096,0.14469724893569946,2026,210,drop0,30,4,8,test,0,/Users/nyx.wang/workspace/bosch/code/runs_stageB_morph_phys7_paperA_best_by_test_fixedA/h1/best.pth
hunt,2000,h1,p1_h1_head_ln_lr1e-04_l21e+01_ep2000_ss211,stageB_best,head_ln,full,0.0001,0.0001,10.0,0.01,huber,1.0,0.8053068772354072,17.612382888793945,7.0451416075229645,14.591064453125,24,730,0.10466668754816055,2026,211,drop0,30,4,8,test,0,/Users/nyx.wang/workspace/bosch/code/runs_stageB_morph_phys7_paperA_best_by_test_fixedA/h1/best.pth
hunt,2000,h1,p1_h1_head_ln_lr3e-05_l21e+00_ep2000_ss211,stageB_best,head_ln,full,3e-05,0.0001,1.0,0.01,huber,1.0,0.8168677348460138,16.541303634643555,6.678493320941925,13.972091674804688,24,1344,0.11179392784833908,2026,211,drop0,30,4,8,test,0,/Users/nyx.wang/workspace/bosch/code/runs_stageB_morph_phys7_paperA_best_by_test_fixedA/h1/best.pth
hunt,2000,h1,p1_h1_head_ln_lr1e-05_l21e+00_ep2000_ss211,stageB_best,head_ln,full,1e-05,0.0001,1.0,0.01,huber,1.0,0.8195308384737897,16.068599700927734,6.253273040056229,10.527984619140625,24,1713,0.12398353219032288,2026,211,drop0,30,4,8,test,0,/Users/nyx.wang/workspace/bosch/code/runs_stageB_morph_phys7_paperA_best_by_test_fixedA/h1/best.pth
hunt,2000,h1,p1_h1_head_ln_lr1e-04_l21e+01_ep2000_ss212,stageB_best,head_ln,full,0.0001,0.0001,10.0,0.01,huber,1.0,0.5033229306352345,22.57781982421875,9.730345010757446,18.033470153808594,24,1012,0.07294286042451859,2026,212,drop0,30,4,8,test,0,/Users/nyx.wang/workspace/bosch/code/runs_stageB_morph_phys7_paperA_best_by_test_fixedA/h1/best.pth
hunt,2000,h1,p1_h1_head_ln_lr3e-05_l21e+00_ep2000_ss212,stageB_best,head_ln,full,3e-05,0.0001,1.0,0.01,huber,1.0,0.5037657117898718,21.419252395629883,9.175342321395874,17.59130859375,24,1762,0.07848531752824783,2026,212,drop0,30,4,8,test,0,/Users/nyx.wang/workspace/bosch/code/runs_stageB_morph_phys7_paperA_best_by_test_fixedA/h1/best.pth
hunt,2000,h1,p1_h1_head_ln_lr1e-05_l21e+00_ep2000_ss212,stageB_best,head_ln,full,1e-05,0.0001,1.0,0.01,huber,1.0,0.49294461278093915,21.55379295349121,9.168732166290283,15.926261901855469,24,1999,0.1204700842499733,2026,212,drop0,30,4,8,test,0,/Users/nyx.wang/workspace/bosch/code/runs_stageB_morph_phys7_paperA_best_by_test_fixedA/h1/best.pth
hunt,2000,h1,p1_h1_head_ln_lr1e-04_l21e+01_ep2000_ss213,stageB_best,head_ln,full,0.0001,0.0001,10.0,0.01,huber,1.0,0.7151850017722333,20.178407669067383,7.313434034585953,15.134979248046875,24,1018,0.08325454592704773,2026,213,drop0,30,4,8,test,0,/Users/nyx.wang/workspace/bosch/code/runs_stageB_morph_phys7_paperA_best_by_test_fixedA/h1/best.pth
hunt,2000,h1,p1_h1_head_ln_lr3e-05_l21e+00_ep2000_ss213,stageB_best,head_ln,full,3e-05,0.0001,1.0,0.01,huber,1.0,0.6894841708706008,20.32652473449707,7.33085498213768,15.064407348632812,24,1459,0.08585173636674881,2026,213,drop0,30,4,8,test,0,/Users/nyx.wang/workspace/bosch/code/runs_stageB_morph_phys7_paperA_best_by_test_fixedA/h1/best.pth
hunt,2000,h1,p1_h1_head_ln_lr1e-05_l21e+00_ep2000_ss213,stageB_best,head_ln,full,1e-05,0.0001,1.0,0.01,huber,1.0,0.39720159167853164,25.40275001525879,9.238526970148087,14.311988830566406,24,116,0.08676674962043762,2026,213,drop0,30,4,8,test,0,/Users/nyx.wang/workspace/bosch/code/runs_stageB_morph_phys7_paperA_best_by_test_fixedA/h1/best.pth
hunt,2000,h1,p1_h1_head_ln_lr1e-04_l21e+01_ep2000_ss214,stageB_best,head_ln,full,0.0001,0.0001,10.0,0.01,huber,1.0,0.704865173313924,41.26870346069336,19.211088120937347,27.664955139160156,24,566,0.4237699508666992,2026,214,drop0,30,4,8,test,0,/Users/nyx.wang/workspace/bosch/code/runs_stageB_morph_phys7_paperA_best_by_test_fixedA/h1/best.pth
hunt,2000,h1,p1_h1_head_ln_lr3e-05_l21e+00_ep2000_ss214,stageB_best,head_ln,full,3e-05,0.0001,1.0,0.01,huber,1.0,0.7168710044807054,40.54221725463867,19.035570323467255,26.60919189453125,24,1417,0.42743465304374695,2026,214,drop0,30,4,8,test,0,/Users/nyx.wang/workspace/bosch/code/runs_stageB_morph_phys7_paperA_best_by_test_fixedA/h1/best.pth
hunt,2000,h1,p1_h1_head_ln_lr1e-05_l21e+00_ep2000_ss214,stageB_best,head_ln,full,1e-05,0.0001,1.0,0.01,huber,1.0,0.695567141511372,42.105682373046875,19.56268548965454,29.103958129882812,24,2000,0.45557138323783875,2026,214,drop0,30,4,8,test,0,/Users/nyx.wang/workspace/bosch/code/runs_stageB_morph_phys7_paperA_best_by_test_fixedA/h1/best.pth
hunt,2000,h1,p1_h1_head_ln_lr1e-04_l21e+01_ep2000_ss215,stageB_best,head_ln,full,0.0001,0.0001,10.0,0.01,huber,1.0,-0.8384634787078107,30.32069206237793,15.666121244430542,15.420028686523438,24,309,0.05254073068499565,2026,215,drop0,30,4,8,test,0,/Users/nyx.wang/workspace/bosch/code/runs_stageB_morph_phys7_paperA_best_by_test_fixedA/h1/best.pth
hunt,2000,h1,p1_h1_head_ln_lr3e-05_l21e+00_ep2000_ss215,stageB_best,head_ln,full,3e-05,0.0001,1.0,0.01,huber,1.0,-1.035154718166416,33.68447494506836,17.415547370910645,16.766525268554688,24,896,0.054266273975372314,2026,215,drop0,30,4,8,test,0,/Users/nyx.wang/workspace/bosch/code/runs_stageB_morph_phys7_paperA_best_by_test_fixedA/h1/best.pth
hunt,2000,h1,p1_h1_head_ln_lr1e-05_l21e+00_ep2000_ss215,stageB_best,head_ln,full,1e-05,0.0001,1.0,0.01,huber,1.0,-1.3217428756353393,38.2099494934082,19.790267944335938,22.80597686767578,24,1997,0.07291385531425476,2026,215,drop0,30,4,8,test,0,/Users/nyx.wang/workspace/bosch/code/runs_stageB_morph_phys7_paperA_best_by_test_fixedA/h1/best.pth
hunt,2000,h1,p1_h1_head_ln_lr1e-04_l21e+01_ep2000_ss216,stageB_best,head_ln,full,0.0001,0.0001,10.0,0.01,huber,1.0,0.5369051460096158,22.08478355407715,10.955595225095749,18.16632843017578,24,166,0.29820653796195984,2026,216,drop0,30,4,8,test,0,/Users/nyx.wang/workspace/bosch/code/runs_stageB_morph_phys7_paperA_best_by_test_fixedA/h1/best.pth
hunt,2000,h1,p1_h1_head_ln_lr3e-05_l21e+00_ep2000_ss216,stageB_best,head_ln,full,3e-05,0.0001,1.0,0.01,huber,1.0,0.5079430178826236,23.045188903808594,11.389672756195068,17.37317657470703,24,385,0.30426767468452454,2026,216,drop0,30,4,8,test,0,/Users/nyx.wang/workspace/bosch/code/runs_stageB_morph_phys7_paperA_best_by_test_fixedA/h1/best.pth
hunt,2000,h1,p1_h1_head_ln_lr1e-05_l21e+00_ep2000_ss216,stageB_best,head_ln,full,1e-05,0.0001,1.0,0.01,huber,1.0,0.49424581174231264,24.48470115661621,11.644703149795532,17.514015197753906,24,1,0.3070957362651825,2026,216,drop0,30,4,8,test,0,/Users/nyx.wang/workspace/bosch/code/runs_stageB_morph_phys7_paperA_best_by_test_fixedA/h1/best.pth
hunt,2000,h1,p1_h1_head_ln_lr1e-04_l21e+01_ep2000_ss217,stageB_best,head_ln,full,0.0001,0.0001,10.0,0.01,huber,1.0,0.6627502761539126,26.146820068359375,12.290815263986588,26.273971557617188,24,5,0.469576358795166,2026,217,drop0,30,4,8,test,0,/Users/nyx.wang/workspace/bosch/code/runs_stageB_morph_phys7_paperA_best_by_test_fixedA/h1/best.pth
hunt,2000,h1,p1_h1_head_ln_lr3e-05_l21e+00_ep2000_ss217,stageB_best,head_ln,full,3e-05,0.0001,1.0,0.01,huber,1.0,0.6649123838950192,26.091115951538086,12.238923460245132,25.956573486328125,24,17,0.4696725606918335,2026,217,drop0,30,4,8,test,0,/Users/nyx.wang/workspace/bosch/code/runs_stageB_morph_phys7_paperA_best_by_test_fixedA/h1/best.pth
hunt,2000,h1,p1_h1_head_ln_lr1e-05_l21e+00_ep2000_ss217,stageB_best,head_ln,full,1e-05,0.0001,1.0,0.01,huber,1.0,0.6634062454354726,26.159942626953125,12.25498914718628,26.072952270507812,24,65,0.47030338644981384,2026,217,drop0,30,4,8,test,0,/Users/nyx.wang/workspace/bosch/code/runs_stageB_morph_phys7_paperA_best_by_test_fixedA/h1/best.pth
hunt,2000,h1,p1_h1_head_ln_lr1e-04_l21e+01_ep2000_ss218,stageB_best,head_ln,full,0.0001,0.0001,10.0,0.01,huber,1.0,0.5471441684478873,24.51332664489746,9.246376901865005,17.558006286621094,24,1,0.35129061341285706,2026,218,drop0,30,4,8,test,0,/Users/nyx.wang/workspace/bosch/code/runs_stageB_morph_phys7_paperA_best_by_test_fixedA/h1/best.pth
hunt,2000,h1,p1_h1_head_ln_lr3e-05_l21e+00_ep2000_ss218,stageB_best,head_ln,full,3e-05,0.0001,1.0,0.01,huber,1.0,0.47880449308686224,26.82884979248047,10.08990928530693,21.792953491210938,24,1,0.33338674902915955,2026,218,drop0,30,4,8,test,0,/Users/nyx.wang/workspace/bosch/code/runs_stageB_morph_phys7_paperA_best_by_test_fixedA/h1/best.pth
hunt,2000,h1,p1_h1_head_ln_lr1e-05_l21e+00_ep2000_ss218,stageB_best,head_ln,full,1e-05,0.0001,1.0,0.01,huber,1.0,0.4561444412992678,27.56568145751953,10.358306020498276,23.06097412109375,24,1,0.32835671305656433,2026,218,drop0,30,4,8,test,0,/Users/nyx.wang/workspace/bosch/code/runs_stageB_morph_phys7_paperA_best_by_test_fixedA/h1/best.pth
hunt,2000,h1,p1_h1_head_ln_lr1e-04_l21e+01_ep2000_ss219,stageB_best,head_ln,full,0.0001,0.0001,10.0,0.01,huber,1.0,0.5737384773460006,25.525848388671875,9.975937753915787,16.782012939453125,24,64,0.02428814023733139,2026,219,drop0,30,4,8,test,0,/Users/nyx.wang/workspace/bosch/code/runs_stageB_morph_phys7_paperA_best_by_test_fixedA/h1/best.pth
hunt,2000,h1,p1_h1_head_ln_lr3e-05_l21e+00_ep2000_ss219,stageB_best,head_ln,full,3e-05,0.0001,1.0,0.01,huber,1.0,0.583158269144745,25.36480140686035,9.945392608642578,17.940711975097656,24,177,0.023060858249664307,2026,219,drop0,30,4,8,test,0,/Users/nyx.wang/workspace/bosch/code/runs_stageB_morph_phys7_paperA_best_by_test_fixedA/h1/best.pth
hunt,2000,h1,p1_h1_head_ln_lr1e-05_l21e+00_ep2000_ss219,stageB_best,head_ln,full,1e-05,0.0001,1.0,0.01,huber,1.0,0.5706644040424138,25.936620712280273,10.149183124303818,17.726417541503906,24,581,0.023973653092980385,2026,219,drop0,30,4,8,test,0,/Users/nyx.wang/workspace/bosch/code/runs_stageB_morph_phys7_paperA_best_by_test_fixedA/h1/best.pth
hunt,2000,h1,p1_h1_head_ln_lr1e-04_l21e+01_ep2000_ss220,stageB_best,head_ln,full,0.0001,0.0001,10.0,0.01,huber,1.0,0.32547708293236866,27.501806259155273,12.411398440599442,19.140426635742188,24,640,0.5223061442375183,2026,220,drop0,30,4,8,test,0,/Users/nyx.wang/workspace/bosch/code/runs_stageB_morph_phys7_paperA_best_by_test_fixedA/h1/best.pth
hunt,2000,h1,p1_h1_head_ln_lr3e-05_l21e+00_ep2000_ss220,stageB_best,head_ln,full,3e-05,0.0001,1.0,0.01,huber,1.0,0.3409733984565596,27.1163272857666,11.97381541132927,22.091766357421875,24,1421,0.5661594271659851,2026,220,drop0,30,4,8,test,0,/Users/nyx.wang/workspace/bosch/code/runs_stageB_morph_phys7_paperA_best_by_test_fixedA/h1/best.pth
hunt,2000,h1,p1_h1_head_ln_lr1e-05_l21e+00_ep2000_ss220,stageB_best,head_ln,full,1e-05,0.0001,1.0,0.01,huber,1.0,0.3910337081078006,26.961606979370117,11.856993287801743,23.64716339111328,24,1993,0.6437817811965942,2026,220,drop0,30,4,8,test,0,/Users/nyx.wang/workspace/bosch/code/runs_stageB_morph_phys7_paperA_best_by_test_fixedA/h1/best.pth
hunt,2000,h1,p1_h1_head_ln_lr1e-04_l21e+01_ep2000_ss221,stageB_best,head_ln,full,0.0001,0.0001,10.0,0.01,huber,1.0,-0.3286348824600449,42.67085647583008,19.420994818210602,28.773284912109375,24,455,0.22362984716892242,2026,221,drop0,30,4,8,test,0,/Users/nyx.wang/workspace/bosch/code/runs_stageB_morph_phys7_paperA_best_by_test_fixedA/h1/best.pth
hunt,2000,h1,p1_h1_head_ln_lr3e-05_l21e+00_ep2000_ss221,stageB_best,head_ln,full,3e-05,0.0001,1.0,0.01,huber,1.0,0.1245125969256532,37.92509841918945,16.85546636581421,31.615478515625,24,1,0.2169511914253235,2026,221,drop0,30,4,8,test,0,/Users/nyx.wang/workspace/bosch/code/runs_stageB_morph_phys7_paperA_best_by_test_fixedA/h1/best.pth
hunt,2000,h1,p1_h1_head_ln_lr1e-05_l21e+00_ep2000_ss221,stageB_best,head_ln,full,1e-05,0.0001,1.0,0.01,huber,1.0,0.11981184263037259,38.3726692199707,16.97102189064026,31.646812438964844,24,1,0.20626263320446014,2026,221,drop0,30,4,8,test,0,/Users/nyx.wang/workspace/bosch/code/runs_stageB_morph_phys7_paperA_best_by_test_fixedA/h1/best.pth
hunt,2000,h1,p1_h1_head_ln_lr1e-04_l21e+01_ep2000_ss222,stageB_best,head_ln,full,0.0001,0.0001,10.0,0.01,huber,1.0,0.6820239312797254,34.30354690551758,17.887072265148163,33.332420349121094,24,98,0.15117548406124115,2026,222,drop0,30,4,8,test,0,/Users/nyx.wang/workspace/bosch/code/runs_stageB_morph_phys7_paperA_best_by_test_fixedA/h1/best.pth
hunt,2000,h1,p1_h1_head_ln_lr3e-05_l21e+00_ep2000_ss222,stageB_best,head_ln,full,3e-05,0.0001,1.0,0.01,huber,1.0,0.6979667260847446,33.40212631225586,17.30480194091797,32.512718200683594,24,336,0.1584310531616211,2026,222,drop0,30,4,8,test,0,/Users/nyx.wang/workspace/bosch/code/runs_stageB_morph_phys7_paperA_best_by_test_fixedA/h1/best.pth
hunt,2000,h1,p1_h1_head_ln_lr1e-05_l21e+00_ep2000_ss222,stageB_best,head_ln,full,1e-05,0.0001,1.0,0.01,huber,1.0,0.6961284030815689,33.59459686279297,17.23964661359787,32.91600036621094,24,1004,0.1613888293504715,2026,222,drop0,30,4,8,test,0,/Users/nyx.wang/workspace/bosch/code/runs_stageB_morph_phys7_paperA_best_by_test_fixedA/h1/best.pth
hunt,2000,h1,p1_h1_head_ln_lr1e-04_l21e+01_ep2000_ss223,stageB_best,head_ln,full,0.0001,0.0001,10.0,0.01,huber,1.0,0.6984951216906842,25.54941749572754,12.463786453008652,18.912452697753906,24,101,0.04871043562889099,2026,223,drop0,30,4,8,test,0,/Users/nyx.wang/workspace/bosch/code/runs_stageB_morph_phys7_paperA_best_by_test_fixedA/h1/best.pth
hunt,2000,h1,p1_h1_head_ln_lr3e-05_l21e+00_ep2000_ss223,stageB_best,head_ln,full,3e-05,0.0001,1.0,0.01,huber,1.0,0.7082851096814695,25.085500717163086,12.328533083200455,19.676284790039062,24,368,0.04940290376543999,2026,223,drop0,30,4,8,test,0,/Users/nyx.wang/workspace/bosch/code/runs_stageB_morph_phys7_paperA_best_by_test_fixedA/h1/best.pth
hunt,2000,h1,p1_h1_head_ln_lr1e-05_l21e+00_ep2000_ss223,stageB_best,head_ln,full,1e-05,0.0001,1.0,0.01,huber,1.0,0.7093141859856952,24.99773597717285,12.295132875442505,19.55279541015625,24,1574,0.04925663769245148,2026,223,drop0,30,4,8,test,0,/Users/nyx.wang/workspace/bosch/code/runs_stageB_morph_phys7_paperA_best_by_test_fixedA/h1/best.pth
hunt,2000,h1,p1_h1_head_ln_lr1e-04_l21e+01_ep2000_ss224,stageB_best,head_ln,full,0.0001,0.0001,10.0,0.01,huber,1.0,0.7450602756191789,30.320554733276367,11.003293842077255,27.91643524169922,24,51,0.2588314116001129,2026,224,drop0,30,4,8,test,0,/Users/nyx.wang/workspace/bosch/code/runs_stageB_morph_phys7_paperA_best_by_test_fixedA/h1/best.pth
hunt,2000,h1,p1_h1_head_ln_lr3e-05_l21e+00_ep2000_ss224,stageB_best,head_ln,full,3e-05,0.0001,1.0,0.01,huber,1.0,0.6906075294284013,32.51463317871094,11.598583310842514,26.932044982910156,24,70,0.2597280740737915,2026,224,drop0,30,4,8,test,0,/Users/nyx.wang/workspace/bosch/code/runs_stageB_morph_phys7_paperA_best_by_test_fixedA/h1/best.pth
hunt,2000,h1,p1_h1_head_ln_lr1e-05_l21e+00_ep2000_ss224,stageB_best,head_ln,full,1e-05,0.0001,1.0,0.01,huber,1.0,0.7096861467730324,31.7593936920166,11.373958736658096,26.922775268554688,24,308,0.2619391977787018,2026,224,drop0,30,4,8,test,0,/Users/nyx.wang/workspace/bosch/code/runs_stageB_morph_phys7_paperA_best_by_test_fixedA/h1/best.pth
hunt,2000,h1,p1_h1_head_ln_lr1e-04_l21e+01_ep2000_ss225,stageB_best,head_ln,full,0.0001,0.0001,10.0,0.01,huber,1.0,-0.31519238370710934,29.240148544311523,15.061336755752563,22.754127502441406,24,873,0.3225671947002411,2026,225,drop0,30,4,8,test,0,/Users/nyx.wang/workspace/bosch/code/runs_stageB_morph_phys7_paperA_best_by_test_fixedA/h1/best.pth
hunt,2000,h1,p1_h1_head_ln_lr3e-05_l21e+00_ep2000_ss225,stageB_best,head_ln,full,3e-05,0.0001,1.0,0.01,huber,1.0,-0.1186443977114704,27.3214168548584,14.237119257450104,25.47980499267578,24,1995,0.34464994072914124,2026,225,drop0,30,4,8,test,0,/Users/nyx.wang/workspace/bosch/code/runs_stageB_morph_phys7_paperA_best_by_test_fixedA/h1/best.pth
hunt,2000,h1,p1_h1_head_ln_lr1e-05_l21e+00_ep2000_ss225,stageB_best,head_ln,full,1e-05,0.0001,1.0,0.01,huber,1.0,-0.0772016229805661,26.191139221191406,13.833869993686676,27.601722717285156,24,1998,0.39902567863464355,2026,225,drop0,30,4,8,test,0,/Users/nyx.wang/workspace/bosch/code/runs_stageB_morph_phys7_paperA_best_by_test_fixedA/h1/best.pth
hunt,2000,h1,p1_h1_head_ln_lr1e-04_l21e+01_ep2000_ss226,stageB_best,head_ln,full,0.0001,0.0001,10.0,0.01,huber,1.0,0.4482659772511389,49.43680191040039,18.369060754776,41.57566833496094,24,1105,0.10518484562635422,2026,226,drop0,30,4,8,test,0,/Users/nyx.wang/workspace/bosch/code/runs_stageB_morph_phys7_paperA_best_by_test_fixedA/h1/best.pth
hunt,2000,h1,p1_h1_head_ln_lr3e-05_l21e+00_ep2000_ss226,stageB_best,head_ln,full,3e-05,0.0001,1.0,0.01,huber,1.0,0.44339049149063836,50.03986740112305,18.69123727083206,41.169517517089844,24,2000,0.10894564539194107,2026,226,drop0,30,4,8,test,0,/Users/nyx.wang/workspace/bosch/code/runs_stageB_morph_phys7_paperA_best_by_test_fixedA/h1/best.pth
hunt,2000,h1,p1_h1_head_ln_lr1e-05_l21e+00_ep2000_ss226,stageB_best,head_ln,full,1e-05,0.0001,1.0,0.01,huber,1.0,0.5361169847607066,46.58041000366211,17.797482013702393,37.48634338378906,24,2000,0.14533597230911255,2026,226,drop0,30,4,8,test,0,/Users/nyx.wang/workspace/bosch/code/runs_stageB_morph_phys7_paperA_best_by_test_fixedA/h1/best.pth
hunt,2000,h1,p1_h1_head_ln_lr1e-04_l21e+01_ep2000_ss227,stageB_best,head_ln,full,0.0001,0.0001,10.0,0.01,huber,1.0,0.1260388886111432,42.564292907714844,20.450501143932343,34.398109436035156,24,589,0.07631773501634598,2026,227,drop0,30,4,8,test,0,/Users/nyx.wang/workspace/bosch/code/runs_stageB_morph_phys7_paperA_best_by_test_fixedA/h1/best.pth
hunt,2000,h1,p1_h1_head_ln_lr3e-05_l21e+00_ep2000_ss227,stageB_best,head_ln,full,3e-05,0.0001,1.0,0.01,huber,1.0,0.08527670079490812,43.10377883911133,20.861466228961945,34.28138732910156,24,1303,0.08638987690210342,2026,227,drop0,30,4,8,test,0,/Users/nyx.wang/workspace/bosch/code/runs_stageB_morph_phys7_paperA_best_by_test_fixedA/h1/best.pth
hunt,2000,h1,p1_h1_head_ln_lr1e-05_l21e+00_ep2000_ss227,stageB_best,head_ln,full,1e-05,0.0001,1.0,0.01,huber,1.0,0.08013988039312703,43.35589599609375,21.273088455200195,38.519004821777344,24,1988,0.10117343813180923,2026,227,drop0,30,4,8,test,0,/Users/nyx.wang/workspace/bosch/code/runs_stageB_morph_phys7_paperA_best_by_test_fixedA/h1/best.pth
hunt,2000,h1,p1_h1_head_ln_lr1e-04_l21e+01_ep2000_ss228,stageB_best,head_ln,full,0.0001,0.0001,10.0,0.01,huber,1.0,0.8796418695471352,18.928258895874023,8.183985203504562,15.8092041015625,24,507,0.3276080787181854,2026,228,drop0,30,4,8,test,0,/Users/nyx.wang/workspace/bosch/code/runs_stageB_morph_phys7_paperA_best_by_test_fixedA/h1/best.pth
hunt,2000,h1,p1_h1_head_ln_lr3e-05_l21e+00_ep2000_ss228,stageB_best,head_ln,full,3e-05,0.0001,1.0,0.01,huber,1.0,0.8568946641087183,20.455476760864258,8.638274669647217,15.035621643066406,24,573,0.3391443192958832,2026,228,drop0,30,4,8,test,0,/Users/nyx.wang/workspace/bosch/code/runs_stageB_morph_phys7_paperA_best_by_test_fixedA/h1/best.pth
hunt,2000,h1,p1_h1_head_ln_lr1e-05_l21e+00_ep2000_ss228,stageB_best,head_ln,full,1e-05,0.0001,1.0,0.01,huber,1.0,0.8465945802013526,20.298789978027344,8.346476405858994,13.341346740722656,24,1537,0.3512219488620758,2026,228,drop0,30,4,8,test,0,/Users/nyx.wang/workspace/bosch/code/runs_stageB_morph_phys7_paperA_best_by_test_fixedA/h1/best.pth
hunt,2000,h1,p1_h1_head_ln_lr1e-04_l21e+01_ep2000_ss229,stageB_best,head_ln,full,0.0001,0.0001,10.0,0.01,huber,1.0,-0.04045907105244062,43.7273063659668,22.066545486450195,36.60380554199219,24,248,0.11089577525854111,2026,229,drop0,30,4,8,test,0,/Users/nyx.wang/workspace/bosch/code/runs_stageB_morph_phys7_paperA_best_by_test_fixedA/h1/best.pth
hunt,2000,h1,p1_h1_head_ln_lr3e-05_l21e+00_ep2000_ss229,stageB_best,head_ln,full,3e-05,0.0001,1.0,0.01,huber,1.0,-0.06274666080762237,44.83468246459961,22.806060314178467,35.781654357910156,24,726,0.11600711941719055,2026,229,drop0,30,4,8,test,0,/Users/nyx.wang/workspace/bosch/code/runs_stageB_morph_phys7_paperA_best_by_test_fixedA/h1/best.pth
hunt,2000,h1,p1_h1_head_ln_lr1e-05_l21e+00_ep2000_ss229,stageB_best,head_ln,full,1e-05,0.0001,1.0,0.01,huber,1.0,-0.034855466895831855,45.01225280761719,22.835731506347656,38.18312072753906,24,1978,0.1340865194797516,2026,229,drop0,30,4,8,test,0,/Users/nyx.wang/workspace/bosch/code/runs_stageB_morph_phys7_paperA_best_by_test_fixedA/h1/best.pth
hunt,2000,h1,p1_h1_head_ln_lr1e-04_l21e+01_ep2000_ss230,stageB_best,head_ln,full,0.0001,0.0001,10.0,0.01,huber,1.0,0.026077085768623554,30.788772583007812,12.686072289943695,17.870948791503906,24,175,0.0889173373579979,2026,230,drop0,30,4,8,test,0,/Users/nyx.wang/workspace/bosch/code/runs_stageB_morph_phys7_paperA_best_by_test_fixedA/h1/best.pth
hunt,2000,h1,p1_h1_head_ln_lr3e-05_l21e+00_ep2000_ss230,stageB_best,head_ln,full,3e-05,0.0001,1.0,0.01,huber,1.0,0.020294184817479244,30.024078369140625,12.152675539255142,15.335578918457031,24,1003,0.09776120632886887,2026,230,drop0,30,4,8,test,0,/Users/nyx.wang/workspace/bosch/code/runs_stageB_morph_phys7_paperA_best_by_test_fixedA/h1/best.pth
hunt,2000,h1,p1_h1_head_ln_lr1e-05_l21e+00_ep2000_ss230,stageB_best,head_ln,full,1e-05,0.0001,1.0,0.01,huber,1.0,0.019641581619448845,30.9616641998291,12.786874175071716,19.787063598632812,24,914,0.10009714215993881,2026,230,drop0,30,4,8,test,0,/Users/nyx.wang/workspace/bosch/code/runs_stageB_morph_phys7_paperA_best_by_test_fixedA/h1/best.pth
hunt,2000,h1,p1_h1_head_ln_lr1e-04_l21e+01_ep2000_ss231,stageB_best,head_ln,full,0.0001,0.0001,10.0,0.01,huber,1.0,0.24815211771733514,29.567052841186523,15.327496826648712,14.8458251953125,24,1192,0.3273983895778656,2026,231,drop0,30,4,8,test,0,/Users/nyx.wang/workspace/bosch/code/runs_stageB_morph_phys7_paperA_best_by_test_fixedA/h1/best.pth
hunt,2000,h1,p1_h1_head_ln_lr3e-05_l21e+00_ep2000_ss231,stageB_best,head_ln,full,3e-05,0.0001,1.0,0.01,huber,1.0,0.17463479963479966,31.040861129760742,16.226182878017426,16.313087463378906,24,1975,0.3568849265575409,2026,231,drop0,30,4,8,test,0,/Users/nyx.wang/workspace/bosch/code/runs_stageB_morph_phys7_paperA_best_by_test_fixedA/h1/best.pth
hunt,2000,h1,p1_h1_head_ln_lr1e-05_l21e+00_ep2000_ss231,stageB_best,head_ln,full,1e-05,0.0001,1.0,0.01,huber,1.0,0.07500285761155323,33.453956604003906,17.69944876432419,15.969207763671875,24,2000,0.42464184761047363,2026,231,drop0,30,4,8,test,0,/Users/nyx.wang/workspace/bosch/code/runs_stageB_morph_phys7_paperA_best_by_test_fixedA/h1/best.pth
hunt,2000,h1,p1_h1_head_ln_lr1e-04_l21e+01_ep2000_ss232,stageB_best,head_ln,full,0.0001,0.0001,10.0,0.01,huber,1.0,0.510149693593799,24.13858985900879,11.021719127893448,23.159767150878906,24,151,0.0301666259765625,2026,232,drop0,30,4,8,test,0,/Users/nyx.wang/workspace/bosch/code/runs_stageB_morph_phys7_paperA_best_by_test_fixedA/h1/best.pth
hunt,2000,h1,p1_h1_head_ln_lr3e-05_l21e+00_ep2000_ss232,stageB_best,head_ln,full,3e-05,0.0001,1.0,0.01,huber,1.0,0.5197904425758153,24.571168899536133,11.36184111237526,24.451988220214844,24,687,0.03084905631840229,2026,232,drop0,30,4,8,test,0,/Users/nyx.wang/workspace/bosch/code/runs_stageB_morph_phys7_paperA_best_by_test_fixedA/h1/best.pth
hunt,2000,h1,p1_h1_head_ln_lr1e-05_l21e+00_ep2000_ss232,stageB_best,head_ln,full,1e-05,0.0001,1.0,0.01,huber,1.0,0.5295796416107672,24.10902976989746,11.215084791183472,23.4326171875,24,2000,0.03343970701098442,2026,232,drop0,30,4,8,test,0,/Users/nyx.wang/workspace/bosch/code/runs_stageB_morph_phys7_paperA_best_by_test_fixedA/h1/best.pth
hunt,2000,h1,p1_h1_head_ln_lr1e-04_l21e+01_ep2000_ss233,stageB_best,head_ln,full,0.0001,0.0001,10.0,0.01,huber,1.0,-0.5357911183293766,39.68876266479492,14.580138027668,26.91095733642578,24,926,0.02684696577489376,2026,233,drop0,30,4,8,test,0,/Users/nyx.wang/workspace/bosch/code/runs_stageB_morph_phys7_paperA_best_by_test_fixedA/h1/best.pth
hunt,2000,h1,p1_h1_head_ln_lr3e-05_l21e+00_ep2000_ss233,stageB_best,head_ln,full,3e-05,0.0001,1.0,0.01,huber,1.0,-0.5994999907984326,41.22955322265625,15.22940844297409,27.591888427734375,24,747,0.02899586223065853,2026,233,drop0,30,4,8,test,0,/Users/nyx.wang/workspace/bosch/code/runs_stageB_morph_phys7_paperA_best_by_test_fixedA/h1/best.pth
hunt,2000,h1,p1_h1_head_ln_lr1e-05_l21e+00_ep2000_ss233,stageB_best,head_ln,full,1e-05,0.0001,1.0,0.01,huber,1.0,-0.5379593783235697,40.32697677612305,14.890927076339722,26.60095977783203,24,2000,0.035430680960416794,2026,233,drop0,30,4,8,test,0,/Users/nyx.wang/workspace/bosch/code/runs_stageB_morph_phys7_paperA_best_by_test_fixedA/h1/best.pth
hunt,2000,h1,p1_h1_head_ln_lr1e-04_l21e+01_ep2000_ss234,stageB_best,head_ln,full,0.0001,0.0001,10.0,0.01,huber,1.0,0.7643176016269183,22.19454002380371,9.506473690271378,17.028167724609375,24,504,0.03483317419886589,2026,234,drop0,30,4,8,test,0,/Users/nyx.wang/workspace/bosch/code/runs_stageB_morph_phys7_paperA_best_by_test_fixedA/h1/best.pth
hunt,2000,h1,p1_h1_head_ln_lr3e-05_l21e+00_ep2000_ss234,stageB_best,head_ln,full,3e-05,0.0001,1.0,0.01,huber,1.0,0.7549866035483535,22.493600845336914,9.57699790596962,18.34990692138672,24,1677,0.03749716654419899,2026,234,drop0,30,4,8,test,0,/Users/nyx.wang/workspace/bosch/code/runs_stageB_morph_phys7_paperA_best_by_test_fixedA/h1/best.pth
hunt,2000,h1,p1_h1_head_ln_lr1e-05_l21e+00_ep2000_ss234,stageB_best,head_ln,full,1e-05,0.0001,1.0,0.01,huber,1.0,0.6881737322359367,27.336069107055664,11.88640221953392,25.81476593017578,24,1682,0.04392107203602791,2026,234,drop0,30,4,8,test,0,/Users/nyx.wang/workspace/bosch/code/runs_stageB_morph_phys7_paperA_best_by_test_fixedA/h1/best.pth
hunt,2000,h1,p1_h1_head_ln_lr1e-04_l21e+01_ep2000_ss235,stageB_best,head_ln,full,0.0001,0.0001,10.0,0.01,huber,1.0,0.36934722411169385,31.50164222717285,18.3526873588562,24.34906768798828,24,418,0.08218217641115189,2026,235,drop0,30,4,8,test,0,/Users/nyx.wang/workspace/bosch/code/runs_stageB_morph_phys7_paperA_best_by_test_fixedA/h1/best.pth
hunt,2000,h1,p1_h1_head_ln_lr3e-05_l21e+00_ep2000_ss235,stageB_best,head_ln,full,3e-05,0.0001,1.0,0.01,huber,1.0,0.37637202128839164,31.08137321472168,17.934687435626984,23.229034423828125,24,1521,0.08251016587018967,2026,235,drop0,30,4,8,test,0,/Users/nyx.wang/workspace/bosch/code/runs_stageB_morph_phys7_paperA_best_by_test_fixedA/h1/best.pth
hunt,2000,h1,p1_h1_head_ln_lr1e-05_l21e+00_ep2000_ss235,stageB_best,head_ln,full,1e-05,0.0001,1.0,0.01,huber,1.0,0.39531377277941615,30.93266487121582,17.921173572540283,22.941307067871094,24,1988,0.09535524994134903,2026,235,drop0,30,4,8,test,0,/Users/nyx.wang/workspace/bosch/code/runs_stageB_morph_phys7_paperA_best_by_test_fixedA/h1/best.pth
hunt,2000,h1,p1_h1_head_ln_lr1e-04_l21e+01_ep2000_ss236,stageB_best,head_ln,full,0.0001,0.0001,10.0,0.01,huber,1.0,0.38121636457901575,33.7319450378418,19.757623970508575,27.39935302734375,24,1357,0.20568712055683136,2026,236,drop0,30,4,8,test,0,/Users/nyx.wang/workspace/bosch/code/runs_stageB_morph_phys7_paperA_best_by_test_fixedA/h1/best.pth
hunt,2000,h1,p1_h1_head_ln_lr3e-05_l21e+00_ep2000_ss236,stageB_best,head_ln,full,3e-05,0.0001,1.0,0.01,huber,1.0,0.3500737515755804,34.693397521972656,20.2469602227211,27.21941375732422,24,2000,0.23604722321033478,2026,236,drop0,30,4,8,test,0,/Users/nyx.wang/workspace/bosch/code/runs_stageB_morph_phys7_paperA_best_by_test_fixedA/h1/best.pth
hunt,2000,h1,p1_h1_head_ln_lr1e-05_l21e+00_ep2000_ss236,stageB_best,head_ln,full,1e-05,0.0001,1.0,0.01,huber,1.0,0.38053473555062256,32.566322326660156,19.21784281730652,26.3253173828125,24,2000,0.36036860942840576,2026,236,drop0,30,4,8,test,0,/Users/nyx.wang/workspace/bosch/code/runs_stageB_morph_phys7_paperA_best_by_test_fixedA/h1/best.pth
hunt,2000,h1,p1_h1_head_ln_lr1e-04_l21e+01_ep2000_ss237,stageB_best,head_ln,full,0.0001,0.0001,10.0,0.01,huber,1.0,0.41658748429764936,28.509492874145508,11.854461580514908,26.308120727539062,24,1013,0.16749942302703857,2026,237,drop0,30,4,8,test,0,/Users/nyx.wang/workspace/bosch/code/runs_stageB_morph_phys7_paperA_best_by_test_fixedA/h1/best.pth
hunt,2000,h1,p1_h1_head_ln_lr3e-05_l21e+00_ep2000_ss237,stageB_best,head_ln,full,3e-05,0.0001,1.0,0.01,huber,1.0,0.2814013033994174,32.17353439331055,13.475316762924194,26.753875732421875,24,349,0.1757141500711441,2026,237,drop0,30,4,8,test,0,/Users/nyx.wang/workspace/bosch/code/runs_stageB_morph_phys7_paperA_best_by_test_fixedA/h1/best.pth
hunt,2000,h1,p1_h1_head_ln_lr1e-05_l21e+00_ep2000_ss237,stageB_best,head_ln,full,1e-05,0.0001,1.0,0.01,huber,1.0,0.2425442000553979,33.31254959106445,13.848032057285309,27.485626220703125,24,1205,0.1829206347465515,2026,237,drop0,30,4,8,test,0,/Users/nyx.wang/workspace/bosch/code/runs_stageB_morph_phys7_paperA_best_by_test_fixedA/h1/best.pth
hunt,2000,h1,p1_h1_head_ln_lr1e-04_l21e+01_ep2000_ss238,stageB_best,head_ln,full,0.0001,0.0001,10.0,0.01,huber,1.0,0.7508429617477099,32.37370681762695,13.08673769235611,27.42615509033203,24,153,0.1528903692960739,2026,238,drop0,30,4,8,test,0,/Users/nyx.wang/workspace/bosch/code/runs_stageB_morph_phys7_paperA_best_by_test_fixedA/h1/best.pth
hunt,2000,h1,p1_h1_head_ln_lr3e-05_l21e+00_ep2000_ss238,stageB_best,head_ln,full,3e-05,0.0001,1.0,0.01,huber,1.0,0.750985259794999,32.35073471069336,13.163267076015472,26.654281616210938,24,469,0.1556006669998169,2026,238,drop0,30,4,8,test,0,/Users/nyx.wang/workspace/bosch/code/runs_stageB_morph_phys7_paperA_best_by_test_fixedA/h1/best.pth
hunt,2000,h1,p1_h1_head_ln_lr1e-05_l21e+00_ep2000_ss238,stageB_best,head_ln,full,1e-05,0.0001,1.0,0.01,huber,1.0,0.7404719280300502,32.70747756958008,13.210713863372803,25.90380859375,24,1584,0.156935915350914,2026,238,drop0,30,4,8,test,0,/Users/nyx.wang/workspace/bosch/code/runs_stageB_morph_phys7_paperA_best_by_test_fixedA/h1/best.pth
hunt,2000,h1,p1_h1_head_ln_lr1e-04_l21e+01_ep2000_ss239,stageB_best,head_ln,full,0.0001,0.0001,10.0,0.01,huber,1.0,0.7303131506510349,30.74285316467285,11.430629342794418,21.288902282714844,24,92,0.19957511126995087,2026,239,drop0,30,4,8,test,0,/Users/nyx.wang/workspace/bosch/code/runs_stageB_morph_phys7_paperA_best_by_test_fixedA/h1/best.pth
hunt,2000,h1,p1_h1_head_ln_lr3e-05_l21e+00_ep2000_ss239,stageB_best,head_ln,full,3e-05,0.0001,1.0,0.01,huber,1.0,0.7246400062251461,30.556655883789062,11.299723386764526,20.17693328857422,24,400,0.20406247675418854,2026,239,drop0,30,4,8,test,0,/Users/nyx.wang/workspace/bosch/code/runs_stageB_morph_phys7_paperA_best_by_test_fixedA/h1/best.pth
hunt,2000,h1,p1_h1_head_ln_lr1e-05_l21e+00_ep2000_ss239,stageB_best,head_ln,full,1e-05,0.0001,1.0,0.01,huber,1.0,0.7185426837080706,31.2744197845459,11.528178304433823,21.622665405273438,24,961,0.2077530175447464,2026,239,drop0,30,4,8,test,0,/Users/nyx.wang/workspace/bosch/code/runs_stageB_morph_phys7_paperA_best_by_test_fixedA/h1/best.pth
hunt,2000,h1,p1_h1_head_ln_lr1e-04_l21e+01_ep2000_ss240,stageB_best,head_ln,full,0.0001,0.0001,10.0,0.01,huber,1.0,0.07174421278260723,25.70029640197754,9.917914122343063,14.432510375976562,24,1424,0.11804652214050293,2026,240,drop0,30,4,8,test,0,/Users/nyx.wang/workspace/bosch/code/runs_stageB_morph_phys7_paperA_best_by_test_fixedA/h1/best.pth
hunt,2000,h1,p1_h1_head_ln_lr3e-05_l21e+00_ep2000_ss240,stageB_best,head_ln,full,3e-05,0.0001,1.0,0.01,huber,1.0,-0.007152465912902972,27.226760864257812,10.45842170715332,15.142524719238281,24,1742,0.13402219116687775,2026,240,drop0,30,4,8,test,0,/Users/nyx.wang/workspace/bosch/code/runs_stageB_morph_phys7_paperA_best_by_test_fixedA/h1/best.pth
hunt,2000,h1,p1_h1_head_ln_lr1e-05_l21e+00_ep2000_ss240,stageB_best,head_ln,full,1e-05,0.0001,1.0,0.01,huber,1.0,-0.038050846632891266,28.531633377075195,11.029710620641708,16.337989807128906,24,2000,0.17784929275512695,2026,240,drop0,30,4,8,test,0,/Users/nyx.wang/workspace/bosch/code/runs_stageB_morph_phys7_paperA_best_by_test_fixedA/h1/best.pth
hunt,2000,h1,p1_h1_head_ln_lr1e-04_l21e+01_ep2000_ss241,stageB_best,head_ln,full,0.0001,0.0001,10.0,0.01,huber,1.0,0.6304128025228598,26.109495162963867,10.78508272767067,16.51531982421875,24,1663,0.05154813453555107,2026,241,drop0,30,4,8,test,0,/Users/nyx.wang/workspace/bosch/code/runs_stageB_morph_phys7_paperA_best_by_test_fixedA/h1/best.pth
hunt,2000,h1,p1_h1_head_ln_lr3e-05_l21e+00_ep2000_ss241,stageB_best,head_ln,full,3e-05,0.0001,1.0,0.01,huber,1.0,0.608359140155553,27.098052978515625,11.311640590429306,17.107933044433594,24,1991,0.07049057632684708,2026,241,drop0,30,4,8,test,0,/Users/nyx.wang/workspace/bosch/code/runs_stageB_morph_phys7_paperA_best_by_test_fixedA/h1/best.pth
hunt,2000,h1,p1_h1_head_ln_lr1e-05_l21e+00_ep2000_ss241,stageB_best,head_ln,full,1e-05,0.0001,1.0,0.01,huber,1.0,0.5853384056079145,26.896583557128906,11.442115902900696,15.098770141601562,24,99,0.10238657146692276,2026,241,drop0,30,4,8,test,0,/Users/nyx.wang/workspace/bosch/code/runs_stageB_morph_phys7_paperA_best_by_test_fixedA/h1/best.pth
hunt,2000,h1,p1_h1_head_ln_lr1e-04_l21e+01_ep2000_ss242,stageB_best,head_ln,full,0.0001,0.0001,10.0,0.01,huber,1.0,0.6053712287485542,41.9141731262207,17.781074345111847,26.018104553222656,24,1,0.32323023676872253,2026,242,drop0,30,4,8,test,0,/Users/nyx.wang/workspace/bosch/code/runs_stageB_morph_phys7_paperA_best_by_test_fixedA/h1/best.pth
hunt,2000,h1,p1_h1_head_ln_lr3e-05_l21e+00_ep2000_ss242,stageB_best,head_ln,full,3e-05,0.0001,1.0,0.01,huber,1.0,0.6058408224385806,41.92942810058594,17.754031717777252,25.999191284179688,24,5,0.3232490122318268,2026,242,drop0,30,4,8,test,0,/Users/nyx.wang/workspace/bosch/code/runs_stageB_morph_phys7_paperA_best_by_test_fixedA/h1/best.pth
hunt,2000,h1,p1_h1_head_ln_lr1e-05_l21e+00_ep2000_ss242,stageB_best,head_ln,full,1e-05,0.0001,1.0,0.01,huber,1.0,0.6066625718813431,41.89165496826172,17.732976377010345,25.92926788330078,24,16,0.3227654695510864,2026,242,drop0,30,4,8,test,0,/Users/nyx.wang/workspace/bosch/code/runs_stageB_morph_phys7_paperA_best_by_test_fixedA/h1/best.pth
hunt,2000,h1,p1_h1_head_ln_lr1e-04_l21e+01_ep2000_ss243,stageB_best,head_ln,full,0.0001,0.0001,10.0,0.01,huber,1.0,0.7566194742472014,34.29935836791992,15.664272010326385,24.55274200439453,24,958,0.1570076048374176,2026,243,drop0,30,4,8,test,0,/Users/nyx.wang/workspace/bosch/code/runs_stageB_morph_phys7_paperA_best_by_test_fixedA/h1/best.pth
hunt,2000,h1,p1_h1_head_ln_lr3e-05_l21e+00_ep2000_ss243,stageB_best,head_ln,full,3e-05,0.0001,1.0,0.01,huber,1.0,0.7611773883591424,34.15475845336914,15.207681059837341,25.449363708496094,24,1959,0.17487818002700806,2026,243,drop0,30,4,8,test,0,/Users/nyx.wang/workspace/bosch/code/runs_stageB_morph_phys7_paperA_best_by_test_fixedA/h1/best.pth
hunt,2000,h1,p1_h1_head_ln_lr1e-05_l21e+00_ep2000_ss243,stageB_best,head_ln,full,1e-05,0.0001,1.0,0.01,huber,1.0,0.7084189518615421,37.46012496948242,16.37890338897705,28.81446075439453,24,2000,0.2184792309999466,2026,243,drop0,30,4,8,test,0,/Users/nyx.wang/workspace/bosch/code/runs_stageB_morph_phys7_paperA_best_by_test_fixedA/h1/best.pth
hunt,2000,h1,p1_h1_head_ln_lr1e-04_l21e+01_ep2000_ss244,stageB_best,head_ln,full,0.0001,0.0001,10.0,0.01,huber,1.0,0.64725428563293,23.03861427307129,10.748571157455444,20.661544799804688,24,177,0.40197625756263733,2026,244,drop0,30,4,8,test,0,/Users/nyx.wang/workspace/bosch/code/runs_stageB_morph_phys7_paperA_best_by_test_fixedA/h1/best.pth
hunt,2000,h1,p1_h1_head_ln_lr3e-05_l21e+00_ep2000_ss244,stageB_best,head_ln,full,3e-05,0.0001,1.0,0.01,huber,1.0,0.6471676755951106,22.635705947875977,10.382125526666641,19.93658447265625,24,602,0.40349292755126953,2026,244,drop0,30,4,8,test,0,/Users/nyx.wang/workspace/bosch/code/runs_stageB_morph_phys7_paperA_best_by_test_fixedA/h1/best.pth
hunt,2000,h1,p1_h1_head_ln_lr1e-05_l21e+00_ep2000_ss244,stageB_best,head_ln,full,1e-05,0.0001,1.0,0.01,huber,1.0,0.6461322380321395,21.84941864013672,9.948477894067764,15.6536865234375,24,1998,0.4104278087615967,2026,244,drop0,30,4,8,test,0,/Users/nyx.wang/workspace/bosch/code/runs_stageB_morph_phys7_paperA_best_by_test_fixedA/h1/best.pth
hunt,2000,h1,p1_h1_head_ln_lr1e-04_l21e+01_ep2000_ss245,stageB_best,head_ln,full,0.0001,0.0001,10.0,0.01,huber,1.0,0.6916839781177059,20.451169967651367,8.965139836072922,16.2430419921875,24,124,0.02259594015777111,2026,245,drop0,30,4,8,test,0,/Users/nyx.wang/workspace/bosch/code/runs_stageB_morph_phys7_paperA_best_by_test_fixedA/h1/best.pth
hunt,2000,h1,p1_h1_head_ln_lr3e-05_l21e+00_ep2000_ss245,stageB_best,head_ln,full,3e-05,0.0001,1.0,0.01,huber,1.0,0.6931252035847224,20.572874069213867,9.130708128213882,16.237022399902344,24,345,0.026374632492661476,2026,245,drop0,30,4,8,test,0,/Users/nyx.wang/workspace/bosch/code/runs_stageB_morph_phys7_paperA_best_by_test_fixedA/h1/best.pth
hunt,2000,h1,p1_h1_head_ln_lr1e-05_l21e+00_ep2000_ss245,stageB_best,head_ln,full,1e-05,0.0001,1.0,0.01,huber,1.0,0.6917455347433599,20.8266658782959,9.267687797546387,16.944961547851562,24,744,0.02976824901998043,2026,245,drop0,30,4,8,test,0,/Users/nyx.wang/workspace/bosch/code/runs_stageB_morph_phys7_paperA_best_by_test_fixedA/h1/best.pth
hunt,2000,h1,p1_h1_head_ln_lr1e-04_l21e+01_ep2000_ss246,stageB_best,head_ln,full,0.0001,0.0001,10.0,0.01,huber,1.0,0.3538770762543767,37.919708251953125,18.687428534030914,39.628578186035156,24,592,0.08796713501214981,2026,246,drop0,30,4,8,test,0,/Users/nyx.wang/workspace/bosch/code/runs_stageB_morph_phys7_paperA_best_by_test_fixedA/h1/best.pth
hunt,2000,h1,p1_h1_head_ln_lr3e-05_l21e+00_ep2000_ss246,stageB_best,head_ln,full,3e-05,0.0001,1.0,0.01,huber,1.0,0.3876775488555807,37.31043243408203,18.113072216510773,39.789337158203125,24,1312,0.09750976413488388,2026,246,drop0,30,4,8,test,0,/Users/nyx.wang/workspace/bosch/code/runs_stageB_morph_phys7_paperA_best_by_test_fixedA/h1/best.pth
hunt,2000,h1,p1_h1_head_ln_lr1e-05_l21e+00_ep2000_ss246,stageB_best,head_ln,full,1e-05,0.0001,1.0,0.01,huber,1.0,0.48359079893750967,34.12669372558594,16.275523602962494,40.57775115966797,24,1994,0.1425231546163559,2026,246,drop0,30,4,8,test,0,/Users/nyx.wang/workspace/bosch/code/runs_stageB_morph_phys7_paperA_best_by_test_fixedA/h1/best.pth
hunt,2000,h1,p1_h1_head_ln_lr1e-04_l21e+01_ep2000_ss247,stageB_best,head_ln,full,0.0001,0.0001,10.0,0.01,huber,1.0,0.6703516143118551,23.496917724609375,10.858175903558731,17.180511474609375,24,1093,0.08875300735235214,2026,247,drop0,30,4,8,test,0,/Users/nyx.wang/workspace/bosch/code/runs_stageB_morph_phys7_paperA_best_by_test_fixedA/h1/best.pth
hunt,2000,h1,p1_h1_head_ln_lr3e-05_l21e+00_ep2000_ss247,stageB_best,head_ln,full,3e-05,0.0001,1.0,0.01,huber,1.0,0.7615464999879584,19.799253463745117,9.149076789617538,15.513031005859375,24,1890,0.09605015069246292,2026,247,drop0,30,4,8,test,0,/Users/nyx.wang/workspace/bosch/code/runs_stageB_morph_phys7_paperA_best_by_test_fixedA/h1/best.pth
hunt,2000,h1,p1_h1_head_ln_lr1e-05_l21e+00_ep2000_ss247,stageB_best,head_ln,full,1e-05,0.0001,1.0,0.01,huber,1.0,0.8118194985870539,17.61374855041504,7.943177968263626,12.161872863769531,24,1890,0.10604586452245712,2026,247,drop0,30,4,8,test,0,/Users/nyx.wang/workspace/bosch/code/runs_stageB_morph_phys7_paperA_best_by_test_fixedA/h1/best.pth
hunt,2000,h1,p1_h1_head_ln_lr1e-04_l21e+01_ep2000_ss248,stageB_best,head_ln,full,0.0001,0.0001,10.0,0.01,huber,1.0,0.5322194539475787,33.16591262817383,11.373099684715271,18.795944213867188,24,1505,0.08496465533971786,2026,248,drop0,30,4,8,test,0,/Users/nyx.wang/workspace/bosch/code/runs_stageB_morph_phys7_paperA_best_by_test_fixedA/h1/best.pth
hunt,2000,h1,p1_h1_head_ln_lr3e-05_l21e+00_ep2000_ss248,stageB_best,head_ln,full,3e-05,0.0001,1.0,0.01,huber,1.0,0.5418418017122858,31.921524047851562,10.967419296503067,14.576133728027344,24,1977,0.16748498380184174,2026,248,drop0,30,4,8,test,0,/Users/nyx.wang/workspace/bosch/code/runs_stageB_morph_phys7_paperA_best_by_test_fixedA/h1/best.pth
hunt,2000,h1,p1_h1_head_ln_lr1e-05_l21e+00_ep2000_ss248,stageB_best,head_ln,full,1e-05,0.0001,1.0,0.01,huber,1.0,0.5266162310528271,32.76409912109375,11.271476000547409,14.472610473632812,24,1977,0.31179216504096985,2026,248,drop0,30,4,8,test,0,/Users/nyx.wang/workspace/bosch/code/runs_stageB_morph_phys7_paperA_best_by_test_fixedA/h1/best.pth
hunt,2000,h1,p1_h1_head_ln_lr1e-04_l21e+01_ep2000_ss249,stageB_best,head_ln,full,0.0001,0.0001,10.0,0.01,huber,1.0,0.7419413356413529,20.46315574645996,8.33771601319313,14.723793029785156,24,1999,0.2546081244945526,2026,249,drop0,30,4,8,test,0,/Users/nyx.wang/workspace/bosch/code/runs_stageB_morph_phys7_paperA_best_by_test_fixedA/h1/best.pth
hunt,2000,h1,p1_h1_head_ln_lr3e-05_l21e+00_ep2000_ss249,stageB_best,head_ln,full,3e-05,0.0001,1.0,0.01,huber,1.0,0.6348745435896435,25.203569412231445,10.27904525399208,19.669723510742188,24,377,0.2605496942996979,2026,249,drop0,30,4,8,test,0,/Users/nyx.wang/workspace/bosch/code/runs_stageB_morph_phys7_paperA_best_by_test_fixedA/h1/best.pth
hunt,2000,h1,p1_h1_head_ln_lr1e-05_l21e+00_ep2000_ss249,stageB_best,head_ln,full,1e-05,0.0001,1.0,0.01,huber,1.0,0.621091821654457,25.8743839263916,10.515379160642624,20.41529083251953,24,1266,0.26141834259033203,2026,249,drop0,30,4,8,test,0,/Users/nyx.wang/workspace/bosch/code/runs_stageB_morph_phys7_paperA_best_by_test_fixedA/h1/best.pth
hunt,2000,h1,p1_h1_head_ln_lr1e-04_l21e+01_ep2000_ss250,stageB_best,head_ln,full,0.0001,0.0001,10.0,0.01,huber,1.0,0.6119963035494368,40.33524703979492,15.937905013561249,29.380905151367188,24,1,0.7389351725578308,2026,250,drop0,30,4,8,test,0,/Users/nyx.wang/workspace/bosch/code/runs_stageB_morph_phys7_paperA_best_by_test_fixedA/h1/best.pth
hunt,2000,h1,p1_h1_head_ln_lr3e-05_l21e+00_ep2000_ss250,stageB_best,head_ln,full,3e-05,0.0001,1.0,0.01,huber,1.0,0.5992929666493529,41.00944137573242,16.021902859210968,30.414283752441406,24,1,0.7011415958404541,2026,250,drop0,30,4,8,test,0,/Users/nyx.wang/workspace/bosch/code/runs_stageB_morph_phys7_paperA_best_by_test_fixedA/h1/best.pth
hunt,2000,h1,p1_h1_head_ln_lr1e-05_l21e+00_ep2000_ss250,stageB_best,head_ln,full,1e-05,0.0001,1.0,0.01,huber,1.0,0.5945507637924041,41.236202239990234,16.048841178417206,31.377761840820312,24,1,0.6885038018226624,2026,250,drop0,30,4,8,test,0,/Users/nyx.wang/workspace/bosch/code/runs_stageB_morph_phys7_paperA_best_by_test_fixedA/h1/best.pth
hunt,2000,h1,p1_h1_head_ln_lr1e-04_l21e+01_ep2000_ss251,stageB_best,head_ln,full,0.0001,0.0001,10.0,0.01,huber,1.0,-0.2519539528806589,41.94991683959961,19.80230212211609,31.397682189941406,24,1137,0.20304548740386963,2026,251,drop0,30,4,8,test,0,/Users/nyx.wang/workspace/bosch/code/runs_stageB_morph_phys7_paperA_best_by_test_fixedA/h1/best.pth
hunt,2000,h1,p1_h1_head_ln_lr3e-05_l21e+00_ep2000_ss251,stageB_best,head_ln,full,3e-05,0.0001,1.0,0.01,huber,1.0,-0.019466966391987528,34.281124114990234,15.587170422077179,29.19676971435547,24,30,0.22049124538898468,2026,251,drop0,30,4,8,test,0,/Users/nyx.wang/workspace/bosch/code/runs_stageB_morph_phys7_paperA_best_by_test_fixedA/h1/best.pth
hunt,2000,h1,p1_h1_head_ln_lr1e-05_l21e+00_ep2000_ss251,stageB_best,head_ln,full,1e-05,0.0001,1.0,0.01,huber,1.0,-0.026993563219342542,34.3956413269043,15.62298983335495,29.924461364746094,24,106,0.22270648181438446,2026,251,drop0,30,4,8,test,0,/Users/nyx.wang/workspace/bosch/code/runs_stageB_morph_phys7_paperA_best_by_test_fixedA/h1/best.pth
hunt,2000,h1,p1_h1_head_ln_lr1e-04_l21e+01_ep2000_ss252,stageB_best,head_ln,full,0.0001,0.0001,10.0,0.01,huber,1.0,-0.5029763250058616,33.34156036376953,16.54035598039627,27.37230682373047,24,1166,0.07632671296596527,2026,252,drop0,30,4,8,test,0,/Users/nyx.wang/workspace/bosch/code/runs_stageB_morph_phys7_paperA_best_by_test_fixedA/h1/best.pth
hunt,2000,h1,p1_h1_head_ln_lr3e-05_l21e+00_ep2000_ss252,stageB_best,head_ln,full,3e-05,0.0001,1.0,0.01,huber,1.0,-1.8083121928215573,44.833831787109375,22.309456765651703,44.14452362060547,24,40,0.08981559425592422,2026,252,drop0,30,4,8,test,0,/Users/nyx.wang/workspace/bosch/code/runs_stageB_morph_phys7_paperA_best_by_test_fixedA/h1/best.pth
hunt,2000,h1,p1_h1_head_ln_lr1e-05_l21e+00_ep2000_ss252,stageB_best,head_ln,full,1e-05,0.0001,1.0,0.01,huber,1.0,-1.8017216927952555,44.77752685546875,22.254765033721924,44.01776885986328,24,99,0.09149125963449478,2026,252,drop0,30,4,8,test,0,/Users/nyx.wang/workspace/bosch/code/runs_stageB_morph_phys7_paperA_best_by_test_fixedA/h1/best.pth
hunt,2000,h1,p1_h1_head_ln_lr1e-04_l21e+01_ep2000_ss253,stageB_best,head_ln,full,0.0001,0.0001,10.0,0.01,huber,1.0,0.6916494180204922,18.331045150756836,8.212285488843918,16.38970947265625,24,869,0.20617373287677765,2026,253,drop0,30,4,8,test,0,/Users/nyx.wang/workspace/bosch/code/runs_stageB_morph_phys7_paperA_best_by_test_fixedA/h1/best.pth
hunt,2000,h1,p1_h1_head_ln_lr3e-05_l21e+00_ep2000_ss253,stageB_best,head_ln,full,3e-05,0.0001,1.0,0.01,huber,1.0,0.6498016186674037,20.80988121032715,9.575510025024414,17.802391052246094,24,611,0.21816419064998627,2026,253,drop0,30,4,8,test,0,/Users/nyx.wang/workspace/bosch/code/runs_stageB_morph_phys7_paperA_best_by_test_fixedA/h1/best.pth
hunt,2000,h1,p1_h1_head_ln_lr1e-05_l21e+00_ep2000_ss253,stageB_best,head_ln,full,1e-05,0.0001,1.0,0.01,huber,1.0,0.6046811137660633,22.698410034179688,10.651440173387527,19.88836669921875,24,1962,0.223178431391716,2026,253,drop0,30,4,8,test,0,/Users/nyx.wang/workspace/bosch/code/runs_stageB_morph_phys7_paperA_best_by_test_fixedA/h1/best.pth
hunt,2000,h1,p1_h1_head_ln_lr1e-04_l21e+01_ep2000_ss254,stageB_best,head_ln,full,0.0001,0.0001,10.0,0.01,huber,1.0,0.5634465897467222,35.67350769042969,13.373179733753204,23.34320068359375,24,1164,0.33555707335472107,2026,254,drop0,30,4,8,test,0,/Users/nyx.wang/workspace/bosch/code/runs_stageB_morph_phys7_paperA_best_by_test_fixedA/h1/best.pth
hunt,2000,h1,p1_h1_head_ln_lr3e-05_l21e+00_ep2000_ss254,stageB_best,head_ln,full,3e-05,0.0001,1.0,0.01,huber,1.0,0.5680145780402697,36.29313278198242,13.518016040325165,22.064346313476562,24,2000,0.3496572971343994,2026,254,drop0,30,4,8,test,0,/Users/nyx.wang/workspace/bosch/code/runs_stageB_morph_phys7_paperA_best_by_test_fixedA/h1/best.pth
hunt,2000,h1,p1_h1_head_ln_lr1e-05_l21e+00_ep2000_ss254,stageB_best,head_ln,full,1e-05,0.0001,1.0,0.01,huber,1.0,0.5268071803448111,38.536346435546875,14.37319666147232,28.26050567626953,24,1980,0.38013431429862976,2026,254,drop0,30,4,8,test,0,/Users/nyx.wang/workspace/bosch/code/runs_stageB_morph_phys7_paperA_best_by_test_fixedA/h1/best.pth
hunt,2000,h1,p1_h1_head_ln_lr1e-04_l21e+01_ep2000_ss255,stageB_best,head_ln,full,0.0001,0.0001,10.0,0.01,huber,1.0,0.6087118895152847,42.16581344604492,19.796384871006012,30.94605255126953,24,944,0.06776880472898483,2026,255,drop0,30,4,8,test,0,/Users/nyx.wang/workspace/bosch/code/runs_stageB_morph_phys7_paperA_best_by_test_fixedA/h1/best.pth
hunt,2000,h1,p1_h1_head_ln_lr3e-05_l21e+00_ep2000_ss255,stageB_best,head_ln,full,3e-05,0.0001,1.0,0.01,huber,1.0,0.5824509748537406,43.46706008911133,20.66264897584915,34.408119201660156,24,1989,0.0768979862332344,2026,255,drop0,30,4,8,test,0,/Users/nyx.wang/workspace/bosch/code/runs_stageB_morph_phys7_paperA_best_by_test_fixedA/h1/best.pth
hunt,2000,h1,p1_h1_head_ln_lr1e-05_l21e+00_ep2000_ss255,stageB_best,head_ln,full,1e-05,0.0001,1.0,0.01,huber,1.0,0.48761319429672023,47.7269172668457,22.991812229156494,40.82200622558594,24,1989,0.1035110354423523,2026,255,drop0,30,4,8,test,0,/Users/nyx.wang/workspace/bosch/code/runs_stageB_morph_phys7_paperA_best_by_test_fixedA/h1/best.pth
hunt,2000,h1,p1_h1_head_ln_lr1e-04_l21e+01_ep2000_ss256,stageB_best,head_ln,full,0.0001,0.0001,10.0,0.01,huber,1.0,0.24419304191907854,62.315765380859375,28.131192922592163,49.05474853515625,24,7,0.17331260442733765,2026,256,drop0,30,4,8,test,0,/Users/nyx.wang/workspace/bosch/code/runs_stageB_morph_phys7_paperA_best_by_test_fixedA/h1/best.pth
hunt,2000,h1,p1_h1_head_ln_lr3e-05_l21e+00_ep2000_ss256,stageB_best,head_ln,full,3e-05,0.0001,1.0,0.01,huber,1.0,0.26569246987566486,61.5245475769043,27.504923939704895,46.16057586669922,24,22,0.17568732798099518,2026,256,drop0,30,4,8,test,0,/Users/nyx.wang/workspace/bosch/code/runs_stageB_morph_phys7_paperA_best_by_test_fixedA/h1/best.pth
hunt,2000,h1,p1_h1_head_ln_lr1e-05_l21e+00_ep2000_ss256,stageB_best,head_ln,full,1e-05,0.0001,1.0,0.01,huber,1.0,0.2696217460168733,61.33382034301758,27.424395084381104,45.79740905761719,24,74,0.17614708840847015,2026,256,drop0,30,4,8,test,0,/Users/nyx.wang/workspace/bosch/code/runs_stageB_morph_phys7_paperA_best_by_test_fixedA/h1/best.pth
hunt,2000,h1,p1_h1_head_ln_lr1e-04_l21e+01_ep2000_ss257,stageB_best,head_ln,full,0.0001,0.0001,10.0,0.01,huber,1.0,0.0304058447953085,26.416929244995117,10.908418893814087,18.924911499023438,24,172,0.07623481005430222,2026,257,drop0,30,4,8,test,0,/Users/nyx.wang/workspace/bosch/code/runs_stageB_morph_phys7_paperA_best_by_test_fixedA/h1/best.pth
hunt,2000,h1,p1_h1_head_ln_lr3e-05_l21e+00_ep2000_ss257,stageB_best,head_ln,full,3e-05,0.0001,1.0,0.01,huber,1.0,0.07747615635048588,25.707590103149414,10.60507670044899,19.369277954101562,24,698,0.08099862188100815,2026,257,drop0,30,4,8,test,0,/Users/nyx.wang/workspace/bosch/code/runs_stageB_morph_phys7_paperA_best_by_test_fixedA/h1/best.pth
hunt,2000,h1,p1_h1_head_ln_lr1e-05_l21e+00_ep2000_ss257,stageB_best,head_ln,full,1e-05,0.0001,1.0,0.01,huber,1.0,-0.09886464077134494,27.728113174438477,11.519982665777206,19.53692626953125,24,1933,0.08838832378387451,2026,257,drop0,30,4,8,test,0,/Users/nyx.wang/workspace/bosch/code/runs_stageB_morph_phys7_paperA_best_by_test_fixedA/h1/best.pth
hunt,2000,h1,p1_h1_head_ln_lr1e-04_l21e+01_ep2000_ss258,stageB_best,head_ln,full,0.0001,0.0001,10.0,0.01,huber,1.0,0.28566721078887547,27.60869789123535,12.772184610366821,20.879547119140625,24,507,0.03603024408221245,2026,258,drop0,30,4,8,test,0,/Users/nyx.wang/workspace/bosch/code/runs_stageB_morph_phys7_paperA_best_by_test_fixedA/h1/best.pth
hunt,2000,h1,p1_h1_head_ln_lr3e-05_l21e+00_ep2000_ss258,stageB_best,head_ln,full,3e-05,0.0001,1.0,0.01,huber,1.0,0.2481233168182222,27.365339279174805,12.390173226594925,18.26886749267578,24,1494,0.03992600366473198,2026,258,drop0,30,4,8,test,0,/Users/nyx.wang/workspace/bosch/code/runs_stageB_morph_phys7_paperA_best_by_test_fixedA/h1/best.pth
hunt,2000,h1,p1_h1_head_ln_lr1e-05_l21e+00_ep2000_ss258,stageB_best,head_ln,full,1e-05,0.0001,1.0,0.01,huber,1.0,0.1505066259367711,30.960371017456055,14.228253066539764,25.02867889404297,24,1907,0.05220149829983711,2026,258,drop0,30,4,8,test,0,/Users/nyx.wang/workspace/bosch/code/runs_stageB_morph_phys7_paperA_best_by_test_fixedA/h1/best.pth
hunt,2000,h1,p1_h1_head_ln_lr1e-04_l21e+01_ep2000_ss259,stageB_best,head_ln,full,0.0001,0.0001,10.0,0.01,huber,1.0,0.28457800412022916,19.43147850036621,7.878836244344711,13.826988220214844,24,519,0.12569083273410797,2026,259,drop0,30,4,8,test,0,/Users/nyx.wang/workspace/bosch/code/runs_stageB_morph_phys7_paperA_best_by_test_fixedA/h1/best.pth
hunt,2000,h1,p1_h1_head_ln_lr3e-05_l21e+00_ep2000_ss259,stageB_best,head_ln,full,3e-05,0.0001,1.0,0.01,huber,1.0,0.23644216959658781,21.374086380004883,8.784488588571548,17.886154174804688,24,1153,0.14507469534873962,2026,259,drop0,30,4,8,test,0,/Users/nyx.wang/workspace/bosch/code/runs_stageB_morph_phys7_paperA_best_by_test_fixedA/h1/best.pth
hunt,2000,h1,p1_h1_head_ln_lr1e-05_l21e+00_ep2000_ss259,stageB_best,head_ln,full,1e-05,0.0001,1.0,0.01,huber,1.0,0.048577610986745845,25.47008514404297,10.875938087701797,24.737945556640625,24,1937,0.16415931284427643,2026,259,drop0,30,4,8,test,0,/Users/nyx.wang/workspace/bosch/code/runs_stageB_morph_phys7_paperA_best_by_test_fixedA/h1/best.pth
hunt,2000,h1,p1_h1_head_ln_lr1e-04_l21e+01_ep2000_ss260,stageB_best,head_ln,full,0.0001,0.0001,10.0,0.01,huber,1.0,0.3873221703478361,41.22290802001953,16.766457259655,17.90357208251953,24,968,0.17317068576812744,2026,260,drop0,30,4,8,test,0,/Users/nyx.wang/workspace/bosch/code/runs_stageB_morph_phys7_paperA_best_by_test_fixedA/h1/best.pth
hunt,2000,h1,p1_h1_head_ln_lr3e-05_l21e+00_ep2000_ss260,stageB_best,head_ln,full,3e-05,0.0001,1.0,0.01,huber,1.0,0.3709527193135027,41.842708587646484,17.090360820293427,17.284103393554688,24,1425,0.1808682233095169,2026,260,drop0,30,4,8,test,0,/Users/nyx.wang/workspace/bosch/code/runs_stageB_morph_phys7_paperA_best_by_test_fixedA/h1/best.pth
hunt,2000,h1,p1_h1_head_ln_lr1e-05_l21e+00_ep2000_ss260,stageB_best,head_ln,full,1e-05,0.0001,1.0,0.01,huber,1.0,0.329907636685134,43.626949310302734,17.65126734972,16.681304931640625,24,1042,0.1825016736984253,2026,260,drop0,30,4,8,test,0,/Users/nyx.wang/workspace/bosch/code/runs_stageB_morph_phys7_paperA_best_by_test_fixedA/h1/best.pth
hunt,2000,h1,p1_h1_head_ln_lr1e-04_l21e+01_ep2000_ss261,stageB_best,head_ln,full,0.0001,0.0001,10.0,0.01,huber,1.0,0.7361006493113997,26.653562545776367,12.484163045883179,24.60784149169922,24,1075,0.19732660055160522,2026,261,drop0,30,4,8,test,0,/Users/nyx.wang/workspace/bosch/code/runs_stageB_morph_phys7_paperA_best_by_test_fixedA/h1/best.pth
hunt,2000,h1,p1_h1_head_ln_lr3e-05_l21e+00_ep2000_ss261,stageB_best,head_ln,full,3e-05,0.0001,1.0,0.01,huber,1.0,0.7199540518626382,27.57756996154785,12.797586619853973,25.828636169433594,24,1951,0.2261878401041031,2026,261,drop0,30,4,8,test,0,/Users/nyx.wang/workspace/bosch/code/runs_stageB_morph_phys7_paperA_best_by_test_fixedA/h1/best.pth
hunt,2000,h1,p1_h1_head_ln_lr1e-05_l21e+00_ep2000_ss261,stageB_best,head_ln,full,1e-05,0.0001,1.0,0.01,huber,1.0,0.6424972784825704,29.719818115234375,13.651883602142334,24.946014404296875,24,483,0.24434368312358856,2026,261,drop0,30,4,8,test,0,/Users/nyx.wang/workspace/bosch/code/runs_stageB_morph_phys7_paperA_best_by_test_fixedA/h1/best.pth
hunt,2000,h1,p1_h1_head_ln_lr1e-04_l21e+01_ep2000_ss262,stageB_best,head_ln,full,0.0001,0.0001,10.0,0.01,huber,1.0,-0.5365756673663222,38.436038970947266,19.557535648345947,35.8109130859375,24,1,0.1500675082206726,2026,262,drop0,30,4,8,test,0,/Users/nyx.wang/workspace/bosch/code/runs_stageB_morph_phys7_paperA_best_by_test_fixedA/h1/best.pth
hunt,2000,h1,p1_h1_head_ln_lr3e-05_l21e+00_ep2000_ss262,stageB_best,head_ln,full,3e-05,0.0001,1.0,0.01,huber,1.0,-0.3676653832104655,36.2252311706543,18.2831272482872,31.969825744628906,24,1,0.14213620126247406,2026,262,drop0,30,4,8,test,0,/Users/nyx.wang/workspace/bosch/code/runs_stageB_morph_phys7_paperA_best_by_test_fixedA/h1/best.pth
hunt,2000,h1,p1_h1_head_ln_lr1e-05_l21e+00_ep2000_ss262,stageB_best,head_ln,full,1e-05,0.0001,1.0,0.01,huber,1.0,-0.3246522202949844,35.58818435668945,17.915338277816772,31.385894775390625,24,1,0.14078156650066376,2026,262,drop0,30,4,8,test,0,/Users/nyx.wang/workspace/bosch/code/runs_stageB_morph_phys7_paperA_best_by_test_fixedA/h1/best.pth
hunt,2000,h1,p1_h1_head_ln_lr1e-04_l21e+01_ep2000_ss263,stageB_best,head_ln,full,0.0001,0.0001,10.0,0.01,huber,1.0,0.6846559497198913,33.169734954833984,11.47354319691658,21.541030883789062,24,12,0.1263877898454666,2026,263,drop0,30,4,8,test,0,/Users/nyx.wang/workspace/bosch/code/runs_stageB_morph_phys7_paperA_best_by_test_fixedA/h1/best.pth
hunt,2000,h1,p1_h1_head_ln_lr3e-05_l21e+00_ep2000_ss263,stageB_best,head_ln,full,3e-05,0.0001,1.0,0.01,huber,1.0,0.6815204636109022,33.337154388427734,11.488083004951477,21.509017944335938,24,35,0.1305016726255417,2026,263,drop0,30,4,8,test,0,/Users/nyx.wang/workspace/bosch/code/runs_stageB_morph_phys7_paperA_best_by_test_fixedA/h1/best.pth
hunt,2000,h1,p1_h1_head_ln_lr1e-05_l21e+00_ep2000_ss263,stageB_best,head_ln,full,1e-05,0.0001,1.0,0.01,huber,1.0,0.6751257607211116,33.67887496948242,11.573123931884766,22.077598571777344,24,110,0.13571535050868988,2026,263,drop0,30,4,8,test,0,/Users/nyx.wang/workspace/bosch/code/runs_stageB_morph_phys7_paperA_best_by_test_fixedA/h1/best.pth
hunt,2000,h1,p1_h1_head_ln_lr1e-04_l21e+01_ep2000_ss264,stageB_best,head_ln,full,0.0001,0.0001,10.0,0.01,huber,1.0,-0.15194583334368583,32.971012115478516,12.708401679992676,21.532264709472656,24,908,0.11120724678039551,2026,264,drop0,30,4,8,test,0,/Users/nyx.wang/workspace/bosch/code/runs_stageB_morph_phys7_paperA_best_by_test_fixedA/h1/best.pth
hunt,2000,h1,p1_h1_head_ln_lr3e-05_l21e+00_ep2000_ss264,stageB_best,head_ln,full,3e-05,0.0001,1.0,0.01,huber,1.0,-0.27079258180505117,36.096553802490234,14.028684794902802,25.49726104736328,24,1524,0.14219875633716583,2026,264,drop0,30,4,8,test,0,/Users/nyx.wang/workspace/bosch/code/runs_stageB_morph_phys7_paperA_best_by_test_fixedA/h1/best.pth
hunt,2000,h1,p1_h1_head_ln_lr1e-05_l21e+00_ep2000_ss264,stageB_best,head_ln,full,1e-05,0.0001,1.0,0.01,huber,1.0,-0.22659310893801177,35.17692565917969,13.583998382091522,23.71813201904297,24,1979,0.17505306005477905,2026,264,drop0,30,4,8,test,0,/Users/nyx.wang/workspace/bosch/code/runs_stageB_morph_phys7_paperA_best_by_test_fixedA/h1/best.pth
hunt,2000,h1,p1_h1_head_ln_lr1e-04_l21e+01_ep2000_ss265,stageB_best,head_ln,full,0.0001,0.0001,10.0,0.01,huber,1.0,0.6375667496945445,20.072181701660156,10.056708008050919,15.647216796875,24,968,0.020760824903845787,2026,265,drop0,30,4,8,test,0,/Users/nyx.wang/workspace/bosch/code/runs_stageB_morph_phys7_paperA_best_by_test_fixedA/h1/best.pth
hunt,2000,h1,p1_h1_head_ln_lr3e-05_l21e+00_ep2000_ss265,stageB_best,head_ln,full,3e-05,0.0001,1.0,0.01,huber,1.0,0.5790301048143998,22.07700538635254,10.967344045639038,20.496063232421875,24,968,0.028361892327666283,2026,265,drop0,30,4,8,test,0,/Users/nyx.wang/workspace/bosch/code/runs_stageB_morph_phys7_paperA_best_by_test_fixedA/h1/best.pth
hunt,2000,h1,p1_h1_head_ln_lr1e-05_l21e+00_ep2000_ss265,stageB_best,head_ln,full,1e-05,0.0001,1.0,0.01,huber,1.0,0.4790389416533938,25.870283126831055,12.896478176116943,27.584793090820312,24,821,0.033855896443128586,2026,265,drop0,30,4,8,test,0,/Users/nyx.wang/workspace/bosch/code/runs_stageB_morph_phys7_paperA_best_by_test_fixedA/h1/best.pth
hunt,2000,h1,p1_h1_head_ln_lr1e-04_l21e+01_ep2000_ss266,stageB_best,head_ln,full,0.0001,0.0001,10.0,0.01,huber,1.0,0.022880723740933195,42.74381637573242,25.270161032676697,24.956748962402344,24,17,0.3069060146808624,2026,266,drop0,30,4,8,test,0,/Users/nyx.wang/workspace/bosch/code/runs_stageB_morph_phys7_paperA_best_by_test_fixedA/h1/best.pth
hunt,2000,h1,p1_h1_head_ln_lr3e-05_l21e+00_ep2000_ss266,stageB_best,head_ln,full,3e-05,0.0001,1.0,0.01,huber,1.0,-0.028826300011562944,44.24824142456055,25.960543751716614,25.88831329345703,24,105,0.31206002831459045,2026,266,drop0,30,4,8,test,0,/Users/nyx.wang/workspace/bosch/code/runs_stageB_morph_phys7_paperA_best_by_test_fixedA/h1/best.pth
hunt,2000,h1,p1_h1_head_ln_lr1e-05_l21e+00_ep2000_ss266,stageB_best,head_ln,full,1e-05,0.0001,1.0,0.01,huber,1.0,0.036630954666131976,42.33183288574219,24.95928555727005,24.976043701171875,24,199,0.31043699383735657,2026,266,drop0,30,4,8,test,0,/Users/nyx.wang/workspace/bosch/code/runs_stageB_morph_phys7_paperA_best_by_test_fixedA/h1/best.pth
hunt,2000,h1,p1_h1_head_ln_lr1e-04_l21e+01_ep2000_ss267,stageB_best,head_ln,full,0.0001,0.0001,10.0,0.01,huber,1.0,-0.45085819240200364,31.817047119140625,12.31868490576744,28.8223876953125,24,738,0.03676289692521095,2026,267,drop0,30,4,8,test,0,/Users/nyx.wang/workspace/bosch/code/runs_stageB_morph_phys7_paperA_best_by_test_fixedA/h1/best.pth
hunt,2000,h1,p1_h1_head_ln_lr3e-05_l21e+00_ep2000_ss267,stageB_best,head_ln,full,3e-05,0.0001,1.0,0.01,huber,1.0,-0.3577051819698518,30.3950138092041,11.709227412939072,27.24323272705078,24,1372,0.04003449156880379,2026,267,drop0,30,4,8,test,0,/Users/nyx.wang/workspace/bosch/code/runs_stageB_morph_phys7_paperA_best_by_test_fixedA/h1/best.pth
hunt,2000,h1,p1_h1_head_ln_lr1e-05_l21e+00_ep2000_ss267,stageB_best,head_ln,full,1e-05,0.0001,1.0,0.01,huber,1.0,-0.2600022215640827,28.744985580444336,11.085399240255356,25.586029052734375,24,1947,0.05013284087181091,2026,267,drop0,30,4,8,test,0,/Users/nyx.wang/workspace/bosch/code/runs_stageB_morph_phys7_paperA_best_by_test_fixedA/h1/best.pth
hunt,2000,h1,p1_h1_head_ln_lr1e-04_l21e+01_ep2000_ss268,stageB_best,head_ln,full,0.0001,0.0001,10.0,0.01,huber,1.0,0.6730265269999172,25.71003532409668,10.024753957986832,18.314292907714844,24,503,0.11461517959833145,2026,268,drop0,30,4,8,test,0,/Users/nyx.wang/workspace/bosch/code/runs_stageB_morph_phys7_paperA_best_by_test_fixedA/h1/best.pth
hunt,2000,h1,p1_h1_head_ln_lr3e-05_l21e+00_ep2000_ss268,stageB_best,head_ln,full,3e-05,0.0001,1.0,0.01,huber,1.0,0.6217893377661992,26.366769790649414,10.2276511490345,21.624160766601562,24,636,0.12762156128883362,2026,268,drop0,30,4,8,test,0,/Users/nyx.wang/workspace/bosch/code/runs_stageB_morph_phys7_paperA_best_by_test_fixedA/h1/best.pth
hunt,2000,h1,p1_h1_head_ln_lr1e-05_l21e+00_ep2000_ss268,stageB_best,head_ln,full,1e-05,0.0001,1.0,0.01,huber,1.0,0.5820491650539139,27.597002029418945,10.658612102270126,20.658157348632812,24,1540,0.13716037571430206,2026,268,drop0,30,4,8,test,0,/Users/nyx.wang/workspace/bosch/code/runs_stageB_morph_phys7_paperA_best_by_test_fixedA/h1/best.pth
hunt,2000,h1,p1_h1_head_ln_lr1e-04_l21e+01_ep2000_ss269,stageB_best,head_ln,full,0.0001,0.0001,10.0,0.01,huber,1.0,0.6099476604211234,35.40044021606445,15.293075144290924,18.89282989501953,24,305,0.33669397234916687,2026,269,drop0,30,4,8,test,0,/Users/nyx.wang/workspace/bosch/code/runs_stageB_morph_phys7_paperA_best_by_test_fixedA/h1/best.pth
hunt,2000,h1,p1_h1_head_ln_lr3e-05_l21e+00_ep2000_ss269,stageB_best,head_ln,full,3e-05,0.0001,1.0,0.01,huber,1.0,0.600487250882537,36.238494873046875,15.754944086074829,17.23033905029297,24,1058,0.3444730341434479,2026,269,drop0,30,4,8,test,0,/Users/nyx.wang/workspace/bosch/code/runs_stageB_morph_phys7_paperA_best_by_test_fixedA/h1/best.pth
hunt,2000,h1,p1_h1_head_ln_lr1e-05_l21e+00_ep2000_ss269,stageB_best,head_ln,full,1e-05,0.0001,1.0,0.01,huber,1.0,0.5565187993889412,37.21750259399414,16.253818571567535,19.718704223632812,24,1799,0.39033272862434387,2026,269,drop0,30,4,8,test,0,/Users/nyx.wang/workspace/bosch/code/runs_stageB_morph_phys7_paperA_best_by_test_fixedA/h1/best.pth
hunt,2000,h1,p1_h1_head_ln_lr1e-04_l21e+01_ep2000_ss270,stageB_best,head_ln,full,0.0001,0.0001,10.0,0.01,huber,1.0,-1.0196517614450475,43.08372497558594,21.735835075378418,24.982955932617188,24,4,0.1553032547235489,2026,270,drop0,30,4,8,test,0,/Users/nyx.wang/workspace/bosch/code/runs_stageB_morph_phys7_paperA_best_by_test_fixedA/h1/best.pth
hunt,2000,h1,p1_h1_head_ln_lr3e-05_l21e+00_ep2000_ss270,stageB_best,head_ln,full,3e-05,0.0001,1.0,0.01,huber,1.0,-1.023330618207634,42.63538360595703,21.431951224803925,25.955795288085938,24,42,0.16085629165172577,2026,270,drop0,30,4,8,test,0,/Users/nyx.wang/workspace/bosch/code/runs_stageB_morph_phys7_paperA_best_by_test_fixedA/h1/best.pth
hunt,2000,h1,p1_h1_head_ln_lr1e-05_l21e+00_ep2000_ss270,stageB_best,head_ln,full,1e-05,0.0001,1.0,0.01,huber,1.0,-0.9653145753141905,42.25534439086914,21.23444229364395,26.488258361816406,24,77,0.16164661943912506,2026,270,drop0,30,4,8,test,0,/Users/nyx.wang/workspace/bosch/code/runs_stageB_morph_phys7_paperA_best_by_test_fixedA/h1/best.pth
hunt,2000,h1,p1_h1_head_ln_lr1e-04_l21e+01_ep2000_ss271,stageB_best,head_ln,full,0.0001,0.0001,10.0,0.01,huber,1.0,-0.6784607098715867,43.42144775390625,20.476877689361572,37.844085693359375,24,1,0.43866145610809326,2026,271,drop0,30,4,8,test,0,/Users/nyx.wang/workspace/bosch/code/runs_stageB_morph_phys7_paperA_best_by_test_fixedA/h1/best.pth
hunt,2000,h1,p1_h1_head_ln_lr3e-05_l21e+00_ep2000_ss271,stageB_best,head_ln,full,3e-05,0.0001,1.0,0.01,huber,1.0,-0.5462072245205971,41.196773529052734,19.243669509887695,33.410682678222656,24,1,0.404706746339798,2026,271,drop0,30,4,8,test,0,/Users/nyx.wang/workspace/bosch/code/runs_stageB_morph_phys7_paperA_best_by_test_fixedA/h1/best.pth
hunt,2000,h1,p1_h1_head_ln_lr1e-05_l21e+00_ep2000_ss271,stageB_best,head_ln,full,1e-05,0.0001,1.0,0.01,huber,1.0,-0.5092144841712996,40.55929183959961,18.87950897216797,32.76215362548828,24,1,0.39468470215797424,2026,271,drop0,30,4,8,test,0,/Users/nyx.wang/workspace/bosch/code/runs_stageB_morph_phys7_paperA_best_by_test_fixedA/h1/best.pth
hunt,2000,h1,p1_h1_head_ln_lr1e-04_l21e+01_ep2000_ss272,stageB_best,head_ln,full,0.0001,0.0001,10.0,0.01,huber,1.0,0.7410986899690438,21.523635864257812,8.884233236312866,19.06279754638672,24,887,0.6443179845809937,2026,272,drop0,30,4,8,test,0,/Users/nyx.wang/workspace/bosch/code/runs_stageB_morph_phys7_paperA_best_by_test_fixedA/h1/best.pth
hunt,2000,h1,p1_h1_head_ln_lr3e-05_l21e+00_ep2000_ss272,stageB_best,head_ln,full,3e-05,0.0001,1.0,0.01,huber,1.0,0.7378696487993202,22.147554397583008,9.326595813035965,18.73187255859375,24,1966,0.665546715259552,2026,272,drop0,30,4,8,test,0,/Users/nyx.wang/workspace/bosch/code/runs_stageB_morph_phys7_paperA_best_by_test_fixedA/h1/best.pth
hunt,2000,h1,p1_h1_head_ln_lr1e-05_l21e+00_ep2000_ss272,stageB_best,head_ln,full,1e-05,0.0001,1.0,0.01,huber,1.0,0.6883955974597269,24.305307388305664,10.322325676679611,20.907821655273438,24,1967,0.7181611061096191,2026,272,drop0,30,4,8,test,0,/Users/nyx.wang/workspace/bosch/code/runs_stageB_morph_phys7_paperA_best_by_test_fixedA/h1/best.pth
hunt,2000,h1,p1_h1_head_ln_lr1e-04_l21e+01_ep2000_ss273,stageB_best,head_ln,full,0.0001,0.0001,10.0,0.01,huber,1.0,0.5880717310085064,28.9735050201416,12.637045979499817,28.703224182128906,24,119,0.0870535597205162,2026,273,drop0,30,4,8,test,0,/Users/nyx.wang/workspace/bosch/code/runs_stageB_morph_phys7_paperA_best_by_test_fixedA/h1/best.pth
hunt,2000,h1,p1_h1_head_ln_lr3e-05_l21e+00_ep2000_ss273,stageB_best,head_ln,full,3e-05,0.0001,1.0,0.01,huber,1.0,0.570254487581809,29.8281192779541,13.024705648422241,28.65424346923828,24,318,0.08884460479021072,2026,273,drop0,30,4,8,test,0,/Users/nyx.wang/workspace/bosch/code/runs_stageB_morph_phys7_paperA_best_by_test_fixedA/h1/best.pth
hunt,2000,h1,p1_h1_head_ln_lr1e-05_l21e+00_ep2000_ss273,stageB_best,head_ln,full,1e-05,0.0001,1.0,0.01,huber,1.0,0.5880578614945873,28.80198097229004,12.677322328090668,27.928878784179688,24,1393,0.09061380475759506,2026,273,drop0,30,4,8,test,0,/Users/nyx.wang/workspace/bosch/code/runs_stageB_morph_phys7_paperA_best_by_test_fixedA/h1/best.pth
hunt,2000,h1,p1_h1_head_ln_lr1e-04_l21e+01_ep2000_ss274,stageB_best,head_ln,full,0.0001,0.0001,10.0,0.01,huber,1.0,0.06517961922386528,26.2883358001709,14.218251407146454,12.948127746582031,24,173,0.11953028291463852,2026,274,drop0,30,4,8,test,0,/Users/nyx.wang/workspace/bosch/code/runs_stageB_morph_phys7_paperA_best_by_test_fixedA/h1/best.pth
hunt,2000,h1,p1_h1_head_ln_lr3e-05_l21e+00_ep2000_ss274,stageB_best,head_ln,full,3e-05,0.0001,1.0,0.01,huber,1.0,0.012688223930188203,26.87903594970703,14.49260413646698,12.586029052734375,24,373,0.11547136306762695,2026,274,drop0,30,4,8,test,0,/Users/nyx.wang/workspace/bosch/code/runs_stageB_morph_phys7_paperA_best_by_test_fixedA/h1/best.pth
hunt,2000,h1,p1_h1_head_ln_lr1e-05_l21e+00_ep2000_ss274,stageB_best,head_ln,full,1e-05,0.0001,1.0,0.01,huber,1.0,-0.016563160943541044,27.43455696105957,14.759905636310577,13.504158020019531,24,1819,0.11853549629449844,2026,274,drop0,30,4,8,test,0,/Users/nyx.wang/workspace/bosch/code/runs_stageB_morph_phys7_paperA_best_by_test_fixedA/h1/best.pth
hunt,2000,h1,p1_h1_head_ln_lr1e-04_l21e+01_ep2000_ss275,stageB_best,head_ln,full,0.0001,0.0001,10.0,0.01,huber,1.0,0.5961860467175807,23.117904663085938,8.689162135124207,16.61560821533203,24,927,0.4469490051269531,2026,275,drop0,30,4,8,test,0,/Users/nyx.wang/workspace/bosch/code/runs_stageB_morph_phys7_paperA_best_by_test_fixedA/h1/best.pth
hunt,2000,h1,p1_h1_head_ln_lr3e-05_l21e+00_ep2000_ss275,stageB_best,head_ln,full,3e-05,0.0001,1.0,0.01,huber,1.0,0.5631771804600337,23.36573600769043,8.769983053207397,14.227127075195312,24,1708,0.4435981214046478,2026,275,drop0,30,4,8,test,0,/Users/nyx.wang/workspace/bosch/code/runs_stageB_morph_phys7_paperA_best_by_test_fixedA/h1/best.pth
hunt,2000,h1,p1_h1_head_ln_lr1e-05_l21e+00_ep2000_ss275,stageB_best,head_ln,full,1e-05,0.0001,1.0,0.01,huber,1.0,0.517126662626782,26.49141502380371,10.115238279104233,20.86865997314453,24,2000,0.5023084878921509,2026,275,drop0,30,4,8,test,0,/Users/nyx.wang/workspace/bosch/code/runs_stageB_morph_phys7_paperA_best_by_test_fixedA/h1/best.pth
hunt,2000,h1,p1_h1_head_ln_lr1e-04_l21e+01_ep2000_ss276,stageB_best,head_ln,full,0.0001,0.0001,10.0,0.01,huber,1.0,-0.05536684185017249,26.5700626373291,9.348232299089432,14.522048950195312,24,709,0.03869783878326416,2026,276,drop0,30,4,8,test,0,/Users/nyx.wang/workspace/bosch/code/runs_stageB_morph_phys7_paperA_best_by_test_fixedA/h1/best.pth
hunt,2000,h1,p1_h1_head_ln_lr3e-05_l21e+00_ep2000_ss276,stageB_best,head_ln,full,3e-05,0.0001,1.0,0.01,huber,1.0,-0.11746611173683497,27.15388298034668,9.621904045343399,15.133262634277344,24,1504,0.0421479195356369,2026,276,drop0,30,4,8,test,0,/Users/nyx.wang/workspace/bosch/code/runs_stageB_morph_phys7_paperA_best_by_test_fixedA/h1/best.pth
hunt,2000,h1,p1_h1_head_ln_lr1e-05_l21e+00_ep2000_ss276,stageB_best,head_ln,full,1e-05,0.0001,1.0,0.01,huber,1.0,-0.1451948262509637,26.252426147460938,9.16387066245079,14.596611022949219,24,1581,0.049711406230926514,2026,276,drop0,30,4,8,test,0,/Users/nyx.wang/workspace/bosch/code/runs_stageB_morph_phys7_paperA_best_by_test_fixedA/h1/best.pth
hunt,2000,h1,p1_h1_head_ln_lr1e-04_l21e+01_ep2000_ss277,stageB_best,head_ln,full,0.0001,0.0001,10.0,0.01,huber,1.0,0.37386072256880853,24.905729293823242,9.394803643226624,22.831642150878906,24,9,0.1669275164604187,2026,277,drop0,30,4,8,test,0,/Users/nyx.wang/workspace/bosch/code/runs_stageB_morph_phys7_paperA_best_by_test_fixedA/h1/best.pth
hunt,2000,h1,p1_h1_head_ln_lr3e-05_l21e+00_ep2000_ss277,stageB_best,head_ln,full,3e-05,0.0001,1.0,0.01,huber,1.0,0.35442927610140995,25.66083335876465,9.66147780418396,23.12066650390625,24,18,0.1680293083190918,2026,277,drop0,30,4,8,test,0,/Users/nyx.wang/workspace/bosch/code/runs_stageB_morph_phys7_paperA_best_by_test_fixedA/h1/best.pth
hunt,2000,h1,p1_h1_head_ln_lr1e-05_l21e+00_ep2000_ss277,stageB_best,head_ln,full,1e-05,0.0001,1.0,0.01,huber,1.0,0.3487861049139436,25.633241653442383,9.642457962036133,23.023468017578125,24,74,0.16866397857666016,2026,277,drop0,30,4,8,test,0,/Users/nyx.wang/workspace/bosch/code/runs_stageB_morph_phys7_paperA_best_by_test_fixedA/h1/best.pth
hunt,2000,h1,p1_h1_head_ln_lr1e-04_l21e+01_ep2000_ss278,stageB_best,head_ln,full,0.0001,0.0001,10.0,0.01,huber,1.0,0.4378296358660555,29.479463577270508,11.217422038316727,17.3756103515625,24,1069,0.22121672332286835,2026,278,drop0,30,4,8,test,0,/Users/nyx.wang/workspace/bosch/code/runs_stageB_morph_phys7_paperA_best_by_test_fixedA/h1/best.pth
hunt,2000,h1,p1_h1_head_ln_lr3e-05_l21e+00_ep2000_ss278,stageB_best,head_ln,full,3e-05,0.0001,1.0,0.01,huber,1.0,0.3324936331575459,40.45097732543945,17.11335927248001,38.13916015625,24,4,0.23002392053604126,2026,278,drop0,30,4,8,test,0,/Users/nyx.wang/workspace/bosch/code/runs_stageB_morph_phys7_paperA_best_by_test_fixedA/h1/best.pth
hunt,2000,h1,p1_h1_head_ln_lr1e-05_l21e+00_ep2000_ss278,stageB_best,head_ln,full,1e-05,0.0001,1.0,0.01,huber,1.0,0.33275635091549016,40.43246078491211,17.10219234228134,38.112831115722656,24,12,0.2299431562423706,2026,278,drop0,30,4,8,test,0,/Users/nyx.wang/workspace/bosch/code/runs_stageB_morph_phys7_paperA_best_by_test_fixedA/h1/best.pth
hunt,2000,h1,p1_h1_head_ln_lr1e-04_l21e+01_ep2000_ss279,stageB_best,head_ln,full,0.0001,0.0001,10.0,0.01,huber,1.0,-0.2821989155493385,36.62062072753906,18.194957077503204,18.217269897460938,24,102,0.05622243881225586,2026,279,drop0,30,4,8,test,0,/Users/nyx.wang/workspace/bosch/code/runs_stageB_morph_phys7_paperA_best_by_test_fixedA/h1/best.pth
hunt,2000,h1,p1_h1_head_ln_lr3e-05_l21e+00_ep2000_ss279,stageB_best,head_ln,full,3e-05,0.0001,1.0,0.01,huber,1.0,0.05236796626455298,35.14198684692383,16.73067957162857,21.000457763671875,24,1,0.059516552835702896,2026,279,drop0,30,4,8,test,0,/Users/nyx.wang/workspace/bosch/code/runs_stageB_morph_phys7_paperA_best_by_test_fixedA/h1/best.pth
hunt,2000,h1,p1_h1_head_ln_lr1e-05_l21e+00_ep2000_ss279,stageB_best,head_ln,full,1e-05,0.0001,1.0,0.01,huber,1.0,0.04729175932936536,35.66435623168945,16.896356642246246,22.91333770751953,24,1,0.058300986886024475,2026,279,drop0,30,4,8,test,0,/Users/nyx.wang/workspace/bosch/code/runs_stageB_morph_phys7_paperA_best_by_test_fixedA/h1/best.pth
hunt,2000,h1,p1_h1_head_ln_lr1e-04_l21e+01_ep2000_ss280,stageB_best,head_ln,full,0.0001,0.0001,10.0,0.01,huber,1.0,0.17790268754729777,30.242401123046875,13.373585045337677,18.068382263183594,24,1010,0.12069639563560486,2026,280,drop0,30,4,8,test,0,/Users/nyx.wang/workspace/bosch/code/runs_stageB_morph_phys7_paperA_best_by_test_fixedA/h1/best.pth
hunt,2000,h1,p1_h1_head_ln_lr3e-05_l21e+00_ep2000_ss280,stageB_best,head_ln,full,3e-05,0.0001,1.0,0.01,huber,1.0,0.19786617263325046,27.276254653930664,11.789564043283463,15.1248779296875,24,1879,0.12605725228786469,2026,280,drop0,30,4,8,test,0,/Users/nyx.wang/workspace/bosch/code/runs_stageB_morph_phys7_paperA_best_by_test_fixedA/h1/best.pth
hunt,2000,h1,p1_h1_head_ln_lr1e-05_l21e+00_ep2000_ss280,stageB_best,head_ln,full,1e-05,0.0001,1.0,0.01,huber,1.0,0.16300942026887877,29.385080337524414,12.965656816959381,19.86943817138672,24,1879,0.13476701080799103,2026,280,drop0,30,4,8,test,0,/Users/nyx.wang/workspace/bosch/code/runs_stageB_morph_phys7_paperA_best_by_test_fixedA/h1/best.pth
hunt,2000,h1,p1_h1_head_ln_lr1e-04_l21e+01_ep2000_ss281,stageB_best,head_ln,full,0.0001,0.0001,10.0,0.01,huber,1.0,-0.20858913611372265,41.91926956176758,20.817358791828156,37.31901550292969,24,1,0.10512622445821762,2026,281,drop0,30,4,8,test,0,/Users/nyx.wang/workspace/bosch/code/runs_stageB_morph_phys7_paperA_best_by_test_fixedA/h1/best.pth
hunt,2000,h1,p1_h1_head_ln_lr3e-05_l21e+00_ep2000_ss281,stageB_best,head_ln,full,3e-05,0.0001,1.0,0.01,huber,1.0,-0.20653246337109188,42.227760314941406,20.846857130527496,36.696998596191406,24,1,0.1037740707397461,2026,281,drop0,30,4,8,test,0,/Users/nyx.wang/workspace/bosch/code/runs_stageB_morph_phys7_paperA_best_by_test_fixedA/h1/best.pth
hunt,2000,h1,p1_h1_head_ln_lr1e-05_l21e+00_ep2000_ss281,stageB_best,head_ln,full,1e-05,0.0001,1.0,0.01,huber,1.0,-0.2063581266312282,42.31088638305664,20.854906737804413,37.20536804199219,24,1,0.10351871699094772,2026,281,drop0,30,4,8,test,0,/Users/nyx.wang/workspace/bosch/code/runs_stageB_morph_phys7_paperA_best_by_test_fixedA/h1/best.pth
hunt,2000,h1,p1_h1_head_ln_lr1e-04_l21e+01_ep2000_ss282,stageB_best,head_ln,full,0.0001,0.0001,10.0,0.01,huber,1.0,0.2461602127314393,28.576095581054688,16.669361293315887,16.42999267578125,24,1434,0.6394926905632019,2026,282,drop0,30,4,8,test,0,/Users/nyx.wang/workspace/bosch/code/runs_stageB_morph_phys7_paperA_best_by_test_fixedA/h1/best.pth
hunt,2000,h1,p1_h1_head_ln_lr3e-05_l21e+00_ep2000_ss282,stageB_best,head_ln,full,3e-05,0.0001,1.0,0.01,huber,1.0,0.23866410385106773,28.98552894592285,17.111635208129883,17.73614501953125,24,2000,0.680769145488739,2026,282,drop0,30,4,8,test,0,/Users/nyx.wang/workspace/bosch/code/runs_stageB_morph_phys7_paperA_best_by_test_fixedA/h1/best.pth
hunt,2000,h1,p1_h1_head_ln_lr1e-05_l21e+00_ep2000_ss282,stageB_best,head_ln,full,1e-05,0.0001,1.0,0.01,huber,1.0,0.20505899418993734,29.63751792907715,17.536163330078125,20.06341552734375,24,2000,0.7912378311157227,2026,282,drop0,30,4,8,test,0,/Users/nyx.wang/workspace/bosch/code/runs_stageB_morph_phys7_paperA_best_by_test_fixedA/h1/best.pth
hunt,2000,h1,p1_h1_head_ln_lr1e-04_l21e+01_ep2000_ss283,stageB_best,head_ln,full,0.0001,0.0001,10.0,0.01,huber,1.0,0.7432040699033584,34.50307083129883,13.820640742778778,29.529937744140625,24,1116,0.34810319542884827,2026,283,drop0,30,4,8,test,0,/Users/nyx.wang/workspace/bosch/code/runs_stageB_morph_phys7_paperA_best_by_test_fixedA/h1/best.pth
hunt,2000,h1,p1_h1_head_ln_lr3e-05_l21e+00_ep2000_ss283,stageB_best,head_ln,full,3e-05,0.0001,1.0,0.01,huber,1.0,0.7325271142626381,35.87088394165039,14.475049078464508,28.390647888183594,24,250,0.35071703791618347,2026,283,drop0,30,4,8,test,0,/Users/nyx.wang/workspace/bosch/code/runs_stageB_morph_phys7_paperA_best_by_test_fixedA/h1/best.pth
hunt,2000,h1,p1_h1_head_ln_lr1e-05_l21e+00_ep2000_ss283,stageB_best,head_ln,full,1e-05,0.0001,1.0,0.01,huber,1.0,0.723364936749563,36.36133575439453,14.660073816776276,29.001670837402344,24,732,0.34961870312690735,2026,283,drop0,30,4,8,test,0,/Users/nyx.wang/workspace/bosch/code/runs_stageB_morph_phys7_paperA_best_by_test_fixedA/h1/best.pth
hunt,2000,h1,p1_h1_head_ln_lr1e-04_l21e+01_ep2000_ss284,stageB_best,head_ln,full,0.0001,0.0001,10.0,0.01,huber,1.0,0.3599833607823456,36.42500305175781,17.568950355052948,34.72588348388672,24,1009,0.15554270148277283,2026,284,drop0,30,4,8,test,0,/Users/nyx.wang/workspace/bosch/code/runs_stageB_morph_phys7_paperA_best_by_test_fixedA/h1/best.pth
hunt,2000,h1,p1_h1_head_ln_lr3e-05_l21e+00_ep2000_ss284,stageB_best,head_ln,full,3e-05,0.0001,1.0,0.01,huber,1.0,0.3155329419370403,37.474239349365234,18.09138059616089,35.86756134033203,24,1342,0.16662319004535675,2026,284,drop0,30,4,8,test,0,/Users/nyx.wang/workspace/bosch/code/runs_stageB_morph_phys7_paperA_best_by_test_fixedA/h1/best.pth
hunt,2000,h1,p1_h1_head_ln_lr1e-05_l21e+00_ep2000_ss284,stageB_best,head_ln,full,1e-05,0.0001,1.0,0.01,huber,1.0,0.33502387697058,36.56819534301758,17.596328258514404,31.135543823242188,24,1772,0.19065582752227783,2026,284,drop0,30,4,8,test,0,/Users/nyx.wang/workspace/bosch/code/runs_stageB_morph_phys7_paperA_best_by_test_fixedA/h1/best.pth
hunt,2000,h1,p1_h1_head_ln_lr1e-04_l21e+01_ep2000_ss285,stageB_best,head_ln,full,0.0001,0.0001,10.0,0.01,huber,1.0,-0.9182892618791847,35.67886734008789,18.01655888557434,23.81561279296875,24,518,0.06623216718435287,2026,285,drop0,30,4,8,test,0,/Users/nyx.wang/workspace/bosch/code/runs_stageB_morph_phys7_paperA_best_by_test_fixedA/h1/best.pth
hunt,2000,h1,p1_h1_head_ln_lr3e-05_l21e+00_ep2000_ss285,stageB_best,head_ln,full,3e-05,0.0001,1.0,0.01,huber,1.0,-1.425787401359682,40.185970306396484,20.30351161956787,28.357643127441406,24,879,0.07403073459863663,2026,285,drop0,30,4,8,test,0,/Users/nyx.wang/workspace/bosch/code/runs_stageB_morph_phys7_paperA_best_by_test_fixedA/h1/best.pth
hunt,2000,h1,p1_h1_head_ln_lr1e-05_l21e+00_ep2000_ss285,stageB_best,head_ln,full,1e-05,0.0001,1.0,0.01,huber,1.0,-2.057203461604451,44.74386215209961,22.465240955352783,25.938766479492188,24,1969,0.08048593997955322,2026,285,drop0,30,4,8,test,0,/Users/nyx.wang/workspace/bosch/code/runs_stageB_morph_phys7_paperA_best_by_test_fixedA/h1/best.pth
hunt,2000,h1,p1_h1_head_ln_lr1e-04_l21e+01_ep2000_ss286,stageB_best,head_ln,full,0.0001,0.0001,10.0,0.01,huber,1.0,-0.032805472551368675,30.408449172973633,10.422790050506592,17.424087524414062,24,1311,0.09323158115148544,2026,286,drop0,30,4,8,test,0,/Users/nyx.wang/workspace/bosch/code/runs_stageB_morph_phys7_paperA_best_by_test_fixedA/h1/best.pth
hunt,2000,h1,p1_h1_head_ln_lr3e-05_l21e+00_ep2000_ss286,stageB_best,head_ln,full,3e-05,0.0001,1.0,0.01,huber,1.0,-0.04553535437605549,30.16682243347168,10.309187322854996,16.846221923828125,24,1994,0.101091168820858,2026,286,drop0,30,4,8,test,0,/Users/nyx.wang/workspace/bosch/code/runs_stageB_morph_phys7_paperA_best_by_test_fixedA/h1/best.pth
hunt,2000,h1,p1_h1_head_ln_lr1e-05_l21e+00_ep2000_ss286,stageB_best,head_ln,full,1e-05,0.0001,1.0,0.01,huber,1.0,-0.09473903730503808,31.422683715820312,10.843083262443542,21.12464141845703,24,2000,0.12951962649822235,2026,286,drop0,30,4,8,test,0,/Users/nyx.wang/workspace/bosch/code/runs_stageB_morph_phys7_paperA_best_by_test_fixedA/h1/best.pth
hunt,2000,h1,p1_h1_head_ln_lr1e-04_l21e+01_ep2000_ss287,stageB_best,head_ln,full,0.0001,0.0001,10.0,0.01,huber,1.0,0.5346375711638187,38.99953842163086,11.725980043411255,26.15784454345703,24,1266,0.15871497988700867,2026,287,drop0,30,4,8,test,0,/Users/nyx.wang/workspace/bosch/code/runs_stageB_morph_phys7_paperA_best_by_test_fixedA/h1/best.pth
hunt,2000,h1,p1_h1_head_ln_lr3e-05_l21e+00_ep2000_ss287,stageB_best,head_ln,full,3e-05,0.0001,1.0,0.01,huber,1.0,0.5534625803385205,37.878421783447266,11.369235068559647,27.383529663085938,24,1749,0.16433674097061157,2026,287,drop0,30,4,8,test,0,/Users/nyx.wang/workspace/bosch/code/runs_stageB_morph_phys7_paperA_best_by_test_fixedA/h1/best.pth
hunt,2000,h1,p1_h1_head_ln_lr1e-05_l21e+00_ep2000_ss287,stageB_best,head_ln,full,1e-05,0.0001,1.0,0.01,huber,1.0,0.5270284526141755,41.03163528442383,12.542033195495605,28.776519775390625,24,1994,0.17599140107631683,2026,287,drop0,30,4,8,test,0,/Users/nyx.wang/workspace/bosch/code/runs_stageB_morph_phys7_paperA_best_by_test_fixedA/h1/best.pth
hunt,2000,h1,p1_h1_head_ln_lr1e-04_l21e+01_ep2000_ss288,stageB_best,head_ln,full,0.0001,0.0001,10.0,0.01,huber,1.0,0.6026524420771929,34.41054153442383,12.64323741197586,26.15447235107422,24,18,0.3384470045566559,2026,288,drop0,30,4,8,test,0,/Users/nyx.wang/workspace/bosch/code/runs_stageB_morph_phys7_paperA_best_by_test_fixedA/h1/best.pth
hunt,2000,h1,p1_h1_head_ln_lr3e-05_l21e+00_ep2000_ss288,stageB_best,head_ln,full,3e-05,0.0001,1.0,0.01,huber,1.0,0.7642151618477444,27.006872177124023,9.902449697256088,21.90961456298828,24,433,0.34270310401916504,2026,288,drop0,30,4,8,test,0,/Users/nyx.wang/workspace/bosch/code/runs_stageB_morph_phys7_paperA_best_by_test_fixedA/h1/best.pth
hunt,2000,h1,p1_h1_head_ln_lr1e-05_l21e+00_ep2000_ss288,stageB_best,head_ln,full,1e-05,0.0001,1.0,0.01,huber,1.0,0.6615695416241398,32.03326416015625,11.793824285268784,24.43756866455078,24,433,0.34605732560157776,2026,288,drop0,30,4,8,test,0,/Users/nyx.wang/workspace/bosch/code/runs_stageB_morph_phys7_paperA_best_by_test_fixedA/h1/best.pth
hunt,2000,h1,p1_h1_head_ln_lr1e-04_l21e+01_ep2000_ss289,stageB_best,head_ln,full,0.0001,0.0001,10.0,0.01,huber,1.0,0.5071248386045304,22.457670211791992,9.927479177713394,17.922447204589844,24,1350,0.12640129029750824,2026,289,drop0,30,4,8,test,0,/Users/nyx.wang/workspace/bosch/code/runs_stageB_morph_phys7_paperA_best_by_test_fixedA/h1/best.pth
hunt,2000,h1,p1_h1_head_ln_lr3e-05_l21e+00_ep2000_ss289,stageB_best,head_ln,full,3e-05,0.0001,1.0,0.01,huber,1.0,0.49327894675215356,22.407873153686523,9.945284575223923,15.648735046386719,24,1574,0.1661010980606079,2026,289,drop0,30,4,8,test,0,/Users/nyx.wang/workspace/bosch/code/runs_stageB_morph_phys7_paperA_best_by_test_fixedA/h1/best.pth
hunt,2000,h1,p1_h1_head_ln_lr1e-05_l21e+00_ep2000_ss289,stageB_best,head_ln,full,1e-05,0.0001,1.0,0.01,huber,1.0,0.1757199602682329,30.25071144104004,13.495111465454102,27.822616577148438,24,1,0.17346803843975067,2026,289,drop0,30,4,8,test,0,/Users/nyx.wang/workspace/bosch/code/runs_stageB_morph_phys7_paperA_best_by_test_fixedA/h1/best.pth
hunt,2000,h1,p1_h1_head_ln_lr1e-04_l21e+01_ep2000_ss290,stageB_best,head_ln,full,0.0001,0.0001,10.0,0.01,huber,1.0,0.7337719020357316,36.953704833984375,16.29433184862137,27.369529724121094,24,1578,0.07667248696088791,2026,290,drop0,30,4,8,test,0,/Users/nyx.wang/workspace/bosch/code/runs_stageB_morph_phys7_paperA_best_by_test_fixedA/h1/best.pth
hunt,2000,h1,p1_h1_head_ln_lr3e-05_l21e+00_ep2000_ss290,stageB_best,head_ln,full,3e-05,0.0001,1.0,0.01,huber,1.0,0.7592872653764222,36.31364059448242,16.058342158794403,26.67229461669922,24,1947,0.09378477931022644,2026,290,drop0,30,4,8,test,0,/Users/nyx.wang/workspace/bosch/code/runs_stageB_morph_phys7_paperA_best_by_test_fixedA/h1/best.pth
hunt,2000,h1,p1_h1_head_ln_lr1e-05_l21e+00_ep2000_ss290,stageB_best,head_ln,full,1e-05,0.0001,1.0,0.01,huber,1.0,0.7509250621449479,37.27806854248047,16.357772052288055,30.137405395507812,24,2000,0.15916620194911957,2026,290,drop0,30,4,8,test,0,/Users/nyx.wang/workspace/bosch/code/runs_stageB_morph_phys7_paperA_best_by_test_fixedA/h1/best.pth
hunt,2000,h1,p1_h1_head_ln_lr1e-04_l21e+01_ep2000_ss291,stageB_best,head_ln,full,0.0001,0.0001,10.0,0.01,huber,1.0,0.563491556377129,17.187284469604492,7.8408382833004,13.432624816894531,24,1311,0.1477484554052353,2026,291,drop0,30,4,8,test,0,/Users/nyx.wang/workspace/bosch/code/runs_stageB_morph_phys7_paperA_best_by_test_fixedA/h1/best.pth
hunt,2000,h1,p1_h1_head_ln_lr3e-05_l21e+00_ep2000_ss291,stageB_best,head_ln,full,3e-05,0.0001,1.0,0.01,huber,1.0,0.5707888194035289,19.28925895690918,9.23267975449562,18.050857543945312,24,57,0.17177079617977142,2026,291,drop0,30,4,8,test,0,/Users/nyx.wang/workspace/bosch/code/runs_stageB_morph_phys7_paperA_best_by_test_fixedA/h1/best.pth
hunt,2000,h1,p1_h1_head_ln_lr1e-05_l21e+00_ep2000_ss291,stageB_best,head_ln,full,1e-05,0.0001,1.0,0.01,huber,1.0,0.5961986918062173,18.6879940032959,8.87053981423378,16.559417724609375,24,299,0.17160344123840332,2026,291,drop0,30,4,8,test,0,/Users/nyx.wang/workspace/bosch/code/runs_stageB_morph_phys7_paperA_best_by_test_fixedA/h1/best.pth
hunt,2000,h1,p1_h1_head_ln_lr1e-04_l21e+01_ep2000_ss292,stageB_best,head_ln,full,0.0001,0.0001,10.0,0.01,huber,1.0,0.28159417165587886,28.430038452148438,16.09831601381302,28.10948944091797,24,329,0.02331472747027874,2026,292,drop0,30,4,8,test,0,/Users/nyx.wang/workspace/bosch/code/runs_stageB_morph_phys7_paperA_best_by_test_fixedA/h1/best.pth
hunt,2000,h1,p1_h1_head_ln_lr3e-05_l21e+00_ep2000_ss292,stageB_best,head_ln,full,3e-05,0.0001,1.0,0.01,huber,1.0,0.25413407000470667,29.14697265625,16.692064702510834,27.640785217285156,24,996,0.025263577699661255,2026,292,drop0,30,4,8,test,0,/Users/nyx.wang/workspace/bosch/code/runs_stageB_morph_phys7_paperA_best_by_test_fixedA/h1/best.pth
hunt,2000,h1,p1_h1_head_ln_lr1e-05_l21e+00_ep2000_ss292,stageB_best,head_ln,full,1e-05,0.0001,1.0,0.01,huber,1.0,-0.2422492861961194,36.77198791503906,19.676728546619415,32.81444549560547,24,70,0.02591705322265625,2026,292,drop0,30,4,8,test,0,/Users/nyx.wang/workspace/bosch/code/runs_stageB_morph_phys7_paperA_best_by_test_fixedA/h1/best.pth
hunt,2000,h1,p1_h1_head_ln_lr1e-04_l21e+01_ep2000_ss293,stageB_best,head_ln,full,0.0001,0.0001,10.0,0.01,huber,1.0,0.6340418422856984,47.24578857421875,24.882686138153076,46.874183654785156,24,142,0.17952215671539307,2026,293,drop0,30,4,8,test,0,/Users/nyx.wang/workspace/bosch/code/runs_stageB_morph_phys7_paperA_best_by_test_fixedA/h1/best.pth
hunt,2000,h1,p1_h1_head_ln_lr3e-05_l21e+00_ep2000_ss293,stageB_best,head_ln,full,3e-05,0.0001,1.0,0.01,huber,1.0,0.6042107575333941,48.55878829956055,25.1360684633255,45.79540252685547,24,300,0.1809326857328415,2026,293,drop0,30,4,8,test,0,/Users/nyx.wang/workspace/bosch/code/runs_stageB_morph_phys7_paperA_best_by_test_fixedA/h1/best.pth
hunt,2000,h1,p1_h1_head_ln_lr1e-05_l21e+00_ep2000_ss293,stageB_best,head_ln,full,1e-05,0.0001,1.0,0.01,huber,1.0,0.6212331095387092,47.636871337890625,24.814243614673615,46.02666473388672,24,1680,0.18278269469738007,2026,293,drop0,30,4,8,test,0,/Users/nyx.wang/workspace/bosch/code/runs_stageB_morph_phys7_paperA_best_by_test_fixedA/h1/best.pth
hunt,2000,h1,p1_h1_head_ln_lr1e-04_l21e+01_ep2000_ss294,stageB_best,head_ln,full,0.0001,0.0001,10.0,0.01,huber,1.0,-1.10488587776501,41.87546157836914,22.471559047698975,32.38185119628906,24,1063,0.1400279402732849,2026,294,drop0,30,4,8,test,0,/Users/nyx.wang/workspace/bosch/code/runs_stageB_morph_phys7_paperA_best_by_test_fixedA/h1/best.pth
hunt,2000,h1,p1_h1_head_ln_lr3e-05_l21e+00_ep2000_ss294,stageB_best,head_ln,full,3e-05,0.0001,1.0,0.01,huber,1.0,-1.192530145008654,42.217529296875,21.583104133605957,28.249839782714844,24,1,0.15772120654582977,2026,294,drop0,30,4,8,test,0,/Users/nyx.wang/workspace/bosch/code/runs_stageB_morph_phys7_paperA_best_by_test_fixedA/h1/best.pth
hunt,2000,h1,p1_h1_head_ln_lr1e-05_l21e+00_ep2000_ss294,stageB_best,head_ln,full,1e-05,0.0001,1.0,0.01,huber,1.0,-1.1471758365955758,41.71402359008789,21.26026302576065,27.145462036132812,24,1,0.15283414721488953,2026,294,drop0,30,4,8,test,0,/Users/nyx.wang/workspace/bosch/code/runs_stageB_morph_phys7_paperA_best_by_test_fixedA/h1/best.pth
hunt,2000,h1,p1_h1_head_ln_lr1e-04_l21e+01_ep2000_ss295,stageB_best,head_ln,full,0.0001,0.0001,10.0,0.01,huber,1.0,0.26620651464229517,23.804014205932617,12.945015728473663,19.638076782226562,24,3,0.3188472092151642,2026,295,drop0,30,4,8,test,0,/Users/nyx.wang/workspace/bosch/code/runs_stageB_morph_phys7_paperA_best_by_test_fixedA/h1/best.pth
hunt,2000,h1,p1_h1_head_ln_lr3e-05_l21e+00_ep2000_ss295,stageB_best,head_ln,full,3e-05,0.0001,1.0,0.01,huber,1.0,0.2545831793119956,23.906370162963867,13.036949932575226,19.422531127929688,24,16,0.319175124168396,2026,295,drop0,30,4,8,test,0,/Users/nyx.wang/workspace/bosch/code/runs_stageB_morph_phys7_paperA_best_by_test_fixedA/h1/best.pth
hunt,2000,h1,p1_h1_head_ln_lr1e-05_l21e+00_ep2000_ss295,stageB_best,head_ln,full,1e-05,0.0001,1.0,0.01,huber,1.0,0.2553189410130142,23.91595458984375,13.040487468242645,19.417373657226562,24,46,0.31879177689552307,2026,295,drop0,30,4,8,test,0,/Users/nyx.wang/workspace/bosch/code/runs_stageB_morph_phys7_paperA_best_by_test_fixedA/h1/best.pth
hunt,2000,h1,p1_h1_head_ln_lr1e-04_l21e+01_ep2000_ss296,stageB_best,head_ln,full,0.0001,0.0001,10.0,0.01,huber,1.0,0.7185331959215571,25.211008071899414,12.97110766172409,18.53241729736328,24,677,0.1542852520942688,2026,296,drop0,30,4,8,test,0,/Users/nyx.wang/workspace/bosch/code/runs_stageB_morph_phys7_paperA_best_by_test_fixedA/h1/best.pth
hunt,2000,h1,p1_h1_head_ln_lr3e-05_l21e+00_ep2000_ss296,stageB_best,head_ln,full,3e-05,0.0001,1.0,0.01,huber,1.0,0.7506709157929634,24.4836483001709,12.598015367984772,20.080474853515625,24,1119,0.1645345538854599,2026,296,drop0,30,4,8,test,0,/Users/nyx.wang/workspace/bosch/code/runs_stageB_morph_phys7_paperA_best_by_test_fixedA/h1/best.pth
hunt,2000,h1,p1_h1_head_ln_lr1e-05_l21e+00_ep2000_ss296,stageB_best,head_ln,full,1e-05,0.0001,1.0,0.01,huber,1.0,0.6467827297554658,30.942480087280273,14.138512313365936,27.172088623046875,24,1,0.16471296548843384,2026,296,drop0,30,4,8,test,0,/Users/nyx.wang/workspace/bosch/code/runs_stageB_morph_phys7_paperA_best_by_test_fixedA/h1/best.pth
hunt,2000,h1,p1_h1_head_ln_lr1e-04_l21e+01_ep2000_ss297,stageB_best,head_ln,full,0.0001,0.0001,10.0,0.01,huber,1.0,0.6461878396524745,20.84307861328125,9.690812975168228,15.364639282226562,24,541,0.09246623516082764,2026,297,drop0,30,4,8,test,0,/Users/nyx.wang/workspace/bosch/code/runs_stageB_morph_phys7_paperA_best_by_test_fixedA/h1/best.pth
hunt,2000,h1,p1_h1_head_ln_lr3e-05_l21e+00_ep2000_ss297,stageB_best,head_ln,full,3e-05,0.0001,1.0,0.01,huber,1.0,0.6363942409884862,21.431203842163086,10.019127279520035,15.845619201660156,24,1121,0.09637854248285294,2026,297,drop0,30,4,8,test,0,/Users/nyx.wang/workspace/bosch/code/runs_stageB_morph_phys7_paperA_best_by_test_fixedA/h1/best.pth
hunt,2000,h1,p1_h1_head_ln_lr1e-05_l21e+00_ep2000_ss297,stageB_best,head_ln,full,1e-05,0.0001,1.0,0.01,huber,1.0,0.585779665431204,22.828994750976562,10.745042562484741,18.08489990234375,24,2000,0.1300443559885025,2026,297,drop0,30,4,8,test,0,/Users/nyx.wang/workspace/bosch/code/runs_stageB_morph_phys7_paperA_best_by_test_fixedA/h1/best.pth
hunt,2000,h1,p1_h1_head_ln_lr1e-04_l21e+01_ep2000_ss298,stageB_best,head_ln,full,0.0001,0.0001,10.0,0.01,huber,1.0,0.5139567299882781,46.280757904052734,19.203342497348785,31.30133819580078,24,1,0.40517714619636536,2026,298,drop0,30,4,8,test,0,/Users/nyx.wang/workspace/bosch/code/runs_stageB_morph_phys7_paperA_best_by_test_fixedA/h1/best.pth
hunt,2000,h1,p1_h1_head_ln_lr3e-05_l21e+00_ep2000_ss298,stageB_best,head_ln,full,3e-05,0.0001,1.0,0.01,huber,1.0,0.5054146343604986,47.27946090698242,19.29585188627243,30.793304443359375,24,1,0.3956255614757538,2026,298,drop0,30,4,8,test,0,/Users/nyx.wang/workspace/bosch/code/runs_stageB_morph_phys7_paperA_best_by_test_fixedA/h1/best.pth
hunt,2000,h1,p1_h1_head_ln_lr1e-05_l21e+00_ep2000_ss298,stageB_best,head_ln,full,1e-05,0.0001,1.0,0.01,huber,1.0,0.5018633851232994,47.62465286254883,19.337324798107147,30.834693908691406,24,1,0.3932630121707916,2026,298,drop0,30,4,8,test,0,/Users/nyx.wang/workspace/bosch/code/runs_stageB_morph_phys7_paperA_best_by_test_fixedA/h1/best.pth
hunt,2000,h1,p1_h1_head_ln_lr1e-04_l21e+01_ep2000_ss299,stageB_best,head_ln,full,0.0001,0.0001,10.0,0.01,huber,1.0,0.5157850017308117,47.47206115722656,20.910926163196564,34.34770965576172,24,71,0.33245590329170227,2026,299,drop0,30,4,8,test,0,/Users/nyx.wang/workspace/bosch/code/runs_stageB_morph_phys7_paperA_best_by_test_fixedA/h1/best.pth
hunt,2000,h1,p1_h1_head_ln_lr3e-05_l21e+00_ep2000_ss299,stageB_best,head_ln,full,3e-05,0.0001,1.0,0.01,huber,1.0,0.5195157324030408,47.118282318115234,20.80322504043579,34.6331787109375,24,228,0.3314689099788666,2026,299,drop0,30,4,8,test,0,/Users/nyx.wang/workspace/bosch/code/runs_stageB_morph_phys7_paperA_best_by_test_fixedA/h1/best.pth
hunt,2000,h1,p1_h1_head_ln_lr1e-05_l21e+00_ep2000_ss299,stageB_best,head_ln,full,1e-05,0.0001,1.0,0.01,huber,1.0,0.515450483053781,47.53745651245117,20.959310233592987,34.542274475097656,24,750,0.3308292627334595,2026,299,drop0,30,4,8,test,0,/Users/nyx.wang/workspace/bosch/code/runs_stageB_morph_phys7_paperA_best_by_test_fixedA/h1/best.pth
hunt,2000,h1,p1_h1_head_ln_lr1e-04_l21e+01_ep2000_ss300,stageB_best,head_ln,full,0.0001,0.0001,10.0,0.01,huber,1.0,-1.3156611603849102,54.40339279174805,31.349313259124756,26.0084228515625,24,782,0.09173122048377991,2026,300,drop0,30,4,8,test,0,/Users/nyx.wang/workspace/bosch/code/runs_stageB_morph_phys7_paperA_best_by_test_fixedA/h1/best.pth
hunt,2000,h1,p1_h1_head_ln_lr3e-05_l21e+00_ep2000_ss300,stageB_best,head_ln,full,3e-05,0.0001,1.0,0.01,huber,1.0,-1.28732530678939,53.47515869140625,30.704569816589355,25.349090576171875,24,1226,0.09443100541830063,2026,300,drop0,30,4,8,test,0,/Users/nyx.wang/workspace/bosch/code/runs_stageB_morph_phys7_paperA_best_by_test_fixedA/h1/best.pth
hunt,2000,h1,p1_h1_head_ln_lr1e-05_l21e+00_ep2000_ss300,stageB_best,head_ln,full,1e-05,0.0001,1.0,0.01,huber,1.0,-1.212581069262574,51.89630126953125,29.563400149345398,25.066566467285156,24,1910,0.11289507150650024,2026,300,drop0,30,4,8,test,0,/Users/nyx.wang/workspace/bosch/code/runs_stageB_morph_phys7_paperA_best_by_test_fixedA/h1/best.pth
hunt,2000,h1,p1_h1_head_ln_lr1e-04_l21e+01_ep2000_ss301,stageB_best,head_ln,full,0.0001,0.0001,10.0,0.01,huber,1.0,0.7238825686085145,36.55064010620117,15.669828653335571,30.844322204589844,24,603,0.04589810594916344,2026,301,drop0,30,4,8,test,0,/Users/nyx.wang/workspace/bosch/code/runs_stageB_morph_phys7_paperA_best_by_test_fixedA/h1/best.pth
hunt,2000,h1,p1_h1_head_ln_lr3e-05_l21e+00_ep2000_ss301,stageB_best,head_ln,full,3e-05,0.0001,1.0,0.01,huber,1.0,0.7307836749312605,37.13960266113281,16.002458333969116,31.69970703125,24,1153,0.05186810716986656,2026,301,drop0,30,4,8,test,0,/Users/nyx.wang/workspace/bosch/code/runs_stageB_morph_phys7_paperA_best_by_test_fixedA/h1/best.pth
hunt,2000,h1,p1_h1_head_ln_lr1e-05_l21e+00_ep2000_ss301,stageB_best,head_ln,full,1e-05,0.0001,1.0,0.01,huber,1.0,0.7277698345871276,37.13489532470703,15.63960462808609,34.61809539794922,24,1986,0.09511292725801468,2026,301,drop0,30,4,8,test,0,/Users/nyx.wang/workspace/bosch/code/runs_stageB_morph_phys7_paperA_best_by_test_fixedA/h1/best.pth
hunt,2000,h1,p1_h1_head_ln_lr1e-04_l21e+01_ep2000_ss302,stageB_best,head_ln,full,0.0001,0.0001,10.0,0.01,huber,1.0,-0.6947083894974655,41.60966110229492,18.23304146528244,23.135971069335938,24,1218,0.1740972399711609,2026,302,drop0,30,4,8,test,0,/Users/nyx.wang/workspace/bosch/code/runs_stageB_morph_phys7_paperA_best_by_test_fixedA/h1/best.pth
hunt,2000,h1,p1_h1_head_ln_lr3e-05_l21e+00_ep2000_ss302,stageB_best,head_ln,full,3e-05,0.0001,1.0,0.01,huber,1.0,-0.7787004252653162,43.00651931762695,18.874068558216095,26.009437561035156,24,1999,0.1834196001291275,2026,302,drop0,30,4,8,test,0,/Users/nyx.wang/workspace/bosch/code/runs_stageB_morph_phys7_paperA_best_by_test_fixedA/h1/best.pth
hunt,2000,h1,p1_h1_head_ln_lr1e-05_l21e+00_ep2000_ss302,stageB_best,head_ln,full,1e-05,0.0001,1.0,0.01,huber,1.0,-0.8380410741746245,42.550785064697266,18.916702270507812,22.166015625,24,1133,0.1830710768699646,2026,302,drop0,30,4,8,test,0,/Users/nyx.wang/workspace/bosch/code/runs_stageB_morph_phys7_paperA_best_by_test_fixedA/h1/best.pth
hunt,2000,h1,p1_h1_head_ln_lr1e-04_l21e+01_ep2000_ss303,stageB_best,head_ln,full,0.0001,0.0001,10.0,0.01,huber,1.0,0.5377899122814298,46.76840591430664,17.990367114543915,42.39093017578125,24,7,0.25962209701538086,2026,303,drop0,30,4,8,test,0,/Users/nyx.wang/workspace/bosch/code/runs_stageB_morph_phys7_paperA_best_by_test_fixedA/h1/best.pth
hunt,2000,h1,p1_h1_head_ln_lr3e-05_l21e+00_ep2000_ss303,stageB_best,head_ln,full,3e-05,0.0001,1.0,0.01,huber,1.0,0.5612016126929806,45.65025329589844,17.636096477508545,41.67754364013672,24,37,0.2589457631111145,2026,303,drop0,30,4,8,test,0,/Users/nyx.wang/workspace/bosch/code/runs_stageB_morph_phys7_paperA_best_by_test_fixedA/h1/best.pth
hunt,2000,h1,p1_h1_head_ln_lr1e-05_l21e+00_ep2000_ss303,stageB_best,head_ln,full,1e-05,0.0001,1.0,0.01,huber,1.0,0.5530424587094296,46.18180847167969,17.758862674236298,42.709686279296875,24,115,0.2618766129016876,2026,303,drop0,30,4,8,test,0,/Users/nyx.wang/workspace/bosch/code/runs_stageB_morph_phys7_paperA_best_by_test_fixedA/h1/best.pth
hunt,2000,h1,p1_h1_head_ln_lr1e-04_l21e+01_ep2000_ss304,stageB_best,head_ln,full,0.0001,0.0001,10.0,0.01,huber,1.0,0.501880329047346,45.40260314941406,16.5152445435524,32.72554016113281,24,914,0.2858913242816925,2026,304,drop0,30,4,8,test,0,/Users/nyx.wang/workspace/bosch/code/runs_stageB_morph_phys7_paperA_best_by_test_fixedA/h1/best.pth
hunt,2000,h1,p1_h1_head_ln_lr3e-05_l21e+00_ep2000_ss304,stageB_best,head_ln,full,3e-05,0.0001,1.0,0.01,huber,1.0,0.5692373490577198,41.05173873901367,14.432241022586823,28.023727416992188,24,1760,0.33183303475379944,2026,304,drop0,30,4,8,test,0,/Users/nyx.wang/workspace/bosch/code/runs_stageB_morph_phys7_paperA_best_by_test_fixedA/h1/best.pth
hunt,2000,h1,p1_h1_head_ln_lr1e-05_l21e+00_ep2000_ss304,stageB_best,head_ln,full,1e-05,0.0001,1.0,0.01,huber,1.0,0.6361380843183824,36.77663040161133,12.719438970088959,26.825828552246094,24,1770,0.4062265455722809,2026,304,drop0,30,4,8,test,0,/Users/nyx.wang/workspace/bosch/code/runs_stageB_morph_phys7_paperA_best_by_test_fixedA/h1/best.pth
hunt,2000,h1,p1_h1_head_ln_lr1e-04_l21e+01_ep2000_ss305,stageB_best,head_ln,full,0.0001,0.0001,10.0,0.01,huber,1.0,0.489504315423,29.136762619018555,14.381049573421478,31.06652069091797,24,3,0.3301251232624054,2026,305,drop0,30,4,8,test,0,/Users/nyx.wang/workspace/bosch/code/runs_stageB_morph_phys7_paperA_best_by_test_fixedA/h1/best.pth
hunt,2000,h1,p1_h1_head_ln_lr3e-05_l21e+00_ep2000_ss305,stageB_best,head_ln,full,3e-05,0.0001,1.0,0.01,huber,1.0,0.4831646517362279,29.4595890045166,14.487461745738983,31.300331115722656,24,7,0.32968994975090027,2026,305,drop0,30,4,8,test,0,/Users/nyx.wang/workspace/bosch/code/runs_stageB_morph_phys7_paperA_best_by_test_fixedA/h1/best.pth
hunt,2000,h1,p1_h1_head_ln_lr1e-05_l21e+00_ep2000_ss305,stageB_best,head_ln,full,1e-05,0.0001,1.0,0.01,huber,1.0,0.4756688152012152,29.824417114257812,14.608858525753021,30.693336486816406,24,16,0.32915064692497253,2026,305,drop0,30,4,8,test,0,/Users/nyx.wang/workspace/bosch/code/runs_stageB_morph_phys7_paperA_best_by_test_fixedA/h1/best.pth
hunt,2000,h1,p1_h1_head_ln_lr1e-04_l21e+01_ep2000_ss306,stageB_best,head_ln,full,0.0001,0.0001,10.0,0.01,huber,1.0,0.7050010309827971,19.683258056640625,7.8909434378147125,16.104530334472656,24,1,0.3368631899356842,2026,306,drop0,30,4,8,test,0,/Users/nyx.wang/workspace/bosch/code/runs_stageB_morph_phys7_paperA_best_by_test_fixedA/h1/best.pth
hunt,2000,h1,p1_h1_head_ln_lr3e-05_l21e+00_ep2000_ss306,stageB_best,head_ln,full,3e-05,0.0001,1.0,0.01,huber,1.0,0.668200400580591,21.861940383911133,8.805754035711288,17.29937744140625,24,1,0.30890092253685,2026,306,drop0,30,4,8,test,0,/Users/nyx.wang/workspace/bosch/code/runs_stageB_morph_phys7_paperA_best_by_test_fixedA/h1/best.pth
hunt,2000,h1,p1_h1_head_ln_lr1e-05_l21e+00_ep2000_ss306,stageB_best,head_ln,full,1e-05,0.0001,1.0,0.01,huber,1.0,0.6533989372906347,22.516067504882812,9.080246835947037,16.096221923828125,24,1,0.3014192283153534,2026,306,drop0,30,4,8,test,0,/Users/nyx.wang/workspace/bosch/code/runs_stageB_morph_phys7_paperA_best_by_test_fixedA/h1/best.pth
hunt,2000,h1,p1_h1_head_ln_lr1e-04_l21e+01_ep2000_ss307,stageB_best,head_ln,full,0.0001,0.0001,10.0,0.01,huber,1.0,0.7370241659906089,31.51702308654785,11.686047166585922,19.63665008544922,24,84,0.20801420509815216,2026,307,drop0,30,4,8,test,0,/Users/nyx.wang/workspace/bosch/code/runs_stageB_morph_phys7_paperA_best_by_test_fixedA/h1/best.pth
hunt,2000,h1,p1_h1_head_ln_lr3e-05_l21e+00_ep2000_ss307,stageB_best,head_ln,full,3e-05,0.0001,1.0,0.01,huber,1.0,0.7646080094402242,29.846078872680664,11.09556332230568,19.09331512451172,24,374,0.20845453441143036,2026,307,drop0,30,4,8,test,0,/Users/nyx.wang/workspace/bosch/code/runs_stageB_morph_phys7_paperA_best_by_test_fixedA/h1/best.pth
hunt,2000,h1,p1_h1_head_ln_lr1e-05_l21e+00_ep2000_ss307,stageB_best,head_ln,full,1e-05,0.0001,1.0,0.01,huber,1.0,0.754327310273619,30.44508171081543,11.345895379781723,20.486778259277344,24,1146,0.21021807193756104,2026,307,drop0,30,4,8,test,0,/Users/nyx.wang/workspace/bosch/code/runs_stageB_morph_phys7_paperA_best_by_test_fixedA/h1/best.pth
hunt,2000,h1,p1_h1_head_ln_lr1e-04_l21e+01_ep2000_ss308,stageB_best,head_ln,full,0.0001,0.0001,10.0,0.01,huber,1.0,0.3384135968474815,29.157546997070312,13.22515606880188,27.965560913085938,24,812,0.10301458835601807,2026,308,drop0,30,4,8,test,0,/Users/nyx.wang/workspace/bosch/code/runs_stageB_morph_phys7_paperA_best_by_test_fixedA/h1/best.pth
hunt,2000,h1,p1_h1_head_ln_lr3e-05_l21e+00_ep2000_ss308,stageB_best,head_ln,full,3e-05,0.0001,1.0,0.01,huber,1.0,0.24172655329968673,31.49834632873535,14.134739339351654,27.489479064941406,24,1670,0.10945679992437363,2026,308,drop0,30,4,8,test,0,/Users/nyx.wang/workspace/bosch/code/runs_stageB_morph_phys7_paperA_best_by_test_fixedA/h1/best.pth
hunt,2000,h1,p1_h1_head_ln_lr1e-05_l21e+00_ep2000_ss308,stageB_best,head_ln,full,1e-05,0.0001,1.0,0.01,huber,1.0,0.22690083617027323,31.351011276245117,13.993589580059052,29.119598388671875,24,2000,0.1338573843240738,2026,308,drop0,30,4,8,test,0,/Users/nyx.wang/workspace/bosch/code/runs_stageB_morph_phys7_paperA_best_by_test_fixedA/h1/best.pth
hunt,2000,h1,p1_h1_head_ln_lr1e-04_l21e+01_ep2000_ss309,stageB_best,head_ln,full,0.0001,0.0001,10.0,0.01,huber,1.0,0.37396168220003434,23.76116943359375,10.88101863861084,18.451828002929688,24,1203,0.4585036337375641,2026,309,drop0,30,4,8,test,0,/Users/nyx.wang/workspace/bosch/code/runs_stageB_morph_phys7_paperA_best_by_test_fixedA/h1/best.pth
hunt,2000,h1,p1_h1_head_ln_lr3e-05_l21e+00_ep2000_ss309,stageB_best,head_ln,full,3e-05,0.0001,1.0,0.01,huber,1.0,0.4807068690360683,23.10015106201172,10.391303151845932,21.301025390625,24,1203,0.5025240778923035,2026,309,drop0,30,4,8,test,0,/Users/nyx.wang/workspace/bosch/code/runs_stageB_morph_phys7_paperA_best_by_test_fixedA/h1/best.pth
hunt,2000,h1,p1_h1_head_ln_lr1e-05_l21e+00_ep2000_ss309,stageB_best,head_ln,full,1e-05,0.0001,1.0,0.01,huber,1.0,0.4665095417189661,24.005844116210938,10.535544902086258,25.319900512695312,24,1663,0.5542686581611633,2026,309,drop0,30,4,8,test,0,/Users/nyx.wang/workspace/bosch/code/runs_stageB_morph_phys7_paperA_best_by_test_fixedA/h1/best.pth
hunt,2000,h1,p1_h1_head_ln_lr1e-04_l21e+01_ep2000_ss310,stageB_best,head_ln,full,0.0001,0.0001,10.0,0.01,huber,1.0,0.7538260394003842,25.47162437438965,12.097004801034927,23.706703186035156,24,37,0.3801319897174835,2026,310,drop0,30,4,8,test,0,/Users/nyx.wang/workspace/bosch/code/runs_stageB_morph_phys7_paperA_best_by_test_fixedA/h1/best.pth
hunt,2000,h1,p1_h1_head_ln_lr3e-05_l21e+00_ep2000_ss310,stageB_best,head_ln,full,3e-05,0.0001,1.0,0.01,huber,1.0,0.7934607181456066,23.002187728881836,10.983586311340332,20.462905883789062,24,240,0.38197407126426697,2026,310,drop0,30,4,8,test,0,/Users/nyx.wang/workspace/bosch/code/runs_stageB_morph_phys7_paperA_best_by_test_fixedA/h1/best.pth
hunt,2000,h1,p1_h1_head_ln_lr1e-05_l21e+00_ep2000_ss310,stageB_best,head_ln,full,1e-05,0.0001,1.0,0.01,huber,1.0,0.7958520931063865,22.857561111450195,10.90177297592163,20.21306610107422,24,796,0.38150373101234436,2026,310,drop0,30,4,8,test,0,/Users/nyx.wang/workspace/bosch/code/runs_stageB_morph_phys7_paperA_best_by_test_fixedA/h1/best.pth
hunt,2000,h1,p1_h1_head_ln_lr1e-04_l21e+01_ep2000_ss311,stageB_best,head_ln,full,0.0001,0.0001,10.0,0.01,huber,1.0,0.24074451893468496,33.55406188964844,15.837492048740387,22.11529541015625,24,26,0.02574499510228634,2026,311,drop0,30,4,8,test,0,/Users/nyx.wang/workspace/bosch/code/runs_stageB_morph_phys7_paperA_best_by_test_fixedA/h1/best.pth
hunt,2000,h1,p1_h1_head_ln_lr3e-05_l21e+00_ep2000_ss311,stageB_best,head_ln,full,3e-05,0.0001,1.0,0.01,huber,1.0,0.22999335532791698,33.96083068847656,16.001364588737488,22.6669921875,24,72,0.02691764384508133,2026,311,drop0,30,4,8,test,0,/Users/nyx.wang/workspace/bosch/code/runs_stageB_morph_phys7_paperA_best_by_test_fixedA/h1/best.pth
hunt,2000,h1,p1_h1_head_ln_lr1e-05_l21e+00_ep2000_ss311,stageB_best,head_ln,full,1e-05,0.0001,1.0,0.01,huber,1.0,0.23614617436819063,33.15642166137695,15.738238394260406,21.577072143554688,24,333,0.026187842711806297,2026,311,drop0,30,4,8,test,0,/Users/nyx.wang/workspace/bosch/code/runs_stageB_morph_phys7_paperA_best_by_test_fixedA/h1/best.pth
hunt,2000,h1,p1_h1_head_ln_lr1e-04_l21e+01_ep2000_ss312,stageB_best,head_ln,full,0.0001,0.0001,10.0,0.01,huber,1.0,0.6366914992654461,37.9936408996582,17.191356420516968,31.789695739746094,24,835,0.30662909150123596,2026,312,drop0,30,4,8,test,0,/Users/nyx.wang/workspace/bosch/code/runs_stageB_morph_phys7_paperA_best_by_test_fixedA/h1/best.pth
hunt,2000,h1,p1_h1_head_ln_lr3e-05_l21e+00_ep2000_ss312,stageB_best,head_ln,full,3e-05,0.0001,1.0,0.01,huber,1.0,0.6042290592624306,40.196067810058594,18.24560910463333,32.693145751953125,24,1184,0.3177281320095062,2026,312,drop0,30,4,8,test,0,/Users/nyx.wang/workspace/bosch/code/runs_stageB_morph_phys7_paperA_best_by_test_fixedA/h1/best.pth
hunt,2000,h1,p1_h1_head_ln_lr1e-05_l21e+00_ep2000_ss312,stageB_best,head_ln,full,1e-05,0.0001,1.0,0.01,huber,1.0,0.5563495989620661,42.93510437011719,19.554205238819122,31.541915893554688,24,1693,0.3217752277851105,2026,312,drop0,30,4,8,test,0,/Users/nyx.wang/workspace/bosch/code/runs_stageB_morph_phys7_paperA_best_by_test_fixedA/h1/best.pth
hunt,2000,h1,p1_h1_head_ln_lr1e-04_l21e+01_ep2000_ss313,stageB_best,head_ln,full,0.0001,0.0001,10.0,0.01,huber,1.0,0.8339651345660282,19.095239639282227,8.426495641469955,17.335838317871094,24,670,0.10641494393348694,2026,313,drop0,30,4,8,test,0,/Users/nyx.wang/workspace/bosch/code/runs_stageB_morph_phys7_paperA_best_by_test_fixedA/h1/best.pth
hunt,2000,h1,p1_h1_head_ln_lr3e-05_l21e+00_ep2000_ss313,stageB_best,head_ln,full,3e-05,0.0001,1.0,0.01,huber,1.0,0.19300535191860757,39.25098419189453,16.726095974445343,28.08306884765625,24,1,0.11200342327356339,2026,313,drop0,30,4,8,test,0,/Users/nyx.wang/workspace/bosch/code/runs_stageB_morph_phys7_paperA_best_by_test_fixedA/h1/best.pth
hunt,2000,h1,p1_h1_head_ln_lr1e-05_l21e+00_ep2000_ss313,stageB_best,head_ln,full,1e-05,0.0001,1.0,0.01,huber,1.0,0.19244994056765408,39.28266525268555,16.73593968153,28.030120849609375,24,3,0.11193618923425674,2026,313,drop0,30,4,8,test,0,/Users/nyx.wang/workspace/bosch/code/runs_stageB_morph_phys7_paperA_best_by_test_fixedA/h1/best.pth
hunt,2000,h1,p1_h1_head_ln_lr1e-04_l21e+01_ep2000_ss314,stageB_best,head_ln,full,0.0001,0.0001,10.0,0.01,huber,1.0,0.5810097603244381,27.557823181152344,12.897753715515137,17.740882873535156,24,73,0.07350639253854752,2026,314,drop0,30,4,8,test,0,/Users/nyx.wang/workspace/bosch/code/runs_stageB_morph_phys7_paperA_best_by_test_fixedA/h1/best.pth
hunt,2000,h1,p1_h1_head_ln_lr3e-05_l21e+00_ep2000_ss314,stageB_best,head_ln,full,3e-05,0.0001,1.0,0.01,huber,1.0,0.6068428700225243,26.24470329284668,12.324734777212143,16.94805145263672,24,358,0.07277075946331024,2026,314,drop0,30,4,8,test,0,/Users/nyx.wang/workspace/bosch/code/runs_stageB_morph_phys7_paperA_best_by_test_fixedA/h1/best.pth
hunt,2000,h1,p1_h1_head_ln_lr1e-05_l21e+00_ep2000_ss314,stageB_best,head_ln,full,1e-05,0.0001,1.0,0.01,huber,1.0,0.5941276008555877,26.572425842285156,12.59961873292923,17.5848388671875,24,952,0.07771721482276917,2026,314,drop0,30,4,8,test,0,/Users/nyx.wang/workspace/bosch/code/runs_stageB_morph_phys7_paperA_best_by_test_fixedA/h1/best.pth
hunt,2000,h1,p1_h1_head_ln_lr1e-04_l21e+01_ep2000_ss315,stageB_best,head_ln,full,0.0001,0.0001,10.0,0.01,huber,1.0,0.4099806193091823,20.588207244873047,8.810875564813614,17.388816833496094,24,1,0.36829137802124023,2026,315,drop0,30,4,8,test,0,/Users/nyx.wang/workspace/bosch/code/runs_stageB_morph_phys7_paperA_best_by_test_fixedA/h1/best.pth
hunt,2000,h1,p1_h1_head_ln_lr3e-05_l21e+00_ep2000_ss315,stageB_best,head_ln,full,3e-05,0.0001,1.0,0.01,huber,1.0,0.31260752328524355,22.114805221557617,9.447554498910904,18.188636779785156,24,1,0.36259618401527405,2026,315,drop0,30,4,8,test,0,/Users/nyx.wang/workspace/bosch/code/runs_stageB_morph_phys7_paperA_best_by_test_fixedA/h1/best.pth
hunt,2000,h1,p1_h1_head_ln_lr1e-05_l21e+00_ep2000_ss315,stageB_best,head_ln,full,1e-05,0.0001,1.0,0.01,huber,1.0,0.2716811123686361,22.658782958984375,9.672114253044128,19.10607147216797,24,1,0.3615969121456146,2026,315,drop0,30,4,8,test,0,/Users/nyx.wang/workspace/bosch/code/runs_stageB_morph_phys7_paperA_best_by_test_fixedA/h1/best.pth
hunt,2000,h1,p1_h1_head_ln_lr1e-04_l21e+01_ep2000_ss316,stageB_best,head_ln,full,0.0001,0.0001,10.0,0.01,huber,1.0,0.5079813941451857,19.68622398376465,8.286464214324951,14.328910827636719,24,598,0.12130159884691238,2026,316,drop0,30,4,8,test,0,/Users/nyx.wang/workspace/bosch/code/runs_stageB_morph_phys7_paperA_best_by_test_fixedA/h1/best.pth
hunt,2000,h1,p1_h1_head_ln_lr3e-05_l21e+00_ep2000_ss316,stageB_best,head_ln,full,3e-05,0.0001,1.0,0.01,huber,1.0,0.4684431713089451,19.746200561523438,8.244147151708603,15.504096984863281,24,1075,0.13007725775241852,2026,316,drop0,30,4,8,test,0,/Users/nyx.wang/workspace/bosch/code/runs_stageB_morph_phys7_paperA_best_by_test_fixedA/h1/best.pth
hunt,2000,h1,p1_h1_head_ln_lr1e-05_l21e+00_ep2000_ss316,stageB_best,head_ln,full,1e-05,0.0001,1.0,0.01,huber,1.0,0.3844646029633808,23.920289993286133,10.548677295446396,16.08721923828125,24,1017,0.13599707186222076,2026,316,drop0,30,4,8,test,0,/Users/nyx.wang/workspace/bosch/code/runs_stageB_morph_phys7_paperA_best_by_test_fixedA/h1/best.pth
hunt,2000,h1,p1_h1_head_ln_lr1e-04_l21e+01_ep2000_ss317,stageB_best,head_ln,full,0.0001,0.0001,10.0,0.01,huber,1.0,0.7598402015691283,24.20496940612793,14.333367347717285,16.011268615722656,24,78,0.4626806676387787,2026,317,drop0,30,4,8,test,0,/Users/nyx.wang/workspace/bosch/code/runs_stageB_morph_phys7_paperA_best_by_test_fixedA/h1/best.pth
hunt,2000,h1,p1_h1_head_ln_lr3e-05_l21e+00_ep2000_ss317,stageB_best,head_ln,full,3e-05,0.0001,1.0,0.01,huber,1.0,0.7414510654694981,25.98396873474121,14.62293416261673,19.978500366210938,24,98,0.4729430675506592,2026,317,drop0,30,4,8,test,0,/Users/nyx.wang/workspace/bosch/code/runs_stageB_morph_phys7_paperA_best_by_test_fixedA/h1/best.pth
hunt,2000,h1,p1_h1_head_ln_lr1e-05_l21e+00_ep2000_ss317,stageB_best,head_ln,full,1e-05,0.0001,1.0,0.01,huber,1.0,0.7612003357139464,24.532499313354492,13.924846053123474,18.043807983398438,24,541,0.48081254959106445,2026,317,drop0,30,4,8,test,0,/Users/nyx.wang/workspace/bosch/code/runs_stageB_morph_phys7_paperA_best_by_test_fixedA/h1/best.pth
hunt,2000,h1,p1_h1_head_ln_lr1e-04_l21e+01_ep2000_ss318,stageB_best,head_ln,full,0.0001,0.0001,10.0,0.01,huber,1.0,-0.21419496530829396,30.629350662231445,13.788190484046936,25.43712615966797,24,8,0.23764149844646454,2026,318,drop0,30,4,8,test,0,/Users/nyx.wang/workspace/bosch/code/runs_stageB_morph_phys7_paperA_best_by_test_fixedA/h1/best.pth
hunt,2000,h1,p1_h1_head_ln_lr3e-05_l21e+00_ep2000_ss318,stageB_best,head_ln,full,3e-05,0.0001,1.0,0.01,huber,1.0,-0.11186158346390362,29.847318649291992,13.22316974401474,23.167747497558594,24,107,0.24195516109466553,2026,318,drop0,30,4,8,test,0,/Users/nyx.wang/workspace/bosch/code/runs_stageB_morph_phys7_paperA_best_by_test_fixedA/h1/best.pth
hunt,2000,h1,p1_h1_head_ln_lr1e-05_l21e+00_ep2000_ss318,stageB_best,head_ln,full,1e-05,0.0001,1.0,0.01,huber,1.0,-0.15879685018336542,30.5570068359375,13.582311570644379,22.942298889160156,24,227,0.24370534718036652,2026,318,drop0,30,4,8,test,0,/Users/nyx.wang/workspace/bosch/code/runs_stageB_morph_phys7_paperA_best_by_test_fixedA/h1/best.pth
hunt,2000,h1,p1_h1_head_ln_lr1e-04_l21e+01_ep2000_ss319,stageB_best,head_ln,full,0.0001,0.0001,10.0,0.01,huber,1.0,0.2396276278859013,29.711509704589844,13.227058947086334,26.46997833251953,24,132,0.057944703847169876,2026,319,drop0,30,4,8,test,0,/Users/nyx.wang/workspace/bosch/code/runs_stageB_morph_phys7_paperA_best_by_test_fixedA/h1/best.pth
hunt,2000,h1,p1_h1_head_ln_lr3e-05_l21e+00_ep2000_ss319,stageB_best,head_ln,full,3e-05,0.0001,1.0,0.01,huber,1.0,0.22629782051201397,29.845300674438477,13.41383308172226,29.344337463378906,24,451,0.05798591300845146,2026,319,drop0,30,4,8,test,0,/Users/nyx.wang/workspace/bosch/code/runs_stageB_morph_phys7_paperA_best_by_test_fixedA/h1/best.pth
hunt,2000,h1,p1_h1_head_ln_lr1e-05_l21e+00_ep2000_ss319,stageB_best,head_ln,full,1e-05,0.0001,1.0,0.01,huber,1.0,0.22253904007960545,29.86090660095215,13.420741260051727,29.77246856689453,24,1988,0.059074580669403076,2026,319,drop0,30,4,8,test,0,/Users/nyx.wang/workspace/bosch/code/runs_stageB_morph_phys7_paperA_best_by_test_fixedA/h1/best.pth
hunt,2000,h1,p1_h1_head_ln_lr1e-04_l21e+01_ep2000_ss320,stageB_best,head_ln,full,0.0001,0.0001,10.0,0.01,huber,1.0,0.39158758783526226,33.34636306762695,16.582371294498444,16.662643432617188,24,774,0.15220238268375397,2026,320,drop0,30,4,8,test,0,/Users/nyx.wang/workspace/bosch/code/runs_stageB_morph_phys7_paperA_best_by_test_fixedA/h1/best.pth
hunt,2000,h1,p1_h1_head_ln_lr3e-05_l21e+00_ep2000_ss320,stageB_best,head_ln,full,3e-05,0.0001,1.0,0.01,huber,1.0,0.21139291052168196,45.62507247924805,21.289055049419403,33.05152893066406,24,1,0.1726491004228592,2026,320,drop0,30,4,8,test,0,/Users/nyx.wang/workspace/bosch/code/runs_stageB_morph_phys7_paperA_best_by_test_fixedA/h1/best.pth
hunt,2000,h1,p1_h1_head_ln_lr1e-05_l21e+00_ep2000_ss320,stageB_best,head_ln,full,1e-05,0.0001,1.0,0.01,huber,1.0,0.21185438150841196,45.744232177734375,21.283549070358276,33.124961853027344,24,1,0.17039208114147186,2026,320,drop0,30,4,8,test,0,/Users/nyx.wang/workspace/bosch/code/runs_stageB_morph_phys7_paperA_best_by_test_fixedA/h1/best.pth
hunt,2000,h1,p1_h1_head_ln_lr1e-04_l21e+01_ep2000_ss321,stageB_best,head_ln,full,0.0001,0.0001,10.0,0.01,huber,1.0,0.40863499643291745,45.85042190551758,25.706058740615845,31.275184631347656,24,1101,0.07262439280748367,2026,321,drop0,30,4,8,test,0,/Users/nyx.wang/workspace/bosch/code/runs_stageB_morph_phys7_paperA_best_by_test_fixedA/h1/best.pth
hunt,2000,h1,p1_h1_head_ln_lr3e-05_l21e+00_ep2000_ss321,stageB_best,head_ln,full,3e-05,0.0001,1.0,0.01,huber,1.0,0.3607442462828736,47.723388671875,26.62079632282257,29.67798614501953,24,2000,0.08287009596824646,2026,321,drop0,30,4,8,test,0,/Users/nyx.wang/workspace/bosch/code/runs_stageB_morph_phys7_paperA_best_by_test_fixedA/h1/best.pth
hunt,2000,h1,p1_h1_head_ln_lr1e-05_l21e+00_ep2000_ss321,stageB_best,head_ln,full,1e-05,0.0001,1.0,0.01,huber,1.0,0.44907717528878555,44.77734375,23.534660041332245,43.84014892578125,24,17,0.09859181195497513,2026,321,drop0,30,4,8,test,0,/Users/nyx.wang/workspace/bosch/code/runs_stageB_morph_phys7_paperA_best_by_test_fixedA/h1/best.pth
hunt,2000,h1,p1_h1_head_ln_lr1e-04_l21e+01_ep2000_ss322,stageB_best,head_ln,full,0.0001,0.0001,10.0,0.01,huber,1.0,-0.7091599702791334,48.28792190551758,22.17632085084915,21.48767852783203,24,924,0.14540709555149078,2026,322,drop0,30,4,8,test,0,/Users/nyx.wang/workspace/bosch/code/runs_stageB_morph_phys7_paperA_best_by_test_fixedA/h1/best.pth
hunt,2000,h1,p1_h1_head_ln_lr3e-05_l21e+00_ep2000_ss322,stageB_best,head_ln,full,3e-05,0.0001,1.0,0.01,huber,1.0,-0.7681390715102256,48.74734115600586,22.3610058426857,22.669639587402344,24,1841,0.1480315923690796,2026,322,drop0,30,4,8,test,0,/Users/nyx.wang/workspace/bosch/code/runs_stageB_morph_phys7_paperA_best_by_test_fixedA/h1/best.pth
hunt,2000,h1,p1_h1_head_ln_lr1e-05_l21e+00_ep2000_ss322,stageB_best,head_ln,full,1e-05,0.0001,1.0,0.01,huber,1.0,-0.8165124454556456,49.23609924316406,22.729818522930145,22.860496520996094,24,1963,0.15472204983234406,2026,322,drop0,30,4,8,test,0,/Users/nyx.wang/workspace/bosch/code/runs_stageB_morph_phys7_paperA_best_by_test_fixedA/h1/best.pth
hunt,2000,h1,p1_h1_head_ln_lr1e-04_l21e+01_ep2000_ss323,stageB_best,head_ln,full,0.0001,0.0001,10.0,0.01,huber,1.0,0.7100904613449557,25.40604591369629,10.750240087509155,24.681350708007812,24,332,0.1485910415649414,2026,323,drop0,30,4,8,test,0,/Users/nyx.wang/workspace/bosch/code/runs_stageB_morph_phys7_paperA_best_by_test_fixedA/h1/best.pth
hunt,2000,h1,p1_h1_head_ln_lr3e-05_l21e+00_ep2000_ss323,stageB_best,head_ln,full,3e-05,0.0001,1.0,0.01,huber,1.0,0.7145461605583493,25.310211181640625,10.769999772310257,23.201759338378906,24,765,0.14902611076831818,2026,323,drop0,30,4,8,test,0,/Users/nyx.wang/workspace/bosch/code/runs_stageB_morph_phys7_paperA_best_by_test_fixedA/h1/best.pth
hunt,2000,h1,p1_h1_head_ln_lr1e-05_l21e+00_ep2000_ss323,stageB_best,head_ln,full,1e-05,0.0001,1.0,0.01,huber,1.0,0.7079793767252474,25.82576560974121,10.89693307876587,23.214385986328125,24,1999,0.15932948887348175,2026,323,drop0,30,4,8,test,0,/Users/nyx.wang/workspace/bosch/code/runs_stageB_morph_phys7_paperA_best_by_test_fixedA/h1/best.pth
hunt,2000,h1,p1_h1_head_ln_lr1e-04_l21e+01_ep2000_ss324,stageB_best,head_ln,full,0.0001,0.0001,10.0,0.01,huber,1.0,0.40628787286307777,30.968887329101562,19.190867245197296,26.230682373046875,24,462,0.07188864797353745,2026,324,drop0,30,4,8,test,0,/Users/nyx.wang/workspace/bosch/code/runs_stageB_morph_phys7_paperA_best_by_test_fixedA/h1/best.pth
hunt,2000,h1,p1_h1_head_ln_lr3e-05_l21e+00_ep2000_ss324,stageB_best,head_ln,full,3e-05,0.0001,1.0,0.01,huber,1.0,0.44074063953530374,29.567031860351562,18.348734080791473,26.83985137939453,24,1698,0.07693656533956528,2026,324,drop0,30,4,8,test,0,/Users/nyx.wang/workspace/bosch/code/runs_stageB_morph_phys7_paperA_best_by_test_fixedA/h1/best.pth
hunt,2000,h1,p1_h1_head_ln_lr1e-05_l21e+00_ep2000_ss324,stageB_best,head_ln,full,1e-05,0.0001,1.0,0.01,huber,1.0,0.3952051027641752,30.582304000854492,19.09843683242798,24.751815795898438,24,1993,0.10373333841562271,2026,324,drop0,30,4,8,test,0,/Users/nyx.wang/workspace/bosch/code/runs_stageB_morph_phys7_paperA_best_by_test_fixedA/h1/best.pth
hunt,2000,h1,p1_h1_head_ln_lr1e-04_l21e+01_ep2000_ss325,stageB_best,head_ln,full,0.0001,0.0001,10.0,0.01,huber,1.0,0.8393502227691032,24.408594131469727,9.353267401456833,21.925857543945312,24,1713,0.5329528450965881,2026,325,drop0,30,4,8,test,0,/Users/nyx.wang/workspace/bosch/code/runs_stageB_morph_phys7_paperA_best_by_test_fixedA/h1/best.pth
hunt,2000,h1,p1_h1_head_ln_lr3e-05_l21e+00_ep2000_ss325,stageB_best,head_ln,full,3e-05,0.0001,1.0,0.01,huber,1.0,0.598135504757337,34.798397064208984,12.11840733885765,25.444114685058594,24,23,0.5464062094688416,2026,325,drop0,30,4,8,test,0,/Users/nyx.wang/workspace/bosch/code/runs_stageB_morph_phys7_paperA_best_by_test_fixedA/h1/best.pth
hunt,2000,h1,p1_h1_head_ln_lr1e-05_l21e+00_ep2000_ss325,stageB_best,head_ln,full,1e-05,0.0001,1.0,0.01,huber,1.0,0.5850283009781536,35.22398376464844,12.1880441904068,24.293487548828125,24,62,0.5491580963134766,2026,325,drop0,30,4,8,test,0,/Users/nyx.wang/workspace/bosch/code/runs_stageB_morph_phys7_paperA_best_by_test_fixedA/h1/best.pth
hunt,2000,h1,p1_h1_head_ln_lr1e-04_l21e+01_ep2000_ss326,stageB_best,head_ln,full,0.0001,0.0001,10.0,0.01,huber,1.0,-0.9397106872807037,34.8109245300293,16.663482785224915,16.08782196044922,24,654,0.1738220453262329,2026,326,drop0,30,4,8,test,0,/Users/nyx.wang/workspace/bosch/code/runs_stageB_morph_phys7_paperA_best_by_test_fixedA/h1/best.pth
hunt,2000,h1,p1_h1_head_ln_lr3e-05_l21e+00_ep2000_ss326,stageB_best,head_ln,full,3e-05,0.0001,1.0,0.01,huber,1.0,-1.172186210348995,36.361812591552734,17.417049407958984,20.00739288330078,24,625,0.19823844730854034,2026,326,drop0,30,4,8,test,0,/Users/nyx.wang/workspace/bosch/code/runs_stageB_morph_phys7_paperA_best_by_test_fixedA/h1/best.pth
hunt,2000,h1,p1_h1_head_ln_lr1e-05_l21e+00_ep2000_ss326,stageB_best,head_ln,full,1e-05,0.0001,1.0,0.01,huber,1.0,-1.4685768738876557,40.09854507446289,18.97783875465393,22.378692626953125,24,592,0.20497749745845795,2026,326,drop0,30,4,8,test,0,/Users/nyx.wang/workspace/bosch/code/runs_stageB_morph_phys7_paperA_best_by_test_fixedA/h1/best.pth
hunt,2000,h1,p1_h1_head_ln_lr1e-04_l21e+01_ep2000_ss327,stageB_best,head_ln,full,0.0001,0.0001,10.0,0.01,huber,1.0,0.6964116824307847,20.25281524658203,8.293265104293823,19.42047119140625,24,4,0.9400201439857483,2026,327,drop0,30,4,8,test,0,/Users/nyx.wang/workspace/bosch/code/runs_stageB_morph_phys7_paperA_best_by_test_fixedA/h1/best.pth
hunt,2000,h1,p1_h1_head_ln_lr3e-05_l21e+00_ep2000_ss327,stageB_best,head_ln,full,3e-05,0.0001,1.0,0.01,huber,1.0,0.692208068118831,20.257404327392578,8.280671387910843,19.51134490966797,24,21,0.9514386057853699,2026,327,drop0,30,4,8,test,0,/Users/nyx.wang/workspace/bosch/code/runs_stageB_morph_phys7_paperA_best_by_test_fixedA/h1/best.pth
hunt,2000,h1,p1_h1_head_ln_lr1e-05_l21e+00_ep2000_ss327,stageB_best,head_ln,full,1e-05,0.0001,1.0,0.01,huber,1.0,0.6886746737316496,20.341882705688477,8.305235207080841,19.408592224121094,24,58,0.9549989700317383,2026,327,drop0,30,4,8,test,0,/Users/nyx.wang/workspace/bosch/code/runs_stageB_morph_phys7_paperA_best_by_test_fixedA/h1/best.pth
hunt,2000,h1,p1_h1_head_ln_lr1e-04_l21e+01_ep2000_ss328,stageB_best,head_ln,full,0.0001,0.0001,10.0,0.01,huber,1.0,0.6249307008664802,23.244462966918945,10.952303558588028,23.725608825683594,24,3,0.3346802294254303,2026,328,drop0,30,4,8,test,0,/Users/nyx.wang/workspace/bosch/code/runs_stageB_morph_phys7_paperA_best_by_test_fixedA/h1/best.pth
hunt,2000,h1,p1_h1_head_ln_lr3e-05_l21e+00_ep2000_ss328,stageB_best,head_ln,full,3e-05,0.0001,1.0,0.01,huber,1.0,0.612555092949691,23.723356246948242,11.231748014688492,23.571815490722656,24,14,0.3337204158306122,2026,328,drop0,30,4,8,test,0,/Users/nyx.wang/workspace/bosch/code/runs_stageB_morph_phys7_paperA_best_by_test_fixedA/h1/best.pth
hunt,2000,h1,p1_h1_head_ln_lr1e-05_l21e+00_ep2000_ss328,stageB_best,head_ln,full,1e-05,0.0001,1.0,0.01,huber,1.0,0.6212404735165552,23.309356689453125,10.98271831870079,23.57630157470703,24,34,0.3337724208831787,2026,328,drop0,30,4,8,test,0,/Users/nyx.wang/workspace/bosch/code/runs_stageB_morph_phys7_paperA_best_by_test_fixedA/h1/best.pth
hunt,2000,h1,p1_h1_head_ln_lr1e-04_l21e+01_ep2000_ss329,stageB_best,head_ln,full,0.0001,0.0001,10.0,0.01,huber,1.0,-0.32836902047835226,36.210269927978516,18.022513389587402,21.514923095703125,24,1431,0.26935461163520813,2026,329,drop0,30,4,8,test,0,/Users/nyx.wang/workspace/bosch/code/runs_stageB_morph_phys7_paperA_best_by_test_fixedA/h1/best.pth
hunt,2000,h1,p1_h1_head_ln_lr3e-05_l21e+00_ep2000_ss329,stageB_best,head_ln,full,3e-05,0.0001,1.0,0.01,huber,1.0,-0.3802487887807795,36.26436233520508,18.15640479326248,22.149864196777344,24,1904,0.2972317934036255,2026,329,drop0,30,4,8,test,0,/Users/nyx.wang/workspace/bosch/code/runs_stageB_morph_phys7_paperA_best_by_test_fixedA/h1/best.pth
hunt,2000,h1,p1_h1_head_ln_lr1e-05_l21e+00_ep2000_ss329,stageB_best,head_ln,full,1e-05,0.0001,1.0,0.01,huber,1.0,-0.39572409550808874,35.280826568603516,17.82156229019165,17.877655029296875,24,1895,0.3451325595378876,2026,329,drop0,30,4,8,test,0,/Users/nyx.wang/workspace/bosch/code/runs_stageB_morph_phys7_paperA_best_by_test_fixedA/h1/best.pth
hunt,2000,h1,p1_h1_head_ln_lr1e-04_l21e+01_ep2000_ss330,stageB_best,head_ln,full,0.0001,0.0001,10.0,0.01,huber,1.0,0.6333471244835847,35.05139923095703,21.068663895130157,28.349273681640625,24,1676,0.29062655568122864,2026,330,drop0,30,4,8,test,0,/Users/nyx.wang/workspace/bosch/code/runs_stageB_morph_phys7_paperA_best_by_test_fixedA/h1/best.pth
hunt,2000,h1,p1_h1_head_ln_lr3e-05_l21e+00_ep2000_ss330,stageB_best,head_ln,full,3e-05,0.0001,1.0,0.01,huber,1.0,0.5639196547568246,39.44761657714844,20.883233845233917,33.09736633300781,24,1,0.29860004782676697,2026,330,drop0,30,4,8,test,0,/Users/nyx.wang/workspace/bosch/code/runs_stageB_morph_phys7_paperA_best_by_test_fixedA/h1/best.pth
hunt,2000,h1,p1_h1_head_ln_lr1e-05_l21e+00_ep2000_ss330,stageB_best,head_ln,full,1e-05,0.0001,1.0,0.01,huber,1.0,0.5603510406593036,39.68381881713867,21.088750660419464,33.85111999511719,24,6,0.2986789643764496,2026,330,drop0,30,4,8,test,0,/Users/nyx.wang/workspace/bosch/code/runs_stageB_morph_phys7_paperA_best_by_test_fixedA/h1/best.pth
hunt,2000,h1,p1_h1_head_ln_lr1e-04_l21e+01_ep2000_ss331,stageB_best,head_ln,full,0.0001,0.0001,10.0,0.01,huber,1.0,0.6095634427823746,24.09248924255371,9.497597813606262,20.33014678955078,24,1143,0.28069621324539185,2026,331,drop0,30,4,8,test,0,/Users/nyx.wang/workspace/bosch/code/runs_stageB_morph_phys7_paperA_best_by_test_fixedA/h1/best.pth
hunt,2000,h1,p1_h1_head_ln_lr3e-05_l21e+00_ep2000_ss331,stageB_best,head_ln,full,3e-05,0.0001,1.0,0.01,huber,1.0,0.5608077714362878,24.843170166015625,9.763602167367935,19.95233154296875,24,1997,0.29805323481559753,2026,331,drop0,30,4,8,test,0,/Users/nyx.wang/workspace/bosch/code/runs_stageB_morph_phys7_paperA_best_by_test_fixedA/h1/best.pth
hunt,2000,h1,p1_h1_head_ln_lr1e-05_l21e+00_ep2000_ss331,stageB_best,head_ln,full,1e-05,0.0001,1.0,0.01,huber,1.0,0.6707127374060257,21.730009078979492,8.189932256937027,17.301254272460938,24,36,0.3073579967021942,2026,331,drop0,30,4,8,test,0,/Users/nyx.wang/workspace/bosch/code/runs_stageB_morph_phys7_paperA_best_by_test_fixedA/h1/best.pth
hunt,2000,h1,p1_h1_head_ln_lr1e-04_l21e+01_ep2000_ss332,stageB_best,head_ln,full,0.0001,0.0001,10.0,0.01,huber,1.0,0.6749251559808892,18.626556396484375,7.694316655397415,14.581718444824219,24,194,0.14084063470363617,2026,332,drop0,30,4,8,test,0,/Users/nyx.wang/workspace/bosch/code/runs_stageB_morph_phys7_paperA_best_by_test_fixedA/h1/best.pth
hunt,2000,h1,p1_h1_head_ln_lr3e-05_l21e+00_ep2000_ss332,stageB_best,head_ln,full,3e-05,0.0001,1.0,0.01,huber,1.0,0.676018223330584,18.464170455932617,7.684296369552612,14.733612060546875,24,603,0.14607077836990356,2026,332,drop0,30,4,8,test,0,/Users/nyx.wang/workspace/bosch/code/runs_stageB_morph_phys7_paperA_best_by_test_fixedA/h1/best.pth
hunt,2000,h1,p1_h1_head_ln_lr1e-05_l21e+00_ep2000_ss332,stageB_best,head_ln,full,1e-05,0.0001,1.0,0.01,huber,1.0,0.6694835806200381,18.661813735961914,7.787226885557175,12.540199279785156,24,1983,0.1554051786661148,2026,332,drop0,30,4,8,test,0,/Users/nyx.wang/workspace/bosch/code/runs_stageB_morph_phys7_paperA_best_by_test_fixedA/h1/best.pth
hunt,2000,h1,p1_h1_head_ln_lr1e-04_l21e+01_ep2000_ss333,stageB_best,head_ln,full,0.0001,0.0001,10.0,0.01,huber,1.0,0.653903042979789,24.591026306152344,11.010024696588516,22.093765258789062,24,1282,0.3253137767314911,2026,333,drop0,30,4,8,test,0,/Users/nyx.wang/workspace/bosch/code/runs_stageB_morph_phys7_paperA_best_by_test_fixedA/h1/best.pth
hunt,2000,h1,p1_h1_head_ln_lr3e-05_l21e+00_ep2000_ss333,stageB_best,head_ln,full,3e-05,0.0001,1.0,0.01,huber,1.0,0.6033440882174927,26.125213623046875,11.529222875833511,27.343978881835938,24,1311,0.3425278663635254,2026,333,drop0,30,4,8,test,0,/Users/nyx.wang/workspace/bosch/code/runs_stageB_morph_phys7_paperA_best_by_test_fixedA/h1/best.pth
hunt,2000,h1,p1_h1_head_ln_lr1e-05_l21e+00_ep2000_ss333,stageB_best,head_ln,full,1e-05,0.0001,1.0,0.01,huber,1.0,0.5501175698547387,27.58872413635254,11.956161260604858,30.89788055419922,24,1943,0.368203729391098,2026,333,drop0,30,4,8,test,0,/Users/nyx.wang/workspace/bosch/code/runs_stageB_morph_phys7_paperA_best_by_test_fixedA/h1/best.pth
hunt,2000,h1,p1_h1_head_ln_lr1e-04_l21e+01_ep2000_ss334,stageB_best,head_ln,full,0.0001,0.0001,10.0,0.01,huber,1.0,-0.8566952580693488,32.543392181396484,18.20729523897171,18.19988250732422,24,329,0.16913743317127228,2026,334,drop0,30,4,8,test,0,/Users/nyx.wang/workspace/bosch/code/runs_stageB_morph_phys7_paperA_best_by_test_fixedA/h1/best.pth
hunt,2000,h1,p1_h1_head_ln_lr3e-05_l21e+00_ep2000_ss334,stageB_best,head_ln,full,3e-05,0.0001,1.0,0.01,huber,1.0,-1.0099898039522093,34.54439926147461,19.38660591840744,19.99170684814453,24,708,0.17489920556545258,2026,334,drop0,30,4,8,test,0,/Users/nyx.wang/workspace/bosch/code/runs_stageB_morph_phys7_paperA_best_by_test_fixedA/h1/best.pth
hunt,2000,h1,p1_h1_head_ln_lr1e-05_l21e+00_ep2000_ss334,stageB_best,head_ln,full,1e-05,0.0001,1.0,0.01,huber,1.0,-1.118341963781564,35.33273696899414,19.98550146818161,17.107398986816406,24,2000,0.18769383430480957,2026,334,drop0,30,4,8,test,0,/Users/nyx.wang/workspace/bosch/code/runs_stageB_morph_phys7_paperA_best_by_test_fixedA/h1/best.pth
hunt,2000,h1,p1_h1_head_ln_lr1e-04_l21e+01_ep2000_ss335,stageB_best,head_ln,full,0.0001,0.0001,10.0,0.01,huber,1.0,0.1700698296940284,44.35198974609375,27.962765097618103,32.82890319824219,24,599,0.21687622368335724,2026,335,drop0,30,4,8,test,0,/Users/nyx.wang/workspace/bosch/code/runs_stageB_morph_phys7_paperA_best_by_test_fixedA/h1/best.pth
hunt,2000,h1,p1_h1_head_ln_lr3e-05_l21e+00_ep2000_ss335,stageB_best,head_ln,full,3e-05,0.0001,1.0,0.01,huber,1.0,0.11561610925094701,46.19073486328125,29.0386825799942,34.08765411376953,24,1999,0.24268686771392822,2026,335,drop0,30,4,8,test,0,/Users/nyx.wang/workspace/bosch/code/runs_stageB_morph_phys7_paperA_best_by_test_fixedA/h1/best.pth
hunt,2000,h1,p1_h1_head_ln_lr1e-05_l21e+00_ep2000_ss335,stageB_best,head_ln,full,1e-05,0.0001,1.0,0.01,huber,1.0,0.19247345218674317,42.869842529296875,26.742994785308838,29.60442352294922,24,1999,0.31685736775398254,2026,335,drop0,30,4,8,test,0,/Users/nyx.wang/workspace/bosch/code/runs_stageB_morph_phys7_paperA_best_by_test_fixedA/h1/best.pth
hunt,2000,h1,p1_h1_head_ln_lr1e-04_l21e+01_ep2000_ss336,stageB_best,head_ln,full,0.0001,0.0001,10.0,0.01,huber,1.0,-0.27461944510634906,24.357858657836914,8.779080957174301,15.79095458984375,24,1068,0.1555165797472,2026,336,drop0,30,4,8,test,0,/Users/nyx.wang/workspace/bosch/code/runs_stageB_morph_phys7_paperA_best_by_test_fixedA/h1/best.pth
hunt,2000,h1,p1_h1_head_ln_lr3e-05_l21e+00_ep2000_ss336,stageB_best,head_ln,full,3e-05,0.0001,1.0,0.01,huber,1.0,-0.3108716825876958,24.649213790893555,8.898010104894638,14.595504760742188,24,1854,0.17580924928188324,2026,336,drop0,30,4,8,test,0,/Users/nyx.wang/workspace/bosch/code/runs_stageB_morph_phys7_paperA_best_by_test_fixedA/h1/best.pth
hunt,2000,h1,p1_h1_head_ln_lr1e-05_l21e+00_ep2000_ss336,stageB_best,head_ln,full,1e-05,0.0001,1.0,0.01,huber,1.0,-0.32325314496535906,24.79673957824707,9.013843536376953,12.728179931640625,24,2000,0.24710750579833984,2026,336,drop0,30,4,8,test,0,/Users/nyx.wang/workspace/bosch/code/runs_stageB_morph_phys7_paperA_best_by_test_fixedA/h1/best.pth
hunt,2000,h1,p1_h1_head_ln_lr1e-04_l21e+01_ep2000_ss337,stageB_best,head_ln,full,0.0001,0.0001,10.0,0.01,huber,1.0,0.6007779245830811,27.963685989379883,12.707935273647308,27.667152404785156,24,11,0.23123405873775482,2026,337,drop0,30,4,8,test,0,/Users/nyx.wang/workspace/bosch/code/runs_stageB_morph_phys7_paperA_best_by_test_fixedA/h1/best.pth
hunt,2000,h1,p1_h1_head_ln_lr3e-05_l21e+00_ep2000_ss337,stageB_best,head_ln,full,3e-05,0.0001,1.0,0.01,huber,1.0,0.6132852443447152,27.15781593322754,12.185194343328476,25.377586364746094,24,65,0.23822474479675293,2026,337,drop0,30,4,8,test,0,/Users/nyx.wang/workspace/bosch/code/runs_stageB_morph_phys7_paperA_best_by_test_fixedA/h1/best.pth
hunt,2000,h1,p1_h1_head_ln_lr1e-05_l21e+00_ep2000_ss337,stageB_best,head_ln,full,1e-05,0.0001,1.0,0.01,huber,1.0,0.603994560002362,27.591028213500977,12.359938770532608,26.234901428222656,24,120,0.23836523294448853,2026,337,drop0,30,4,8,test,0,/Users/nyx.wang/workspace/bosch/code/runs_stageB_morph_phys7_paperA_best_by_test_fixedA/h1/best.pth
hunt,2000,h1,p1_h1_head_ln_lr1e-04_l21e+01_ep2000_ss338,stageB_best,head_ln,full,0.0001,0.0001,10.0,0.01,huber,1.0,0.4306334610510326,49.148162841796875,19.088394939899445,36.19959259033203,24,1,0.41977760195732117,2026,338,drop0,30,4,8,test,0,/Users/nyx.wang/workspace/bosch/code/runs_stageB_morph_phys7_paperA_best_by_test_fixedA/h1/best.pth
hunt,2000,h1,p1_h1_head_ln_lr3e-05_l21e+00_ep2000_ss338,stageB_best,head_ln,full,3e-05,0.0001,1.0,0.01,huber,1.0,0.42553989802730363,49.553741455078125,19.209128618240356,37.14396667480469,24,5,0.41990771889686584,2026,338,drop0,30,4,8,test,0,/Users/nyx.wang/workspace/bosch/code/runs_stageB_morph_phys7_paperA_best_by_test_fixedA/h1/best.pth
hunt,2000,h1,p1_h1_head_ln_lr1e-05_l21e+00_ep2000_ss338,stageB_best,head_ln,full,1e-05,0.0001,1.0,0.01,huber,1.0,0.4265230869236194,49.473541259765625,19.17584538459778,37.023590087890625,24,14,0.4201323986053467,2026,338,drop0,30,4,8,test,0,/Users/nyx.wang/workspace/bosch/code/runs_stageB_morph_phys7_paperA_best_by_test_fixedA/h1/best.pth
hunt,2000,h1,p1_h1_head_ln_lr1e-04_l21e+01_ep2000_ss339,stageB_best,head_ln,full,0.0001,0.0001,10.0,0.01,huber,1.0,-0.0217275591942101,31.71272087097168,12.376343458890915,21.25702667236328,24,84,0.14474879205226898,2026,339,drop0,30,4,8,test,0,/Users/nyx.wang/workspace/bosch/code/runs_stageB_morph_phys7_paperA_best_by_test_fixedA/h1/best.pth
hunt,2000,h1,p1_h1_head_ln_lr3e-05_l21e+00_ep2000_ss339,stageB_best,head_ln,full,3e-05,0.0001,1.0,0.01,huber,1.0,0.051928558043201845,30.417749404907227,11.843705177307129,19.86066436767578,24,319,0.1438257247209549,2026,339,drop0,30,4,8,test,0,/Users/nyx.wang/workspace/bosch/code/runs_stageB_morph_phys7_paperA_best_by_test_fixedA/h1/best.pth
hunt,2000,h1,p1_h1_head_ln_lr1e-05_l21e+00_ep2000_ss339,stageB_best,head_ln,full,1e-05,0.0001,1.0,0.01,huber,1.0,0.08360824968701264,29.64308738708496,11.529340595006943,18.877288818359375,24,1158,0.14490459859371185,2026,339,drop0,30,4,8,test,0,/Users/nyx.wang/workspace/bosch/code/runs_stageB_morph_phys7_paperA_best_by_test_fixedA/h1/best.pth
hunt,2000,h1,p1_h1_head_ln_lr1e-04_l21e+01_ep2000_ss340,stageB_best,head_ln,full,0.0001,0.0001,10.0,0.01,huber,1.0,0.3456036750549626,37.5492057800293,21.371792256832123,36.65613555908203,24,8,0.20877774059772491,2026,340,drop0,30,4,8,test,0,/Users/nyx.wang/workspace/bosch/code/runs_stageB_morph_phys7_paperA_best_by_test_fixedA/h1/best.pth
hunt,2000,h1,p1_h1_head_ln_lr3e-05_l21e+00_ep2000_ss340,stageB_best,head_ln,full,3e-05,0.0001,1.0,0.01,huber,1.0,0.363573812137044,36.91520309448242,20.772747695446014,39.452659606933594,24,20,0.20997828245162964,2026,340,drop0,30,4,8,test,0,/Users/nyx.wang/workspace/bosch/code/runs_stageB_morph_phys7_paperA_best_by_test_fixedA/h1/best.pth
hunt,2000,h1,p1_h1_head_ln_lr1e-05_l21e+00_ep2000_ss340,stageB_best,head_ln,full,1e-05,0.0001,1.0,0.01,huber,1.0,0.35744304389546844,37.09768295288086,20.98185271024704,38.345428466796875,24,62,0.20926445722579956,2026,340,drop0,30,4,8,test,0,/Users/nyx.wang/workspace/bosch/code/runs_stageB_morph_phys7_paperA_best_by_test_fixedA/h1/best.pth
hunt,2000,h1,p1_h1_head_ln_lr1e-04_l21e+01_ep2000_ss341,stageB_best,head_ln,full,0.0001,0.0001,10.0,0.01,huber,1.0,0.7156811229419486,17.8692684173584,7.473456114530563,14.421005249023438,24,1401,0.5186716318130493,2026,341,drop0,30,4,8,test,0,/Users/nyx.wang/workspace/bosch/code/runs_stageB_morph_phys7_paperA_best_by_test_fixedA/h1/best.pth
hunt,2000,h1,p1_h1_head_ln_lr3e-05_l21e+00_ep2000_ss341,stageB_best,head_ln,full,3e-05,0.0001,1.0,0.01,huber,1.0,0.7083196403629917,18.266311645507812,7.604977488517761,13.242568969726562,24,1438,0.5496448874473572,2026,341,drop0,30,4,8,test,0,/Users/nyx.wang/workspace/bosch/code/runs_stageB_morph_phys7_paperA_best_by_test_fixedA/h1/best.pth
hunt,2000,h1,p1_h1_head_ln_lr1e-05_l21e+00_ep2000_ss341,stageB_best,head_ln,full,1e-05,0.0001,1.0,0.01,huber,1.0,0.6872411361672321,18.51531410217285,7.6087601482868195,14.628860473632812,24,1997,0.6302397847175598,2026,341,drop0,30,4,8,test,0,/Users/nyx.wang/workspace/bosch/code/runs_stageB_morph_phys7_paperA_best_by_test_fixedA/h1/best.pth
hunt,2000,h1,p1_h1_head_ln_lr1e-04_l21e+01_ep2000_ss342,stageB_best,head_ln,full,0.0001,0.0001,10.0,0.01,huber,1.0,-0.20351010761301835,29.678321838378906,11.300147324800491,18.304649353027344,24,1107,0.11253108829259872,2026,342,drop0,30,4,8,test,0,/Users/nyx.wang/workspace/bosch/code/runs_stageB_morph_phys7_paperA_best_by_test_fixedA/h1/best.pth
hunt,2000,h1,p1_h1_head_ln_lr3e-05_l21e+00_ep2000_ss342,stageB_best,head_ln,full,3e-05,0.0001,1.0,0.01,huber,1.0,-0.2805235094418437,31.5596866607666,12.140480428934097,20.399131774902344,24,1802,0.13916726410388947,2026,342,drop0,30,4,8,test,0,/Users/nyx.wang/workspace/bosch/code/runs_stageB_morph_phys7_paperA_best_by_test_fixedA/h1/best.pth
hunt,2000,h1,p1_h1_head_ln_lr1e-05_l21e+00_ep2000_ss342,stageB_best,head_ln,full,1e-05,0.0001,1.0,0.01,huber,1.0,-0.3005898769776436,34.14361572265625,13.310004770755768,23.31647491455078,24,1998,0.19396837055683136,2026,342,drop0,30,4,8,test,0,/Users/nyx.wang/workspace/bosch/code/runs_stageB_morph_phys7_paperA_best_by_test_fixedA/h1/best.pth
hunt,2000,h1,p1_h1_head_ln_lr1e-04_l21e+01_ep2000_ss343,stageB_best,head_ln,full,0.0001,0.0001,10.0,0.01,huber,1.0,0.3519333045600608,24.516332626342773,13.322024047374725,21.967262268066406,24,21,0.314198762178421,2026,343,drop0,30,4,8,test,0,/Users/nyx.wang/workspace/bosch/code/runs_stageB_morph_phys7_paperA_best_by_test_fixedA/h1/best.pth
hunt,2000,h1,p1_h1_head_ln_lr3e-05_l21e+00_ep2000_ss343,stageB_best,head_ln,full,3e-05,0.0001,1.0,0.01,huber,1.0,0.37772990039329557,23.957796096801758,13.007397949695587,21.086402893066406,24,36,0.31761327385902405,2026,343,drop0,30,4,8,test,0,/Users/nyx.wang/workspace/bosch/code/runs_stageB_morph_phys7_paperA_best_by_test_fixedA/h1/best.pth
hunt,2000,h1,p1_h1_head_ln_lr1e-05_l21e+00_ep2000_ss343,stageB_best,head_ln,full,1e-05,0.0001,1.0,0.01,huber,1.0,0.39621343871639103,23.616628646850586,12.75770515203476,19.28546142578125,24,192,0.3246976137161255,2026,343,drop0,30,4,8,test,0,/Users/nyx.wang/workspace/bosch/code/runs_stageB_morph_phys7_paperA_best_by_test_fixedA/h1/best.pth
hunt,2000,h1,p1_h1_head_ln_lr1e-04_l21e+01_ep2000_ss344,stageB_best,head_ln,full,0.0001,0.0001,10.0,0.01,huber,1.0,-1.51553723652014,43.46445846557617,23.02391082048416,27.501434326171875,24,8,0.0748852863907814,2026,344,drop0,30,4,8,test,0,/Users/nyx.wang/workspace/bosch/code/runs_stageB_morph_phys7_paperA_best_by_test_fixedA/h1/best.pth
hunt,2000,h1,p1_h1_head_ln_lr3e-05_l21e+00_ep2000_ss344,stageB_best,head_ln,full,3e-05,0.0001,1.0,0.01,huber,1.0,-1.3598392126666234,42.20613479614258,22.24240154027939,28.847763061523438,24,27,0.08950681239366531,2026,344,drop0,30,4,8,test,0,/Users/nyx.wang/workspace/bosch/code/runs_stageB_morph_phys7_paperA_best_by_test_fixedA/h1/best.pth
hunt,2000,h1,p1_h1_head_ln_lr1e-05_l21e+00_ep2000_ss344,stageB_best,head_ln,full,1e-05,0.0001,1.0,0.01,huber,1.0,-1.4146120939897426,42.533504486083984,22.46289998292923,28.598892211914062,24,118,0.08603493124246597,2026,344,drop0,30,4,8,test,0,/Users/nyx.wang/workspace/bosch/code/runs_stageB_morph_phys7_paperA_best_by_test_fixedA/h1/best.pth
hunt,2000,h1,p1_h1_head_ln_lr1e-04_l21e+01_ep2000_ss345,stageB_best,head_ln,full,0.0001,0.0001,10.0,0.01,huber,1.0,-1.552045470489415,35.78402328491211,19.362948834896088,21.400833129882812,24,85,0.08032146096229553,2026,345,drop0,30,4,8,test,0,/Users/nyx.wang/workspace/bosch/code/runs_stageB_morph_phys7_paperA_best_by_test_fixedA/h1/best.pth
hunt,2000,h1,p1_h1_head_ln_lr3e-05_l21e+00_ep2000_ss345,stageB_best,head_ln,full,3e-05,0.0001,1.0,0.01,huber,1.0,-1.560705475025173,36.96665573120117,19.962334632873535,22.302536010742188,24,141,0.078602634370327,2026,345,drop0,30,4,8,test,0,/Users/nyx.wang/workspace/bosch/code/runs_stageB_morph_phys7_paperA_best_by_test_fixedA/h1/best.pth
hunt,2000,h1,p1_h1_head_ln_lr1e-05_l21e+00_ep2000_ss345,stageB_best,head_ln,full,1e-05,0.0001,1.0,0.01,huber,1.0,-1.5757473657527026,36.21402359008789,19.620032608509064,21.14110565185547,24,721,0.08001748472452164,2026,345,drop0,30,4,8,test,0,/Users/nyx.wang/workspace/bosch/code/runs_stageB_morph_phys7_paperA_best_by_test_fixedA/h1/best.pth
hunt,2000,h1,p1_h1_head_ln_lr1e-04_l21e+01_ep2000_ss346,stageB_best,head_ln,full,0.0001,0.0001,10.0,0.01,huber,1.0,0.5616371623783563,20.390840530395508,9.123176336288452,15.786422729492188,24,753,0.09488499909639359,2026,346,drop0,30,4,8,test,0,/Users/nyx.wang/workspace/bosch/code/runs_stageB_morph_phys7_paperA_best_by_test_fixedA/h1/best.pth
hunt,2000,h1,p1_h1_head_ln_lr3e-05_l21e+00_ep2000_ss346,stageB_best,head_ln,full,3e-05,0.0001,1.0,0.01,huber,1.0,0.4089449247685166,23.52762794494629,10.585268586874008,21.705886840820312,24,1457,0.11265421658754349,2026,346,drop0,30,4,8,test,0,/Users/nyx.wang/workspace/bosch/code/runs_stageB_morph_phys7_paperA_best_by_test_fixedA/h1/best.pth
hunt,2000,h1,p1_h1_head_ln_lr1e-05_l21e+00_ep2000_ss346,stageB_best,head_ln,full,1e-05,0.0001,1.0,0.01,huber,1.0,0.2876590554349565,25.126028060913086,11.109185963869095,17.341842651367188,24,1719,0.13210541009902954,2026,346,drop0,30,4,8,test,0,/Users/nyx.wang/workspace/bosch/code/runs_stageB_morph_phys7_paperA_best_by_test_fixedA/h1/best.pth
hunt,2000,h1,p1_h1_head_ln_lr1e-04_l21e+01_ep2000_ss347,stageB_best,head_ln,full,0.0001,0.0001,10.0,0.01,huber,1.0,0.37094156282340196,29.823720932006836,14.199681580066681,14.448265075683594,24,506,0.05718757212162018,2026,347,drop0,30,4,8,test,0,/Users/nyx.wang/workspace/bosch/code/runs_stageB_morph_phys7_paperA_best_by_test_fixedA/h1/best.pth
hunt,2000,h1,p1_h1_head_ln_lr3e-05_l21e+00_ep2000_ss347,stageB_best,head_ln,full,3e-05,0.0001,1.0,0.01,huber,1.0,0.3532791578559479,29.795021057128906,14.176426827907562,12.30181884765625,24,1687,0.05816548690199852,2026,347,drop0,30,4,8,test,0,/Users/nyx.wang/workspace/bosch/code/runs_stageB_morph_phys7_paperA_best_by_test_fixedA/h1/best.pth
hunt,2000,h1,p1_h1_head_ln_lr1e-05_l21e+00_ep2000_ss347,stageB_best,head_ln,full,1e-05,0.0001,1.0,0.01,huber,1.0,0.34149929017640457,30.0971736907959,14.121957123279572,17.45397186279297,24,1975,0.06301989406347275,2026,347,drop0,30,4,8,test,0,/Users/nyx.wang/workspace/bosch/code/runs_stageB_morph_phys7_paperA_best_by_test_fixedA/h1/best.pth
hunt,2000,h1,p1_h1_head_ln_lr1e-04_l21e+01_ep2000_ss348,stageB_best,head_ln,full,0.0001,0.0001,10.0,0.01,huber,1.0,0.47551945444151333,24.18475341796875,10.075148195028305,21.01818084716797,24,627,0.09431570768356323,2026,348,drop0,30,4,8,test,0,/Users/nyx.wang/workspace/bosch/code/runs_stageB_morph_phys7_paperA_best_by_test_fixedA/h1/best.pth
hunt,2000,h1,p1_h1_head_ln_lr3e-05_l21e+00_ep2000_ss348,stageB_best,head_ln,full,3e-05,0.0001,1.0,0.01,huber,1.0,-0.7671974694002472,40.976219177246094,17.51076430082321,35.05615234375,24,2,0.09599673002958298,2026,348,drop0,30,4,8,test,0,/Users/nyx.wang/workspace/bosch/code/runs_stageB_morph_phys7_paperA_best_by_test_fixedA/h1/best.pth
hunt,2000,h1,p1_h1_head_ln_lr1e-05_l21e+00_ep2000_ss348,stageB_best,head_ln,full,1e-05,0.0001,1.0,0.01,huber,1.0,-0.7726761671198055,41.3023567199707,17.616713047027588,35.18292999267578,24,3,0.09597456455230713,2026,348,drop0,30,4,8,test,0,/Users/nyx.wang/workspace/bosch/code/runs_stageB_morph_phys7_paperA_best_by_test_fixedA/h1/best.pth
hunt,2000,h1,p1_h1_head_ln_lr1e-04_l21e+01_ep2000_ss349,stageB_best,head_ln,full,0.0001,0.0001,10.0,0.01,huber,1.0,-0.7684389071198237,36.64625549316406,17.86878854036331,24.71495819091797,24,151,0.04630887508392334,2026,349,drop0,30,4,8,test,0,/Users/nyx.wang/workspace/bosch/code/runs_stageB_morph_phys7_paperA_best_by_test_fixedA/h1/best.pth
hunt,2000,h1,p1_h1_head_ln_lr3e-05_l21e+00_ep2000_ss349,stageB_best,head_ln,full,3e-05,0.0001,1.0,0.01,huber,1.0,-0.7649005654385366,37.13479995727539,18.114115297794342,24.087448120117188,24,707,0.04808672145009041,2026,349,drop0,30,4,8,test,0,/Users/nyx.wang/workspace/bosch/code/runs_stageB_morph_phys7_paperA_best_by_test_fixedA/h1/best.pth
hunt,2000,h1,p1_h1_head_ln_lr1e-05_l21e+00_ep2000_ss349,stageB_best,head_ln,full,1e-05,0.0001,1.0,0.01,huber,1.0,-0.787490858289515,35.877986907958984,17.6657035946846,20.954116821289062,24,1999,0.050994932651519775,2026,349,drop0,30,4,8,test,0,/Users/nyx.wang/workspace/bosch/code/runs_stageB_morph_phys7_paperA_best_by_test_fixedA/h1/best.pth
hunt,2000,h1,p1_h1_head_ln_lr1e-04_l21e+01_ep2000_ss350,stageB_best,head_ln,full,0.0001,0.0001,10.0,0.01,huber,1.0,0.5453651941581522,39.06845474243164,19.095581769943237,31.14031219482422,24,879,0.11716556549072266,2026,350,drop0,30,4,8,test,0,/Users/nyx.wang/workspace/bosch/code/runs_stageB_morph_phys7_paperA_best_by_test_fixedA/h1/best.pth
hunt,2000,h1,p1_h1_head_ln_lr3e-05_l21e+00_ep2000_ss350,stageB_best,head_ln,full,3e-05,0.0001,1.0,0.01,huber,1.0,0.38959064632053586,47.54225540161133,22.676198184490204,42.75804901123047,24,19,0.13022807240486145,2026,350,drop0,30,4,8,test,0,/Users/nyx.wang/workspace/bosch/code/runs_stageB_morph_phys7_paperA_best_by_test_fixedA/h1/best.pth
hunt,2000,h1,p1_h1_head_ln_lr1e-05_l21e+00_ep2000_ss350,stageB_best,head_ln,full,1e-05,0.0001,1.0,0.01,huber,1.0,0.39290889949390406,47.61854934692383,22.60497361421585,42.841331481933594,24,54,0.1308722347021103,2026,350,drop0,30,4,8,test,0,/Users/nyx.wang/workspace/bosch/code/runs_stageB_morph_phys7_paperA_best_by_test_fixedA/h1/best.pth
hunt,2000,h1,p1_h1_head_ln_lr1e-04_l21e+01_ep2000_ss351,stageB_best,head_ln,full,0.0001,0.0001,10.0,0.01,huber,1.0,0.6545607632833046,23.103689193725586,8.65028128027916,13.808624267578125,24,78,0.2888326346874237,2026,351,drop0,30,4,8,test,0,/Users/nyx.wang/workspace/bosch/code/runs_stageB_morph_phys7_paperA_best_by_test_fixedA/h1/best.pth
hunt,2000,h1,p1_h1_head_ln_lr3e-05_l21e+00_ep2000_ss351,stageB_best,head_ln,full,3e-05,0.0001,1.0,0.01,huber,1.0,0.6319117880764111,23.410011291503906,8.646368235349655,16.30205535888672,24,223,0.28758206963539124,2026,351,drop0,30,4,8,test,0,/Users/nyx.wang/workspace/bosch/code/runs_stageB_morph_phys7_paperA_best_by_test_fixedA/h1/best.pth
hunt,2000,h1,p1_h1_head_ln_lr1e-05_l21e+00_ep2000_ss351,stageB_best,head_ln,full,1e-05,0.0001,1.0,0.01,huber,1.0,0.6381649472983882,23.306440353393555,8.586768060922623,17.104598999023438,24,615,0.2878481447696686,2026,351,drop0,30,4,8,test,0,/Users/nyx.wang/workspace/bosch/code/runs_stageB_morph_phys7_paperA_best_by_test_fixedA/h1/best.pth
hunt,2000,h1,p1_h1_head_ln_lr1e-04_l21e+01_ep2000_ss352,stageB_best,head_ln,full,0.0001,0.0001,10.0,0.01,huber,1.0,0.6826434212058872,39.3609619140625,17.774255573749542,26.991424560546875,24,1450,0.12901434302330017,2026,352,drop0,30,4,8,test,0,/Users/nyx.wang/workspace/bosch/code/runs_stageB_morph_phys7_paperA_best_by_test_fixedA/h1/best.pth
hunt,2000,h1,p1_h1_head_ln_lr3e-05_l21e+00_ep2000_ss352,stageB_best,head_ln,full,3e-05,0.0001,1.0,0.01,huber,1.0,0.6628110471550956,39.20994567871094,17.549072206020355,28.502288818359375,24,1994,0.15650351345539093,2026,352,drop0,30,4,8,test,0,/Users/nyx.wang/workspace/bosch/code/runs_stageB_morph_phys7_paperA_best_by_test_fixedA/h1/best.pth
hunt,2000,h1,p1_h1_head_ln_lr1e-05_l21e+00_ep2000_ss352,stageB_best,head_ln,full,1e-05,0.0001,1.0,0.01,huber,1.0,0.6124600928713109,42.110748291015625,18.421609699726105,31.546112060546875,24,1994,0.24222294986248016,2026,352,drop0,30,4,8,test,0,/Users/nyx.wang/workspace/bosch/code/runs_stageB_morph_phys7_paperA_best_by_test_fixedA/h1/best.pth
hunt,2000,h1,p1_h1_head_ln_lr1e-04_l21e+01_ep2000_ss353,stageB_best,head_ln,full,0.0001,0.0001,10.0,0.01,huber,1.0,0.4982824376602668,44.324588775634766,24.40507858991623,41.90130615234375,24,379,0.5802187323570251,2026,353,drop0,30,4,8,test,0,/Users/nyx.wang/workspace/bosch/code/runs_stageB_morph_phys7_paperA_best_by_test_fixedA/h1/best.pth
hunt,2000,h1,p1_h1_head_ln_lr3e-05_l21e+00_ep2000_ss353,stageB_best,head_ln,full,3e-05,0.0001,1.0,0.01,huber,1.0,0.5047625289750444,44.09124755859375,24.090157449245453,41.864768981933594,24,1449,0.5940526723861694,2026,353,drop0,30,4,8,test,0,/Users/nyx.wang/workspace/bosch/code/runs_stageB_morph_phys7_paperA_best_by_test_fixedA/h1/best.pth
hunt,2000,h1,p1_h1_head_ln_lr1e-05_l21e+00_ep2000_ss353,stageB_best,head_ln,full,1e-05,0.0001,1.0,0.01,huber,1.0,0.47574739660518506,46.294647216796875,25.356969237327576,45.596275329589844,24,1499,0.6178708672523499,2026,353,drop0,30,4,8,test,0,/Users/nyx.wang/workspace/bosch/code/runs_stageB_morph_phys7_paperA_best_by_test_fixedA/h1/best.pth
hunt,2000,h1,p1_h1_head_ln_lr1e-04_l21e+01_ep2000_ss354,stageB_best,head_ln,full,0.0001,0.0001,10.0,0.01,huber,1.0,-0.5353525086816462,37.63167190551758,19.193048775196075,26.809494018554688,24,1363,0.046421438455581665,2026,354,drop0,30,4,8,test,0,/Users/nyx.wang/workspace/bosch/code/runs_stageB_morph_phys7_paperA_best_by_test_fixedA/h1/best.pth
hunt,2000,h1,p1_h1_head_ln_lr3e-05_l21e+00_ep2000_ss354,stageB_best,head_ln,full,3e-05,0.0001,1.0,0.01,huber,1.0,-0.6900502640787665,39.111995697021484,20.204348862171173,28.726821899414062,24,2000,0.059076014906167984,2026,354,drop0,30,4,8,test,0,/Users/nyx.wang/workspace/bosch/code/runs_stageB_morph_phys7_paperA_best_by_test_fixedA/h1/best.pth
hunt,2000,h1,p1_h1_head_ln_lr1e-05_l21e+00_ep2000_ss354,stageB_best,head_ln,full,1e-05,0.0001,1.0,0.01,huber,1.0,-0.8731012813990568,38.9485969543457,20.032823085784912,23.98272705078125,24,2000,0.13779957592487335,2026,354,drop0,30,4,8,test,0,/Users/nyx.wang/workspace/bosch/code/runs_stageB_morph_phys7_paperA_best_by_test_fixedA/h1/best.pth
hunt,2000,h1,p1_h1_head_ln_lr1e-04_l21e+01_ep2000_ss355,stageB_best,head_ln,full,0.0001,0.0001,10.0,0.01,huber,1.0,0.597304546006596,34.059425354003906,17.250408232212067,22.490447998046875,24,2,0.3785265386104584,2026,355,drop0,30,4,8,test,0,/Users/nyx.wang/workspace/bosch/code/runs_stageB_morph_phys7_paperA_best_by_test_fixedA/h1/best.pth
hunt,2000,h1,p1_h1_head_ln_lr3e-05_l21e+00_ep2000_ss355,stageB_best,head_ln,full,3e-05,0.0001,1.0,0.01,huber,1.0,0.5876100356800695,34.974369049072266,17.24334806203842,25.34400177001953,24,5,0.37997469305992126,2026,355,drop0,30,4,8,test,0,/Users/nyx.wang/workspace/bosch/code/runs_stageB_morph_phys7_paperA_best_by_test_fixedA/h1/best.pth
hunt,2000,h1,p1_h1_head_ln_lr1e-05_l21e+00_ep2000_ss355,stageB_best,head_ln,full,1e-05,0.0001,1.0,0.01,huber,1.0,0.5931005806138012,34.5886344909668,17.196090519428253,24.559280395507812,24,22,0.3809049129486084,2026,355,drop0,30,4,8,test,0,/Users/nyx.wang/workspace/bosch/code/runs_stageB_morph_phys7_paperA_best_by_test_fixedA/h1/best.pth
hunt,2000,h1,p1_h1_head_ln_lr1e-04_l21e+01_ep2000_ss356,stageB_best,head_ln,full,0.0001,0.0001,10.0,0.01,huber,1.0,0.30381198948573906,49.444583892822266,18.44657212495804,34.99011993408203,24,1,0.5324037671089172,2026,356,drop0,30,4,8,test,0,/Users/nyx.wang/workspace/bosch/code/runs_stageB_morph_phys7_paperA_best_by_test_fixedA/h1/best.pth
hunt,2000,h1,p1_h1_head_ln_lr3e-05_l21e+00_ep2000_ss356,stageB_best,head_ln,full,3e-05,0.0001,1.0,0.01,huber,1.0,0.2865810772086206,50.81718063354492,18.877841532230377,39.16002655029297,24,1,0.5063218474388123,2026,356,drop0,30,4,8,test,0,/Users/nyx.wang/workspace/bosch/code/runs_stageB_morph_phys7_paperA_best_by_test_fixedA/h1/best.pth
hunt,2000,h1,p1_h1_head_ln_lr1e-05_l21e+00_ep2000_ss356,stageB_best,head_ln,full,1e-05,0.0001,1.0,0.01,huber,1.0,0.2802120075843968,51.23344039916992,19.00918483734131,39.23371887207031,24,1,0.49918225407600403,2026,356,drop0,30,4,8,test,0,/Users/nyx.wang/workspace/bosch/code/runs_stageB_morph_phys7_paperA_best_by_test_fixedA/h1/best.pth
hunt,2000,h1,p1_h1_head_ln_lr1e-04_l21e+01_ep2000_ss357,stageB_best,head_ln,full,0.0001,0.0001,10.0,0.01,huber,1.0,0.5884966560589291,42.23066329956055,15.330344438552856,27.602447509765625,24,1,0.5699095129966736,2026,357,drop0,30,4,8,test,0,/Users/nyx.wang/workspace/bosch/code/runs_stageB_morph_phys7_paperA_best_by_test_fixedA/h1/best.pth
hunt,2000,h1,p1_h1_head_ln_lr3e-05_l21e+00_ep2000_ss357,stageB_best,head_ln,full,3e-05,0.0001,1.0,0.01,huber,1.0,0.571323679460504,42.98878479003906,15.50036072731018,28.2529296875,24,1,0.5536006093025208,2026,357,drop0,30,4,8,test,0,/Users/nyx.wang/workspace/bosch/code/runs_stageB_morph_phys7_paperA_best_by_test_fixedA/h1/best.pth
hunt,2000,h1,p1_h1_head_ln_lr1e-05_l21e+00_ep2000_ss357,stageB_best,head_ln,full,1e-05,0.0001,1.0,0.01,huber,1.0,0.5656011187929614,43.27116394042969,15.579158067703247,29.279579162597656,24,1,0.5492550730705261,2026,357,drop0,30,4,8,test,0,/Users/nyx.wang/workspace/bosch/code/runs_stageB_morph_phys7_paperA_best_by_test_fixedA/h1/best.pth
hunt,2000,h1,p1_h1_head_ln_lr1e-04_l21e+01_ep2000_ss358,stageB_best,head_ln,full,0.0001,0.0001,10.0,0.01,huber,1.0,-0.7423010346285606,38.37174987792969,13.511167466640472,30.1378173828125,24,1,0.40920761227607727,2026,358,drop0,30,4,8,test,0,/Users/nyx.wang/workspace/bosch/code/runs_stageB_morph_phys7_paperA_best_by_test_fixedA/h1/best.pth
hunt,2000,h1,p1_h1_head_ln_lr3e-05_l21e+00_ep2000_ss358,stageB_best,head_ln,full,3e-05,0.0001,1.0,0.01,huber,1.0,-0.713993459145547,37.72212600708008,13.264001905918121,29.902008056640625,24,5,0.41027751564979553,2026,358,drop0,30,4,8,test,0,/Users/nyx.wang/workspace/bosch/code/runs_stageB_morph_phys7_paperA_best_by_test_fixedA/h1/best.pth
hunt,2000,h1,p1_h1_head_ln_lr1e-05_l21e+00_ep2000_ss358,stageB_best,head_ln,full,1e-05,0.0001,1.0,0.01,huber,1.0,-0.773199409769862,38.964481353759766,13.747213780879974,30.06475067138672,24,13,0.41154706478118896,2026,358,drop0,30,4,8,test,0,/Users/nyx.wang/workspace/bosch/code/runs_stageB_morph_phys7_paperA_best_by_test_fixedA/h1/best.pth
hunt,2000,h1,p1_h1_head_ln_lr1e-04_l21e+01_ep2000_ss359,stageB_best,head_ln,full,0.0001,0.0001,10.0,0.01,huber,1.0,0.21973659875866802,40.85405349731445,20.330698788166046,38.11785125732422,24,9,0.10401601344347,2026,359,drop0,30,4,8,test,0,/Users/nyx.wang/workspace/bosch/code/runs_stageB_morph_phys7_paperA_best_by_test_fixedA/h1/best.pth
hunt,2000,h1,p1_h1_head_ln_lr3e-05_l21e+00_ep2000_ss359,stageB_best,head_ln,full,3e-05,0.0001,1.0,0.01,huber,1.0,0.21019778660958277,40.143001556396484,19.905216991901398,32.96173095703125,24,109,0.10604685544967651,2026,359,drop0,30,4,8,test,0,/Users/nyx.wang/workspace/bosch/code/runs_stageB_morph_phys7_paperA_best_by_test_fixedA/h1/best.pth
hunt,2000,h1,p1_h1_head_ln_lr1e-05_l21e+00_ep2000_ss359,stageB_best,head_ln,full,1e-05,0.0001,1.0,0.01,huber,1.0,0.24216994328459163,40.600582122802734,20.034581422805786,38.404266357421875,24,113,0.10907474905252457,2026,359,drop0,30,4,8,test,0,/Users/nyx.wang/workspace/bosch/code/runs_stageB_morph_phys7_paperA_best_by_test_fixedA/h1/best.pth
hunt,2000,h1,p1_h1_head_ln_lr1e-04_l21e+01_ep2000_ss360,stageB_best,head_ln,full,0.0001,0.0001,10.0,0.01,huber,1.0,0.4254932773852046,22.97064971923828,9.677071124315262,19.111061096191406,24,30,0.17929880321025848,2026,360,drop0,30,4,8,test,0,/Users/nyx.wang/workspace/bosch/code/runs_stageB_morph_phys7_paperA_best_by_test_fixedA/h1/best.pth
hunt,2000,h1,p1_h1_head_ln_lr3e-05_l21e+00_ep2000_ss360,stageB_best,head_ln,full,3e-05,0.0001,1.0,0.01,huber,1.0,0.43789507487727086,22.69051170349121,9.557392448186874,17.82311248779297,24,99,0.1823819875717163,2026,360,drop0,30,4,8,test,0,/Users/nyx.wang/workspace/bosch/code/runs_stageB_morph_phys7_paperA_best_by_test_fixedA/h1/best.pth
hunt,2000,h1,p1_h1_head_ln_lr1e-05_l21e+00_ep2000_ss360,stageB_best,head_ln,full,1e-05,0.0001,1.0,0.01,huber,1.0,0.4497854353551787,22.273155212402344,9.397125244140625,17.151016235351562,24,251,0.18408991396427155,2026,360,drop0,30,4,8,test,0,/Users/nyx.wang/workspace/bosch/code/runs_stageB_morph_phys7_paperA_best_by_test_fixedA/h1/best.pth
hunt,2000,h1,p1_h1_head_ln_lr1e-04_l21e+01_ep2000_ss361,stageB_best,head_ln,full,0.0001,0.0001,10.0,0.01,huber,1.0,0.3868508027071421,33.69435501098633,13.217370212078094,21.4041748046875,24,1,0.2691762447357178,2026,361,drop0,30,4,8,test,0,/Users/nyx.wang/workspace/bosch/code/runs_stageB_morph_phys7_paperA_best_by_test_fixedA/h1/best.pth
hunt,2000,h1,p1_h1_head_ln_lr3e-05_l21e+00_ep2000_ss361,stageB_best,head_ln,full,3e-05,0.0001,1.0,0.01,huber,1.0,0.3535802178568397,34.396060943603516,13.202089071273804,20.650390625,24,1,0.2380993813276291,2026,361,drop0,30,4,8,test,0,/Users/nyx.wang/workspace/bosch/code/runs_stageB_morph_phys7_paperA_best_by_test_fixedA/h1/best.pth
hunt,2000,h1,p1_h1_head_ln_lr1e-05_l21e+00_ep2000_ss361,stageB_best,head_ln,full,1e-05,0.0001,1.0,0.01,huber,1.0,0.3417694452847352,34.60824966430664,13.197772204875946,19.12078857421875,24,1,0.22952879965305328,2026,361,drop0,30,4,8,test,0,/Users/nyx.wang/workspace/bosch/code/runs_stageB_morph_phys7_paperA_best_by_test_fixedA/h1/best.pth
hunt,2000,h1,p1_h1_head_ln_lr1e-04_l21e+01_ep2000_ss362,stageB_best,head_ln,full,0.0001,0.0001,10.0,0.01,huber,1.0,0.6926758793825738,26.157506942749023,10.898386687040329,22.353805541992188,24,537,0.12565523386001587,2026,362,drop0,30,4,8,test,0,/Users/nyx.wang/workspace/bosch/code/runs_stageB_morph_phys7_paperA_best_by_test_fixedA/h1/best.pth
hunt,2000,h1,p1_h1_head_ln_lr3e-05_l21e+00_ep2000_ss362,stageB_best,head_ln,full,3e-05,0.0001,1.0,0.01,huber,1.0,0.6717446823317441,26.890321731567383,11.027542501688004,22.664840698242188,24,1286,0.13177484273910522,2026,362,drop0,30,4,8,test,0,/Users/nyx.wang/workspace/bosch/code/runs_stageB_morph_phys7_paperA_best_by_test_fixedA/h1/best.pth
hunt,2000,h1,p1_h1_head_ln_lr1e-05_l21e+00_ep2000_ss362,stageB_best,head_ln,full,1e-05,0.0001,1.0,0.01,huber,1.0,0.6055264346271323,28.120065689086914,11.491960287094116,25.52288055419922,24,1977,0.1623002141714096,2026,362,drop0,30,4,8,test,0,/Users/nyx.wang/workspace/bosch/code/runs_stageB_morph_phys7_paperA_best_by_test_fixedA/h1/best.pth
hunt,2000,h1,p1_h1_head_ln_lr1e-04_l21e+01_ep2000_ss363,stageB_best,head_ln,full,0.0001,0.0001,10.0,0.01,huber,1.0,0.21790539568354328,35.424068450927734,20.986728370189667,30.317047119140625,24,897,0.41628074645996094,2026,363,drop0,30,4,8,test,0,/Users/nyx.wang/workspace/bosch/code/runs_stageB_morph_phys7_paperA_best_by_test_fixedA/h1/best.pth
hunt,2000,h1,p1_h1_head_ln_lr3e-05_l21e+00_ep2000_ss363,stageB_best,head_ln,full,3e-05,0.0001,1.0,0.01,huber,1.0,0.2510929520327244,34.23136901855469,20.380063354969025,27.98487091064453,24,1994,0.4380672872066498,2026,363,drop0,30,4,8,test,0,/Users/nyx.wang/workspace/bosch/code/runs_stageB_morph_phys7_paperA_best_by_test_fixedA/h1/best.pth
hunt,2000,h1,p1_h1_head_ln_lr1e-05_l21e+00_ep2000_ss363,stageB_best,head_ln,full,1e-05,0.0001,1.0,0.01,huber,1.0,0.4106043935282926,28.427194595336914,17.192475497722626,19.885650634765625,24,2000,0.5726602673530579,2026,363,drop0,30,4,8,test,0,/Users/nyx.wang/workspace/bosch/code/runs_stageB_morph_phys7_paperA_best_by_test_fixedA/h1/best.pth
hunt,2000,h1,p1_h1_head_ln_lr1e-04_l21e+01_ep2000_ss364,stageB_best,head_ln,full,0.0001,0.0001,10.0,0.01,huber,1.0,0.7258265997571753,33.20072555541992,12.554065883159637,24.159873962402344,24,48,0.30375388264656067,2026,364,drop0,30,4,8,test,0,/Users/nyx.wang/workspace/bosch/code/runs_stageB_morph_phys7_paperA_best_by_test_fixedA/h1/best.pth
hunt,2000,h1,p1_h1_head_ln_lr3e-05_l21e+00_ep2000_ss364,stageB_best,head_ln,full,3e-05,0.0001,1.0,0.01,huber,1.0,0.6842882558585894,34.794944763183594,12.777620553970337,24.201492309570312,24,62,0.3017434775829315,2026,364,drop0,30,4,8,test,0,/Users/nyx.wang/workspace/bosch/code/runs_stageB_morph_phys7_paperA_best_by_test_fixedA/h1/best.pth
hunt,2000,h1,p1_h1_head_ln_lr1e-05_l21e+00_ep2000_ss364,stageB_best,head_ln,full,1e-05,0.0001,1.0,0.01,huber,1.0,0.669439552830204,35.45181655883789,12.890303134918213,24.43708038330078,24,161,0.3081655204296112,2026,364,drop0,30,4,8,test,0,/Users/nyx.wang/workspace/bosch/code/runs_stageB_morph_phys7_paperA_best_by_test_fixedA/h1/best.pth
hunt,2000,h1,p1_h1_head_ln_lr1e-04_l21e+01_ep2000_ss365,stageB_best,head_ln,full,0.0001,0.0001,10.0,0.01,huber,1.0,0.21739179466849068,25.87659454345703,10.799035429954529,19.596900939941406,24,40,0.0682743713259697,2026,365,drop0,30,4,8,test,0,/Users/nyx.wang/workspace/bosch/code/runs_stageB_morph_phys7_paperA_best_by_test_fixedA/h1/best.pth
hunt,2000,h1,p1_h1_head_ln_lr3e-05_l21e+00_ep2000_ss365,stageB_best,head_ln,full,3e-05,0.0001,1.0,0.01,huber,1.0,0.14576596211780923,26.930419921875,11.184924840927124,20.75231170654297,24,120,0.07575691491365433,2026,365,drop0,30,4,8,test,0,/Users/nyx.wang/workspace/bosch/code/runs_stageB_morph_phys7_paperA_best_by_test_fixedA/h1/best.pth
hunt,2000,h1,p1_h1_head_ln_lr1e-05_l21e+00_ep2000_ss365,stageB_best,head_ln,full,1e-05,0.0001,1.0,0.01,huber,1.0,0.15564271217901382,26.569997787475586,11.007332801818848,19.293609619140625,24,420,0.07713053375482559,2026,365,drop0,30,4,8,test,0,/Users/nyx.wang/workspace/bosch/code/runs_stageB_morph_phys7_paperA_best_by_test_fixedA/h1/best.pth
hunt,2000,h1,p1_h1_head_ln_lr1e-04_l21e+01_ep2000_ss366,stageB_best,head_ln,full,0.0001,0.0001,10.0,0.01,huber,1.0,0.6884704716086345,36.40317153930664,13.101516664028168,31.8623046875,24,664,0.3679678738117218,2026,366,drop0,30,4,8,test,0,/Users/nyx.wang/workspace/bosch/code/runs_stageB_morph_phys7_paperA_best_by_test_fixedA/h1/best.pth
hunt,2000,h1,p1_h1_head_ln_lr3e-05_l21e+00_ep2000_ss366,stageB_best,head_ln,full,3e-05,0.0001,1.0,0.01,huber,1.0,0.6726407426664687,37.57571792602539,13.549409806728363,33.68395233154297,24,1045,0.37644436955451965,2026,366,drop0,30,4,8,test,0,/Users/nyx.wang/workspace/bosch/code/runs_stageB_morph_phys7_paperA_best_by_test_fixedA/h1/best.pth
hunt,2000,h1,p1_h1_head_ln_lr1e-05_l21e+00_ep2000_ss366,stageB_best,head_ln,full,1e-05,0.0001,1.0,0.01,huber,1.0,0.6436532242397925,38.84122848510742,13.964831829071045,33.87425231933594,24,1892,0.394453763961792,2026,366,drop0,30,4,8,test,0,/Users/nyx.wang/workspace/bosch/code/runs_stageB_morph_phys7_paperA_best_by_test_fixedA/h1/best.pth
hunt,2000,h1,p1_h1_head_ln_lr1e-04_l21e+01_ep2000_ss367,stageB_best,head_ln,full,0.0001,0.0001,10.0,0.01,huber,1.0,0.653212148514994,39.2379150390625,17.604702711105347,25.217636108398438,24,9,0.523603618144989,2026,367,drop0,30,4,8,test,0,/Users/nyx.wang/workspace/bosch/code/runs_stageB_morph_phys7_paperA_best_by_test_fixedA/h1/best.pth
hunt,2000,h1,p1_h1_head_ln_lr3e-05_l21e+00_ep2000_ss367,stageB_best,head_ln,full,3e-05,0.0001,1.0,0.01,huber,1.0,0.6488459560063493,39.53586196899414,17.752091586589813,24.81499481201172,24,34,0.5335097312927246,2026,367,drop0,30,4,8,test,0,/Users/nyx.wang/workspace/bosch/code/runs_stageB_morph_phys7_paperA_best_by_test_fixedA/h1/best.pth
hunt,2000,h1,p1_h1_head_ln_lr1e-05_l21e+00_ep2000_ss367,stageB_best,head_ln,full,1e-05,0.0001,1.0,0.01,huber,1.0,0.6458404970804056,39.637969970703125,17.752932012081146,25.28571319580078,24,86,0.5331646203994751,2026,367,drop0,30,4,8,test,0,/Users/nyx.wang/workspace/bosch/code/runs_stageB_morph_phys7_paperA_best_by_test_fixedA/h1/best.pth
hunt,2000,h1,p1_h1_head_ln_lr1e-04_l21e+01_ep2000_ss368,stageB_best,head_ln,full,0.0001,0.0001,10.0,0.01,huber,1.0,0.12948298013569282,24.598684310913086,11.04341745376587,18.250320434570312,24,1318,0.14381903409957886,2026,368,drop0,30,4,8,test,0,/Users/nyx.wang/workspace/bosch/code/runs_stageB_morph_phys7_paperA_best_by_test_fixedA/h1/best.pth
hunt,2000,h1,p1_h1_head_ln_lr3e-05_l21e+00_ep2000_ss368,stageB_best,head_ln,full,3e-05,0.0001,1.0,0.01,huber,1.0,-0.06847896215487226,28.424657821655273,12.331100553274155,23.395095825195312,24,1,0.15204495191574097,2026,368,drop0,30,4,8,test,0,/Users/nyx.wang/workspace/bosch/code/runs_stageB_morph_phys7_paperA_best_by_test_fixedA/h1/best.pth
hunt,2000,h1,p1_h1_head_ln_lr1e-05_l21e+00_ep2000_ss368,stageB_best,head_ln,full,1e-05,0.0001,1.0,0.01,huber,1.0,-0.07149749891075108,28.49234962463379,12.35039234161377,23.161643981933594,24,1,0.15122507512569427,2026,368,drop0,30,4,8,test,0,/Users/nyx.wang/workspace/bosch/code/runs_stageB_morph_phys7_paperA_best_by_test_fixedA/h1/best.pth
hunt,2000,h1,p1_h1_head_ln_lr1e-04_l21e+01_ep2000_ss369,stageB_best,head_ln,full,0.0001,0.0001,10.0,0.01,huber,1.0,-0.36674003027390345,45.177486419677734,21.91004753112793,38.695594787597656,24,134,0.09163828939199448,2026,369,drop0,30,4,8,test,0,/Users/nyx.wang/workspace/bosch/code/runs_stageB_morph_phys7_paperA_best_by_test_fixedA/h1/best.pth
hunt,2000,h1,p1_h1_head_ln_lr3e-05_l21e+00_ep2000_ss369,stageB_best,head_ln,full,3e-05,0.0001,1.0,0.01,huber,1.0,-0.42710404770765353,46.28367233276367,22.58632332086563,34.45542907714844,24,481,0.09569138288497925,2026,369,drop0,30,4,8,test,0,/Users/nyx.wang/workspace/bosch/code/runs_stageB_morph_phys7_paperA_best_by_test_fixedA/h1/best.pth
hunt,2000,h1,p1_h1_head_ln_lr1e-05_l21e+00_ep2000_ss369,stageB_best,head_ln,full,1e-05,0.0001,1.0,0.01,huber,1.0,-0.38883552777276775,45.061824798583984,21.949076652526855,34.84913635253906,24,1377,0.09749466925859451,2026,369,drop0,30,4,8,test,0,/Users/nyx.wang/workspace/bosch/code/runs_stageB_morph_phys7_paperA_best_by_test_fixedA/h1/best.pth
hunt,2000,h1,p1_h1_head_ln_lr1e-04_l21e+01_ep2000_ss370,stageB_best,head_ln,full,0.0001,0.0001,10.0,0.01,huber,1.0,0.09976864033650701,38.96345901489258,19.633202254772186,18.934310913085938,24,1155,0.12002340704202652,2026,370,drop0,30,4,8,test,0,/Users/nyx.wang/workspace/bosch/code/runs_stageB_morph_phys7_paperA_best_by_test_fixedA/h1/best.pth
hunt,2000,h1,p1_h1_head_ln_lr3e-05_l21e+00_ep2000_ss370,stageB_best,head_ln,full,3e-05,0.0001,1.0,0.01,huber,1.0,0.034083372542403456,40.18513488769531,20.33057063817978,19.814590454101562,24,1616,0.12678252160549164,2026,370,drop0,30,4,8,test,0,/Users/nyx.wang/workspace/bosch/code/runs_stageB_morph_phys7_paperA_best_by_test_fixedA/h1/best.pth
hunt,2000,h1,p1_h1_head_ln_lr1e-05_l21e+00_ep2000_ss370,stageB_best,head_ln,full,1e-05,0.0001,1.0,0.01,huber,1.0,0.013410701796516822,41.38198471069336,20.860688388347626,25.003944396972656,24,1999,0.14178796112537384,2026,370,drop0,30,4,8,test,0,/Users/nyx.wang/workspace/bosch/code/runs_stageB_morph_phys7_paperA_best_by_test_fixedA/h1/best.pth
hunt,2000,h1,p1_h1_head_ln_lr1e-04_l21e+01_ep2000_ss371,stageB_best,head_ln,full,0.0001,0.0001,10.0,0.01,huber,1.0,0.1940634073272225,27.27364158630371,15.102893114089966,23.9935302734375,24,1674,0.0632283017039299,2026,371,drop0,30,4,8,test,0,/Users/nyx.wang/workspace/bosch/code/runs_stageB_morph_phys7_paperA_best_by_test_fixedA/h1/best.pth
hunt,2000,h1,p1_h1_head_ln_lr3e-05_l21e+00_ep2000_ss371,stageB_best,head_ln,full,3e-05,0.0001,1.0,0.01,huber,1.0,0.2568978046704995,26.185684204101562,14.572274684906006,23.608314514160156,24,1999,0.07269133627414703,2026,371,drop0,30,4,8,test,0,/Users/nyx.wang/workspace/bosch/code/runs_stageB_morph_phys7_paperA_best_by_test_fixedA/h1/best.pth
hunt,2000,h1,p1_h1_head_ln_lr1e-05_l21e+00_ep2000_ss371,stageB_best,head_ln,full,1e-05,0.0001,1.0,0.01,huber,1.0,0.21866313575450658,26.442907333374023,14.80799913406372,24.36474609375,24,2000,0.09400520473718643,2026,371,drop0,30,4,8,test,0,/Users/nyx.wang/workspace/bosch/code/runs_stageB_morph_phys7_paperA_best_by_test_fixedA/h1/best.pth
hunt,2000,h1,p1_h1_head_ln_lr1e-04_l21e+01_ep2000_ss372,stageB_best,head_ln,full,0.0001,0.0001,10.0,0.01,huber,1.0,0.628024096945339,18.243221282958984,8.40289369225502,16.715248107910156,24,450,0.14899598062038422,2026,372,drop0,30,4,8,test,0,/Users/nyx.wang/workspace/bosch/code/runs_stageB_morph_phys7_paperA_best_by_test_fixedA/h1/best.pth
hunt,2000,h1,p1_h1_head_ln_lr3e-05_l21e+00_ep2000_ss372,stageB_best,head_ln,full,3e-05,0.0001,1.0,0.01,huber,1.0,0.6737857347076215,16.909425735473633,7.759512215852737,13.573982238769531,24,1705,0.16656416654586792,2026,372,drop0,30,4,8,test,0,/Users/nyx.wang/workspace/bosch/code/runs_stageB_morph_phys7_paperA_best_by_test_fixedA/h1/best.pth
hunt,2000,h1,p1_h1_head_ln_lr1e-05_l21e+00_ep2000_ss372,stageB_best,head_ln,full,1e-05,0.0001,1.0,0.01,huber,1.0,0.6262944670057595,18.556381225585938,8.446642011404037,15.915077209472656,24,127,0.17597775161266327,2026,372,drop0,30,4,8,test,0,/Users/nyx.wang/workspace/bosch/code/runs_stageB_morph_phys7_paperA_best_by_test_fixedA/h1/best.pth
hunt,2000,h1,p1_h1_head_ln_lr1e-04_l21e+01_ep2000_ss373,stageB_best,head_ln,full,0.0001,0.0001,10.0,0.01,huber,1.0,0.5902645880391553,49.14847946166992,26.903057098388672,40.81156921386719,24,1075,0.3645801246166229,2026,373,drop0,30,4,8,test,0,/Users/nyx.wang/workspace/bosch/code/runs_stageB_morph_phys7_paperA_best_by_test_fixedA/h1/best.pth
hunt,2000,h1,p1_h1_head_ln_lr3e-05_l21e+00_ep2000_ss373,stageB_best,head_ln,full,3e-05,0.0001,1.0,0.01,huber,1.0,0.5794454287299562,49.8818244934082,27.217045426368713,39.06732940673828,24,1780,0.43041273951530457,2026,373,drop0,30,4,8,test,0,/Users/nyx.wang/workspace/bosch/code/runs_stageB_morph_phys7_paperA_best_by_test_fixedA/h1/best.pth
hunt,2000,h1,p1_h1_head_ln_lr1e-05_l21e+00_ep2000_ss373,stageB_best,head_ln,full,1e-05,0.0001,1.0,0.01,huber,1.0,0.42507657375229213,60.58671569824219,31.024464964866638,52.452796936035156,24,99,0.5099501013755798,2026,373,drop0,30,4,8,test,0,/Users/nyx.wang/workspace/bosch/code/runs_stageB_morph_phys7_paperA_best_by_test_fixedA/h1/best.pth
hunt,2000,h1,p1_h1_head_ln_lr1e-04_l21e+01_ep2000_ss374,stageB_best,head_ln,full,0.0001,0.0001,10.0,0.01,huber,1.0,0.3588414850251246,38.51998519897461,18.607139587402344,32.15087890625,24,19,0.12834294140338898,2026,374,drop0,30,4,8,test,0,/Users/nyx.wang/workspace/bosch/code/runs_stageB_morph_phys7_paperA_best_by_test_fixedA/h1/best.pth
hunt,2000,h1,p1_h1_head_ln_lr3e-05_l21e+00_ep2000_ss374,stageB_best,head_ln,full,3e-05,0.0001,1.0,0.01,huber,1.0,0.3845674175476491,36.82351303100586,17.493759095668793,29.522315979003906,24,21,0.13136695325374603,2026,374,drop0,30,4,8,test,0,/Users/nyx.wang/workspace/bosch/code/runs_stageB_morph_phys7_paperA_best_by_test_fixedA/h1/best.pth
hunt,2000,h1,p1_h1_head_ln_lr1e-05_l21e+00_ep2000_ss374,stageB_best,head_ln,full,1e-05,0.0001,1.0,0.01,huber,1.0,0.38105203670935506,37.06898498535156,17.641137540340424,29.568275451660156,24,81,0.1315804272890091,2026,374,drop0,30,4,8,test,0,/Users/nyx.wang/workspace/bosch/code/runs_stageB_morph_phys7_paperA_best_by_test_fixedA/h1/best.pth
hunt,2000,h1,p1_h1_head_ln_lr1e-04_l21e+01_ep2000_ss375,stageB_best,head_ln,full,0.0001,0.0001,10.0,0.01,huber,1.0,0.5351464151219164,52.61887741088867,29.549038410186768,42.204566955566406,24,98,0.23059891164302826,2026,375,drop0,30,4,8,test,0,/Users/nyx.wang/workspace/bosch/code/runs_stageB_morph_phys7_paperA_best_by_test_fixedA/h1/best.pth
hunt,2000,h1,p1_h1_head_ln_lr3e-05_l21e+00_ep2000_ss375,stageB_best,head_ln,full,3e-05,0.0001,1.0,0.01,huber,1.0,0.580683391399819,49.79645919799805,28.668242692947388,39.41188049316406,24,619,0.23831553757190704,2026,375,drop0,30,4,8,test,0,/Users/nyx.wang/workspace/bosch/code/runs_stageB_morph_phys7_paperA_best_by_test_fixedA/h1/best.pth
hunt,2000,h1,p1_h1_head_ln_lr1e-05_l21e+00_ep2000_ss375,stageB_best,head_ln,full,1e-05,0.0001,1.0,0.01,huber,1.0,0.5610812763568389,50.49308395385742,28.36838662624359,39.396385192871094,24,1624,0.24569489061832428,2026,375,drop0,30,4,8,test,0,/Users/nyx.wang/workspace/bosch/code/runs_stageB_morph_phys7_paperA_best_by_test_fixedA/h1/best.pth
hunt,2000,h1,p1_h1_head_ln_lr1e-04_l21e+01_ep2000_ss376,stageB_best,head_ln,full,0.0001,0.0001,10.0,0.01,huber,1.0,0.6726805597595682,26.69051170349121,13.227616250514984,22.60894012451172,24,600,0.165299192070961,2026,376,drop0,30,4,8,test,0,/Users/nyx.wang/workspace/bosch/code/runs_stageB_morph_phys7_paperA_best_by_test_fixedA/h1/best.pth
hunt,2000,h1,p1_h1_head_ln_lr3e-05_l21e+00_ep2000_ss376,stageB_best,head_ln,full,3e-05,0.0001,1.0,0.01,huber,1.0,0.7018093129107563,25.371139526367188,12.469679117202759,20.834739685058594,24,1302,0.19726286828517914,2026,376,drop0,30,4,8,test,0,/Users/nyx.wang/workspace/bosch/code/runs_stageB_morph_phys7_paperA_best_by_test_fixedA/h1/best.pth
hunt,2000,h1,p1_h1_head_ln_lr1e-05_l21e+00_ep2000_ss376,stageB_best,head_ln,full,1e-05,0.0001,1.0,0.01,huber,1.0,0.6975310547524526,26.2424259185791,12.34082356095314,24.940650939941406,24,604,0.20449377596378326,2026,376,drop0,30,4,8,test,0,/Users/nyx.wang/workspace/bosch/code/runs_stageB_morph_phys7_paperA_best_by_test_fixedA/h1/best.pth
hunt,2000,h1,p1_h1_head_ln_lr1e-04_l21e+01_ep2000_ss377,stageB_best,head_ln,full,0.0001,0.0001,10.0,0.01,huber,1.0,-0.21670954569656176,44.0071907043457,21.685753762722015,36.506561279296875,24,1,0.3289395272731781,2026,377,drop0,30,4,8,test,0,/Users/nyx.wang/workspace/bosch/code/runs_stageB_morph_phys7_paperA_best_by_test_fixedA/h1/best.pth
hunt,2000,h1,p1_h1_head_ln_lr3e-05_l21e+00_ep2000_ss377,stageB_best,head_ln,full,3e-05,0.0001,1.0,0.01,huber,1.0,-0.20398181053384734,44.04921340942383,21.511445939540863,39.40326690673828,24,2,0.3286215662956238,2026,377,drop0,30,4,8,test,0,/Users/nyx.wang/workspace/bosch/code/runs_stageB_morph_phys7_paperA_best_by_test_fixedA/h1/best.pth
hunt,2000,h1,p1_h1_head_ln_lr1e-05_l21e+00_ep2000_ss377,stageB_best,head_ln,full,1e-05,0.0001,1.0,0.01,huber,1.0,-0.20571662947068048,44.02406311035156,21.5457484126091,38.558074951171875,24,9,0.32872650027275085,2026,377,drop0,30,4,8,test,0,/Users/nyx.wang/workspace/bosch/code/runs_stageB_morph_phys7_paperA_best_by_test_fixedA/h1/best.pth
hunt,2000,h1,p1_h1_head_ln_lr1e-04_l21e+01_ep2000_ss378,stageB_best,head_ln,full,0.0001,0.0001,10.0,0.01,huber,1.0,0.5399896664044591,33.95728302001953,11.096056550741196,17.83001708984375,24,976,0.0750814899802208,2026,378,drop0,30,4,8,test,0,/Users/nyx.wang/workspace/bosch/code/runs_stageB_morph_phys7_paperA_best_by_test_fixedA/h1/best.pth
hunt,2000,h1,p1_h1_head_ln_lr3e-05_l21e+00_ep2000_ss378,stageB_best,head_ln,full,3e-05,0.0001,1.0,0.01,huber,1.0,0.5123085909180298,35.5734977722168,11.710263043642044,19.85748291015625,24,1669,0.08268024027347565,2026,378,drop0,30,4,8,test,0,/Users/nyx.wang/workspace/bosch/code/runs_stageB_morph_phys7_paperA_best_by_test_fixedA/h1/best.pth
hunt,2000,h1,p1_h1_head_ln_lr1e-05_l21e+00_ep2000_ss378,stageB_best,head_ln,full,1e-05,0.0001,1.0,0.01,huber,1.0,0.4858945411905593,38.60310363769531,12.786857783794403,18.38585662841797,24,1999,0.12750522792339325,2026,378,drop0,30,4,8,test,0,/Users/nyx.wang/workspace/bosch/code/runs_stageB_morph_phys7_paperA_best_by_test_fixedA/h1/best.pth
hunt,2000,h1,p1_h1_head_ln_lr1e-04_l21e+01_ep2000_ss379,stageB_best,head_ln,full,0.0001,0.0001,10.0,0.01,huber,1.0,0.5102460559749611,44.706661224365234,19.37883347272873,24.615829467773438,24,6,0.16802780330181122,2026,379,drop0,30,4,8,test,0,/Users/nyx.wang/workspace/bosch/code/runs_stageB_morph_phys7_paperA_best_by_test_fixedA/h1/best.pth
hunt,2000,h1,p1_h1_head_ln_lr3e-05_l21e+00_ep2000_ss379,stageB_best,head_ln,full,3e-05,0.0001,1.0,0.01,huber,1.0,0.5107524353238511,45.00123977661133,19.35151070356369,24.948890686035156,24,18,0.1691068857908249,2026,379,drop0,30,4,8,test,0,/Users/nyx.wang/workspace/bosch/code/runs_stageB_morph_phys7_paperA_best_by_test_fixedA/h1/best.pth
hunt,2000,h1,p1_h1_head_ln_lr1e-05_l21e+00_ep2000_ss379,stageB_best,head_ln,full,1e-05,0.0001,1.0,0.01,huber,1.0,0.5127468551401486,44.8571662902832,19.298021495342255,25.000762939453125,24,67,0.17038707435131073,2026,379,drop0,30,4,8,test,0,/Users/nyx.wang/workspace/bosch/code/runs_stageB_morph_phys7_paperA_best_by_test_fixedA/h1/best.pth
hunt,2000,h1,p1_h1_head_ln_lr1e-04_l21e+01_ep2000_ss380,stageB_best,head_ln,full,0.0001,0.0001,10.0,0.01,huber,1.0,0.767844119780958,19.077680587768555,7.264488190412521,19.745712280273438,24,1515,0.04634678736329079,2026,380,drop0,30,4,8,test,0,/Users/nyx.wang/workspace/bosch/code/runs_stageB_morph_phys7_paperA_best_by_test_fixedA/h1/best.pth
hunt,2000,h1,p1_h1_head_ln_lr3e-05_l21e+00_ep2000_ss380,stageB_best,head_ln,full,3e-05,0.0001,1.0,0.01,huber,1.0,0.7450063803264662,19.68331527709961,7.521373778581619,19.282638549804688,24,2000,0.05913163349032402,2026,380,drop0,30,4,8,test,0,/Users/nyx.wang/workspace/bosch/code/runs_stageB_morph_phys7_paperA_best_by_test_fixedA/h1/best.pth
hunt,2000,h1,p1_h1_head_ln_lr1e-05_l21e+00_ep2000_ss380,stageB_best,head_ln,full,1e-05,0.0001,1.0,0.01,huber,1.0,0.7094712340733131,20.240400314331055,7.667367905378342,18.91844940185547,24,1999,0.0992133691906929,2026,380,drop0,30,4,8,test,0,/Users/nyx.wang/workspace/bosch/code/runs_stageB_morph_phys7_paperA_best_by_test_fixedA/h1/best.pth
hunt,2000,h1,p1_h1_head_ln_lr1e-04_l21e+01_ep2000_ss381,stageB_best,head_ln,full,0.0001,0.0001,10.0,0.01,huber,1.0,0.06148549871758413,34.219173431396484,15.936382114887238,29.443618774414062,24,1,0.11661705374717712,2026,381,drop0,30,4,8,test,0,/Users/nyx.wang/workspace/bosch/code/runs_stageB_morph_phys7_paperA_best_by_test_fixedA/h1/best.pth
hunt,2000,h1,p1_h1_head_ln_lr3e-05_l21e+00_ep2000_ss381,stageB_best,head_ln,full,3e-05,0.0001,1.0,0.01,huber,1.0,0.032592886859581394,35.07038497924805,16.101594269275665,31.29645538330078,24,1,0.10607590526342392,2026,381,drop0,30,4,8,test,0,/Users/nyx.wang/workspace/bosch/code/runs_stageB_morph_phys7_paperA_best_by_test_fixedA/h1/best.pth
hunt,2000,h1,p1_h1_head_ln_lr1e-05_l21e+00_ep2000_ss381,stageB_best,head_ln,full,1e-05,0.0001,1.0,0.01,huber,1.0,0.020498400150189666,35.400604248046875,16.18010699748993,31.25665283203125,24,1,0.10310982912778854,2026,381,drop0,30,4,8,test,0,/Users/nyx.wang/workspace/bosch/code/runs_stageB_morph_phys7_paperA_best_by_test_fixedA/h1/best.pth
hunt,2000,h1,p1_h1_head_ln_lr1e-04_l21e+01_ep2000_ss382,stageB_best,head_ln,full,0.0001,0.0001,10.0,0.01,huber,1.0,0.057418497705779226,33.74062728881836,14.825044572353363,35.05274200439453,24,829,0.08031509816646576,2026,382,drop0,30,4,8,test,0,/Users/nyx.wang/workspace/bosch/code/runs_stageB_morph_phys7_paperA_best_by_test_fixedA/h1/best.pth
hunt,2000,h1,p1_h1_head_ln_lr3e-05_l21e+00_ep2000_ss382,stageB_best,head_ln,full,3e-05,0.0001,1.0,0.01,huber,1.0,0.12400121457883362,32.677181243896484,14.39373642206192,33.58025360107422,24,1991,0.09241240471601486,2026,382,drop0,30,4,8,test,0,/Users/nyx.wang/workspace/bosch/code/runs_stageB_morph_phys7_paperA_best_by_test_fixedA/h1/best.pth
hunt,2000,h1,p1_h1_head_ln_lr1e-05_l21e+00_ep2000_ss382,stageB_best,head_ln,full,1e-05,0.0001,1.0,0.01,huber,1.0,0.1500147208289766,31.766633987426758,13.857132196426392,33.69355010986328,24,1997,0.11210600286722183,2026,382,drop0,30,4,8,test,0,/Users/nyx.wang/workspace/bosch/code/runs_stageB_morph_phys7_paperA_best_by_test_fixedA/h1/best.pth
hunt,2000,h1,p1_h1_head_ln_lr1e-04_l21e+01_ep2000_ss383,stageB_best,head_ln,full,0.0001,0.0001,10.0,0.01,huber,1.0,0.5458331416123121,28.12377166748047,15.90474545955658,16.974021911621094,24,36,0.269908607006073,2026,383,drop0,30,4,8,test,0,/Users/nyx.wang/workspace/bosch/code/runs_stageB_morph_phys7_paperA_best_by_test_fixedA/h1/best.pth
hunt,2000,h1,p1_h1_head_ln_lr3e-05_l21e+00_ep2000_ss383,stageB_best,head_ln,full,3e-05,0.0001,1.0,0.01,huber,1.0,0.5381028422807513,28.062654495239258,16.10855907201767,17.78278350830078,24,149,0.282556414604187,2026,383,drop0,30,4,8,test,0,/Users/nyx.wang/workspace/bosch/code/runs_stageB_morph_phys7_paperA_best_by_test_fixedA/h1/best.pth
hunt,2000,h1,p1_h1_head_ln_lr1e-05_l21e+00_ep2000_ss383,stageB_best,head_ln,full,1e-05,0.0001,1.0,0.01,huber,1.0,0.5363059628272786,32.13151931762695,16.64465069770813,26.347686767578125,24,1,0.2841155529022217,2026,383,drop0,30,4,8,test,0,/Users/nyx.wang/workspace/bosch/code/runs_stageB_morph_phys7_paperA_best_by_test_fixedA/h1/best.pth
hunt,2000,h1,p1_h1_head_ln_lr1e-04_l21e+01_ep2000_ss384,stageB_best,head_ln,full,0.0001,0.0001,10.0,0.01,huber,1.0,0.6079315661627407,20.054471969604492,8.581683784723282,16.997314453125,24,1129,0.07543811947107315,2026,384,drop0,30,4,8,test,0,/Users/nyx.wang/workspace/bosch/code/runs_stageB_morph_phys7_paperA_best_by_test_fixedA/h1/best.pth
hunt,2000,h1,p1_h1_head_ln_lr3e-05_l21e+00_ep2000_ss384,stageB_best,head_ln,full,3e-05,0.0001,1.0,0.01,huber,1.0,0.6107934118930867,20.896583557128906,9.205299615859985,17.9886474609375,24,1738,0.10355257987976074,2026,384,drop0,30,4,8,test,0,/Users/nyx.wang/workspace/bosch/code/runs_stageB_morph_phys7_paperA_best_by_test_fixedA/h1/best.pth
hunt,2000,h1,p1_h1_head_ln_lr1e-05_l21e+00_ep2000_ss384,stageB_best,head_ln,full,1e-05,0.0001,1.0,0.01,huber,1.0,0.5130249936228962,22.3172550201416,10.31055748462677,14.37274169921875,24,1995,0.18009425699710846,2026,384,drop0,30,4,8,test,0,/Users/nyx.wang/workspace/bosch/code/runs_stageB_morph_phys7_paperA_best_by_test_fixedA/h1/best.pth
hunt,2000,h1,p1_h1_head_ln_lr1e-04_l21e+01_ep2000_ss385,stageB_best,head_ln,full,0.0001,0.0001,10.0,0.01,huber,1.0,-0.26010121941931064,33.83893966674805,17.48211830854416,19.212356567382812,24,117,0.2925167679786682,2026,385,drop0,30,4,8,test,0,/Users/nyx.wang/workspace/bosch/code/runs_stageB_morph_phys7_paperA_best_by_test_fixedA/h1/best.pth
hunt,2000,h1,p1_h1_head_ln_lr3e-05_l21e+00_ep2000_ss385,stageB_best,head_ln,full,3e-05,0.0001,1.0,0.01,huber,1.0,-0.2181844389798413,32.68783187866211,16.88968688249588,16.539939880371094,24,327,0.29779478907585144,2026,385,drop0,30,4,8,test,0,/Users/nyx.wang/workspace/bosch/code/runs_stageB_morph_phys7_paperA_best_by_test_fixedA/h1/best.pth
hunt,2000,h1,p1_h1_head_ln_lr1e-05_l21e+00_ep2000_ss385,stageB_best,head_ln,full,1e-05,0.0001,1.0,0.01,huber,1.0,-0.22128579859589825,32.643157958984375,16.829009354114532,15.635543823242188,24,1644,0.3008907735347748,2026,385,drop0,30,4,8,test,0,/Users/nyx.wang/workspace/bosch/code/runs_stageB_morph_phys7_paperA_best_by_test_fixedA/h1/best.pth
hunt,2000,h1,p1_h1_head_ln_lr1e-04_l21e+01_ep2000_ss386,stageB_best,head_ln,full,0.0001,0.0001,10.0,0.01,huber,1.0,0.6033591785746961,39.81127166748047,18.70368719100952,39.65607452392578,24,21,0.11251562833786011,2026,386,drop0,30,4,8,test,0,/Users/nyx.wang/workspace/bosch/code/runs_stageB_morph_phys7_paperA_best_by_test_fixedA/h1/best.pth
hunt,2000,h1,p1_h1_head_ln_lr3e-05_l21e+00_ep2000_ss386,stageB_best,head_ln,full,3e-05,0.0001,1.0,0.01,huber,1.0,0.6081279169497044,39.716346740722656,18.54742169380188,39.05194091796875,24,119,0.11384139209985733,2026,386,drop0,30,4,8,test,0,/Users/nyx.wang/workspace/bosch/code/runs_stageB_morph_phys7_paperA_best_by_test_fixedA/h1/best.pth
hunt,2000,h1,p1_h1_head_ln_lr1e-05_l21e+00_ep2000_ss386,stageB_best,head_ln,full,1e-05,0.0001,1.0,0.01,huber,1.0,0.612020324536291,39.32976531982422,18.31378936767578,39.501319885253906,24,213,0.11467188596725464,2026,386,drop0,30,4,8,test,0,/Users/nyx.wang/workspace/bosch/code/runs_stageB_morph_phys7_paperA_best_by_test_fixedA/h1/best.pth
hunt,2000,h1,p1_h1_head_ln_lr1e-04_l21e+01_ep2000_ss387,stageB_best,head_ln,full,0.0001,0.0001,10.0,0.01,huber,1.0,0.5617902149318283,48.81351852416992,27.429375052452087,45.888832092285156,24,296,0.141390860080719,2026,387,drop0,30,4,8,test,0,/Users/nyx.wang/workspace/bosch/code/runs_stageB_morph_phys7_paperA_best_by_test_fixedA/h1/best.pth
hunt,2000,h1,p1_h1_head_ln_lr3e-05_l21e+00_ep2000_ss387,stageB_best,head_ln,full,3e-05,0.0001,1.0,0.01,huber,1.0,0.5327970238832088,50.8493537902832,28.567862510681152,45.83204650878906,24,775,0.1567307412624359,2026,387,drop0,30,4,8,test,0,/Users/nyx.wang/workspace/bosch/code/runs_stageB_morph_phys7_paperA_best_by_test_fixedA/h1/best.pth
hunt,2000,h1,p1_h1_head_ln_lr1e-05_l21e+00_ep2000_ss387,stageB_best,head_ln,full,1e-05,0.0001,1.0,0.01,huber,1.0,0.493169257161304,52.94718551635742,29.19020652770996,43.655426025390625,24,1933,0.17698681354522705,2026,387,drop0,30,4,8,test,0,/Users/nyx.wang/workspace/bosch/code/runs_stageB_morph_phys7_paperA_best_by_test_fixedA/h1/best.pth
hunt,2000,h1,p1_h1_head_ln_lr1e-04_l21e+01_ep2000_ss388,stageB_best,head_ln,full,0.0001,0.0001,10.0,0.01,huber,1.0,0.2992530355395555,32.14977264404297,12.236975878477097,19.011016845703125,24,1304,0.10849090665578842,2026,388,drop0,30,4,8,test,0,/Users/nyx.wang/workspace/bosch/code/runs_stageB_morph_phys7_paperA_best_by_test_fixedA/h1/best.pth
hunt,2000,h1,p1_h1_head_ln_lr3e-05_l21e+00_ep2000_ss388,stageB_best,head_ln,full,3e-05,0.0001,1.0,0.01,huber,1.0,0.2510551786658015,33.766456604003906,12.795434892177582,19.323837280273438,24,2000,0.12791623175144196,2026,388,drop0,30,4,8,test,0,/Users/nyx.wang/workspace/bosch/code/runs_stageB_morph_phys7_paperA_best_by_test_fixedA/h1/best.pth
hunt,2000,h1,p1_h1_head_ln_lr1e-05_l21e+00_ep2000_ss388,stageB_best,head_ln,full,1e-05,0.0001,1.0,0.01,huber,1.0,0.2175359640470721,35.74177169799805,13.716579973697662,21.8111572265625,24,2000,0.17714358866214752,2026,388,drop0,30,4,8,test,0,/Users/nyx.wang/workspace/bosch/code/runs_stageB_morph_phys7_paperA_best_by_test_fixedA/h1/best.pth
hunt,2000,h1,p1_h1_head_ln_lr1e-04_l21e+01_ep2000_ss389,stageB_best,head_ln,full,0.0001,0.0001,10.0,0.01,huber,1.0,0.5062098929130732,24.978567123413086,11.534348130226135,23.370704650878906,24,12,0.14512300491333008,2026,389,drop0,30,4,8,test,0,/Users/nyx.wang/workspace/bosch/code/runs_stageB_morph_phys7_paperA_best_by_test_fixedA/h1/best.pth
hunt,2000,h1,p1_h1_head_ln_lr3e-05_l21e+00_ep2000_ss389,stageB_best,head_ln,full,3e-05,0.0001,1.0,0.01,huber,1.0,0.4993735946435448,25.43780517578125,11.6400808095932,21.60730743408203,24,29,0.15249748528003693,2026,389,drop0,30,4,8,test,0,/Users/nyx.wang/workspace/bosch/code/runs_stageB_morph_phys7_paperA_best_by_test_fixedA/h1/best.pth
hunt,2000,h1,p1_h1_head_ln_lr1e-05_l21e+00_ep2000_ss389,stageB_best,head_ln,full,1e-05,0.0001,1.0,0.01,huber,1.0,0.5186754332446559,24.475854873657227,11.211633682250977,20.419265747070312,24,206,0.15650160610675812,2026,389,drop0,30,4,8,test,0,/Users/nyx.wang/workspace/bosch/code/runs_stageB_morph_phys7_paperA_best_by_test_fixedA/h1/best.pth
hunt,2000,h1,p1_h1_head_ln_lr1e-04_l21e+01_ep2000_ss390,stageB_best,head_ln,full,0.0001,0.0001,10.0,0.01,huber,1.0,0.40259750771696934,32.622467041015625,13.373549282550812,25.6982421875,24,19,0.06495333462953568,2026,390,drop0,30,4,8,test,0,/Users/nyx.wang/workspace/bosch/code/runs_stageB_morph_phys7_paperA_best_by_test_fixedA/h1/best.pth
hunt,2000,h1,p1_h1_head_ln_lr3e-05_l21e+00_ep2000_ss390,stageB_best,head_ln,full,3e-05,0.0001,1.0,0.01,huber,1.0,0.37196394875811833,33.8598747253418,13.808508217334747,27.749969482421875,24,31,0.06430026143789291,2026,390,drop0,30,4,8,test,0,/Users/nyx.wang/workspace/bosch/code/runs_stageB_morph_phys7_paperA_best_by_test_fixedA/h1/best.pth
hunt,2000,h1,p1_h1_head_ln_lr1e-05_l21e+00_ep2000_ss390,stageB_best,head_ln,full,1e-05,0.0001,1.0,0.01,huber,1.0,0.3712766501753607,33.947818756103516,13.848434388637543,27.76708984375,24,123,0.06555689126253128,2026,390,drop0,30,4,8,test,0,/Users/nyx.wang/workspace/bosch/code/runs_stageB_morph_phys7_paperA_best_by_test_fixedA/h1/best.pth
hunt,2000,h1,p1_h1_head_ln_lr1e-04_l21e+01_ep2000_ss391,stageB_best,head_ln,full,0.0001,0.0001,10.0,0.01,huber,1.0,0.6111429019240939,33.96256637573242,12.363027781248093,26.79479217529297,24,275,0.2586338222026825,2026,391,drop0,30,4,8,test,0,/Users/nyx.wang/workspace/bosch/code/runs_stageB_morph_phys7_paperA_best_by_test_fixedA/h1/best.pth
hunt,2000,h1,p1_h1_head_ln_lr3e-05_l21e+00_ep2000_ss391,stageB_best,head_ln,full,3e-05,0.0001,1.0,0.01,huber,1.0,0.5008324582047505,42.9276008605957,15.196217596530914,35.759185791015625,24,64,0.2655561864376068,2026,391,drop0,30,4,8,test,0,/Users/nyx.wang/workspace/bosch/code/runs_stageB_morph_phys7_paperA_best_by_test_fixedA/h1/best.pth
hunt,2000,h1,p1_h1_head_ln_lr1e-05_l21e+00_ep2000_ss391,stageB_best,head_ln,full,1e-05,0.0001,1.0,0.01,huber,1.0,0.5137213702627306,42.16517639160156,14.95894342660904,33.25520324707031,24,245,0.26393377780914307,2026,391,drop0,30,4,8,test,0,/Users/nyx.wang/workspace/bosch/code/runs_stageB_morph_phys7_paperA_best_by_test_fixedA/h1/best.pth
hunt,2000,h1,p1_h1_head_ln_lr1e-04_l21e+01_ep2000_ss392,stageB_best,head_ln,full,0.0001,0.0001,10.0,0.01,huber,1.0,0.00488587541901464,32.15734100341797,12.00522556900978,19.821670532226562,24,1196,0.10526029020547867,2026,392,drop0,30,4,8,test,0,/Users/nyx.wang/workspace/bosch/code/runs_stageB_morph_phys7_paperA_best_by_test_fixedA/h1/best.pth
hunt,2000,h1,p1_h1_head_ln_lr3e-05_l21e+00_ep2000_ss392,stageB_best,head_ln,full,3e-05,0.0001,1.0,0.01,huber,1.0,0.018444811780694237,31.8347110748291,11.562681198120117,20.507186889648438,24,210,0.10841039568185806,2026,392,drop0,30,4,8,test,0,/Users/nyx.wang/workspace/bosch/code/runs_stageB_morph_phys7_paperA_best_by_test_fixedA/h1/best.pth
hunt,2000,h1,p1_h1_head_ln_lr1e-05_l21e+00_ep2000_ss392,stageB_best,head_ln,full,1e-05,0.0001,1.0,0.01,huber,1.0,0.030672589292466523,31.891775131225586,11.569114774465561,19.694961547851562,24,559,0.11056581139564514,2026,392,drop0,30,4,8,test,0,/Users/nyx.wang/workspace/bosch/code/runs_stageB_morph_phys7_paperA_best_by_test_fixedA/h1/best.pth
hunt,2000,h1,p1_h1_head_ln_lr1e-04_l21e+01_ep2000_ss393,stageB_best,head_ln,full,0.0001,0.0001,10.0,0.01,huber,1.0,0.2223510179731777,37.17557144165039,14.88882452249527,36.87550354003906,24,1,0.34561479091644287,2026,393,drop0,30,4,8,test,0,/Users/nyx.wang/workspace/bosch/code/runs_stageB_morph_phys7_paperA_best_by_test_fixedA/h1/best.pth
hunt,2000,h1,p1_h1_head_ln_lr3e-05_l21e+00_ep2000_ss393,stageB_best,head_ln,full,3e-05,0.0001,1.0,0.01,huber,1.0,0.203273656690666,37.91304016113281,15.117019414901733,36.021148681640625,24,1,0.3452247083187103,2026,393,drop0,30,4,8,test,0,/Users/nyx.wang/workspace/bosch/code/runs_stageB_morph_phys7_paperA_best_by_test_fixedA/h1/best.pth
hunt,2000,h1,p1_h1_head_ln_lr1e-05_l21e+00_ep2000_ss393,stageB_best,head_ln,full,1e-05,0.0001,1.0,0.01,huber,1.0,0.19664557221146706,38.132205963134766,15.1846244931221,35.67003631591797,24,1,0.3453890085220337,2026,393,drop0,30,4,8,test,0,/Users/nyx.wang/workspace/bosch/code/runs_stageB_morph_phys7_paperA_best_by_test_fixedA/h1/best.pth
hunt,2000,h1,p1_h1_head_ln_lr1e-04_l21e+01_ep2000_ss394,stageB_best,head_ln,full,0.0001,0.0001,10.0,0.01,huber,1.0,0.48802111870200104,35.7064323425293,11.80250570178032,21.298980712890625,24,9,0.30240359902381897,2026,394,drop0,30,4,8,test,0,/Users/nyx.wang/workspace/bosch/code/runs_stageB_morph_phys7_paperA_best_by_test_fixedA/h1/best.pth
hunt,2000,h1,p1_h1_head_ln_lr3e-05_l21e+00_ep2000_ss394,stageB_best,head_ln,full,3e-05,0.0001,1.0,0.01,huber,1.0,0.4684281311540591,36.67556381225586,12.110716849565506,22.931236267089844,24,23,0.3118245005607605,2026,394,drop0,30,4,8,test,0,/Users/nyx.wang/workspace/bosch/code/runs_stageB_morph_phys7_paperA_best_by_test_fixedA/h1/best.pth
hunt,2000,h1,p1_h1_head_ln_lr1e-05_l21e+00_ep2000_ss394,stageB_best,head_ln,full,1e-05,0.0001,1.0,0.01,huber,1.0,0.46137747921095507,37.02286148071289,12.227805703878403,23.89513397216797,24,66,0.31529760360717773,2026,394,drop0,30,4,8,test,0,/Users/nyx.wang/workspace/bosch/code/runs_stageB_morph_phys7_paperA_best_by_test_fixedA/h1/best.pth
hunt,2000,h1,p1_h1_head_ln_lr1e-04_l21e+01_ep2000_ss395,stageB_best,head_ln,full,0.0001,0.0001,10.0,0.01,huber,1.0,0.3901925449452587,32.99443435668945,12.600603699684143,32.18475341796875,24,212,0.08635186403989792,2026,395,drop0,30,4,8,test,0,/Users/nyx.wang/workspace/bosch/code/runs_stageB_morph_phys7_paperA_best_by_test_fixedA/h1/best.pth
hunt,2000,h1,p1_h1_head_ln_lr3e-05_l21e+00_ep2000_ss395,stageB_best,head_ln,full,3e-05,0.0001,1.0,0.01,huber,1.0,0.42768957981628397,31.683868408203125,12.0652936398983,32.26652526855469,24,663,0.09111998230218887,2026,395,drop0,30,4,8,test,0,/Users/nyx.wang/workspace/bosch/code/runs_stageB_morph_phys7_paperA_best_by_test_fixedA/h1/best.pth
hunt,2000,h1,p1_h1_head_ln_lr1e-05_l21e+00_ep2000_ss395,stageB_best,head_ln,full,1e-05,0.0001,1.0,0.01,huber,1.0,0.40574159815463673,32.374935150146484,12.360262125730515,34.343116760253906,24,2000,0.10616552829742432,2026,395,drop0,30,4,8,test,0,/Users/nyx.wang/workspace/bosch/code/runs_stageB_morph_phys7_paperA_best_by_test_fixedA/h1/best.pth
hunt,2000,h1,p1_h1_head_ln_lr1e-04_l21e+01_ep2000_ss396,stageB_best,head_ln,full,0.0001,0.0001,10.0,0.01,huber,1.0,0.7352885165603025,27.162687301635742,12.396684288978577,22.76641845703125,24,194,0.8137808442115784,2026,396,drop0,30,4,8,test,0,/Users/nyx.wang/workspace/bosch/code/runs_stageB_morph_phys7_paperA_best_by_test_fixedA/h1/best.pth
hunt,2000,h1,p1_h1_head_ln_lr3e-05_l21e+00_ep2000_ss396,stageB_best,head_ln,full,3e-05,0.0001,1.0,0.01,huber,1.0,0.7294089666329113,27.877859115600586,12.596268951892853,22.792739868164062,24,349,0.8152641654014587,2026,396,drop0,30,4,8,test,0,/Users/nyx.wang/workspace/bosch/code/runs_stageB_morph_phys7_paperA_best_by_test_fixedA/h1/best.pth
hunt,2000,h1,p1_h1_head_ln_lr1e-05_l21e+00_ep2000_ss396,stageB_best,head_ln,full,1e-05,0.0001,1.0,0.01,huber,1.0,0.7235835163762796,28.269638061523438,12.732498347759247,23.633834838867188,24,1287,0.823374330997467,2026,396,drop0,30,4,8,test,0,/Users/nyx.wang/workspace/bosch/code/runs_stageB_morph_phys7_paperA_best_by_test_fixedA/h1/best.pth
hunt,2000,h1,p1_h1_head_ln_lr1e-04_l21e+01_ep2000_ss397,stageB_best,head_ln,full,0.0001,0.0001,10.0,0.01,huber,1.0,0.8478768212632667,23.65195655822754,8.934024721384048,16.208847045898438,24,945,0.07759397476911545,2026,397,drop0,30,4,8,test,0,/Users/nyx.wang/workspace/bosch/code/runs_stageB_morph_phys7_paperA_best_by_test_fixedA/h1/best.pth
hunt,2000,h1,p1_h1_head_ln_lr3e-05_l21e+00_ep2000_ss397,stageB_best,head_ln,full,3e-05,0.0001,1.0,0.01,huber,1.0,0.8313174922019503,24.979639053344727,9.412605315446854,17.912445068359375,24,1598,0.08831939846277237,2026,397,drop0,30,4,8,test,0,/Users/nyx.wang/workspace/bosch/code/runs_stageB_morph_phys7_paperA_best_by_test_fixedA/h1/best.pth
hunt,2000,h1,p1_h1_head_ln_lr1e-05_l21e+00_ep2000_ss397,stageB_best,head_ln,full,1e-05,0.0001,1.0,0.01,huber,1.0,0.790262863554076,27.03887176513672,10.07777750492096,18.70641326904297,24,1828,0.09944058209657669,2026,397,drop0,30,4,8,test,0,/Users/nyx.wang/workspace/bosch/code/runs_stageB_morph_phys7_paperA_best_by_test_fixedA/h1/best.pth
hunt,2000,h1,p1_h1_head_ln_lr1e-04_l21e+01_ep2000_ss398,stageB_best,head_ln,full,0.0001,0.0001,10.0,0.01,huber,1.0,0.6144904047564774,27.07623291015625,11.824344843626022,22.246749877929688,24,1210,0.5277329683303833,2026,398,drop0,30,4,8,test,0,/Users/nyx.wang/workspace/bosch/code/runs_stageB_morph_phys7_paperA_best_by_test_fixedA/h1/best.pth
hunt,2000,h1,p1_h1_head_ln_lr3e-05_l21e+00_ep2000_ss398,stageB_best,head_ln,full,3e-05,0.0001,1.0,0.01,huber,1.0,0.5835243975320896,28.28269386291504,12.16251626610756,22.499099731445312,24,1998,0.569250762462616,2026,398,drop0,30,4,8,test,0,/Users/nyx.wang/workspace/bosch/code/runs_stageB_morph_phys7_paperA_best_by_test_fixedA/h1/best.pth
hunt,2000,h1,p1_h1_head_ln_lr1e-05_l21e+00_ep2000_ss398,stageB_best,head_ln,full,1e-05,0.0001,1.0,0.01,huber,1.0,0.5582039049200311,29.187326431274414,12.557750940322876,22.28137969970703,24,1998,0.6652844548225403,2026,398,drop0,30,4,8,test,0,/Users/nyx.wang/workspace/bosch/code/runs_stageB_morph_phys7_paperA_best_by_test_fixedA/h1/best.pth
hunt,2000,h1,p1_h1_head_ln_lr1e-04_l21e+01_ep2000_ss399,stageB_best,head_ln,full,0.0001,0.0001,10.0,0.01,huber,1.0,0.5565202499824974,39.54655838012695,15.130233764648438,23.996063232421875,24,210,0.2945346534252167,2026,399,drop0,30,4,8,test,0,/Users/nyx.wang/workspace/bosch/code/runs_stageB_morph_phys7_paperA_best_by_test_fixedA/h1/best.pth
hunt,2000,h1,p1_h1_head_ln_lr3e-05_l21e+00_ep2000_ss399,stageB_best,head_ln,full,3e-05,0.0001,1.0,0.01,huber,1.0,0.5410397149861261,40.241275787353516,15.280576050281525,24.310287475585938,24,1032,0.3137543201446533,2026,399,drop0,30,4,8,test,0,/Users/nyx.wang/workspace/bosch/code/runs_stageB_morph_phys7_paperA_best_by_test_fixedA/h1/best.pth
hunt,2000,h1,p1_h1_head_ln_lr1e-05_l21e+00_ep2000_ss399,stageB_best,head_ln,full,1e-05,0.0001,1.0,0.01,huber,1.0,0.5315480327044748,40.39057540893555,15.184648334980011,24.360595703125,24,1970,0.33751511573791504,2026,399,drop0,30,4,8,test,0,/Users/nyx.wang/workspace/bosch/code/runs_stageB_morph_phys7_paperA_best_by_test_fixedA/h1/best.pth
hunt,2000,h1,p1_h1_head_ln_lr1e-04_l21e+01_ep2000_ss400,stageB_best,head_ln,full,0.0001,0.0001,10.0,0.01,huber,1.0,0.8154038021067326,18.376054763793945,8.387891203165054,11.032966613769531,24,720,0.5129165053367615,2026,400,drop0,30,4,8,test,0,/Users/nyx.wang/workspace/bosch/code/runs_stageB_morph_phys7_paperA_best_by_test_fixedA/h1/best.pth
hunt,2000,h1,p1_h1_head_ln_lr3e-05_l21e+00_ep2000_ss400,stageB_best,head_ln,full,3e-05,0.0001,1.0,0.01,huber,1.0,0.5785804826391117,31.16387367248535,13.396602869033813,28.81396484375,24,1,0.5120847225189209,2026,400,drop0,30,4,8,test,0,/Users/nyx.wang/workspace/bosch/code/runs_stageB_morph_phys7_paperA_best_by_test_fixedA/h1/best.pth
hunt,2000,h1,p1_h1_head_ln_lr1e-05_l21e+00_ep2000_ss400,stageB_best,head_ln,full,1e-05,0.0001,1.0,0.01,huber,1.0,0.567361138967332,31.579748153686523,13.543535768985748,28.82280731201172,24,1,0.5075845718383789,2026,400,drop0,30,4,8,test,0,/Users/nyx.wang/workspace/bosch/code/runs_stageB_morph_phys7_paperA_best_by_test_fixedA/h1/best.pth
hunt,2000,h1,p1_h1_head_ln_lr1e-04_l21e+01_ep2000_ss401,stageB_best,head_ln,full,0.0001,0.0001,10.0,0.01,huber,1.0,-0.4088040802961279,38.3072624206543,16.67134314775467,24.689682006835938,24,1,0.5027585029602051,2026,401,drop0,30,4,8,test,0,/Users/nyx.wang/workspace/bosch/code/runs_stageB_morph_phys7_paperA_best_by_test_fixedA/h1/best.pth
hunt,2000,h1,p1_h1_head_ln_lr3e-05_l21e+00_ep2000_ss401,stageB_best,head_ln,full,3e-05,0.0001,1.0,0.01,huber,1.0,-0.42709578160363804,39.39885711669922,16.989226639270782,29.059768676757812,24,1,0.4823606014251709,2026,401,drop0,30,4,8,test,0,/Users/nyx.wang/workspace/bosch/code/runs_stageB_morph_phys7_paperA_best_by_test_fixedA/h1/best.pth
hunt,2000,h1,p1_h1_head_ln_lr1e-05_l21e+00_ep2000_ss401,stageB_best,head_ln,full,1e-05,0.0001,1.0,0.01,huber,1.0,-0.43516002299488465,39.728981018066406,17.085830867290497,30.445335388183594,24,1,0.4767080843448639,2026,401,drop0,30,4,8,test,0,/Users/nyx.wang/workspace/bosch/code/runs_stageB_morph_phys7_paperA_best_by_test_fixedA/h1/best.pth
hunt,2000,h1,p1_h1_head_ln_lr1e-04_l21e+01_ep2000_ss402,stageB_best,head_ln,full,0.0001,0.0001,10.0,0.01,huber,1.0,0.3973448929990274,22.6306209564209,10.491591691970825,13.240852355957031,24,58,0.020490767434239388,2026,402,drop0,30,4,8,test,0,/Users/nyx.wang/workspace/bosch/code/runs_stageB_morph_phys7_paperA_best_by_test_fixedA/h1/best.pth
hunt,2000,h1,p1_h1_head_ln_lr3e-05_l21e+00_ep2000_ss402,stageB_best,head_ln,full,3e-05,0.0001,1.0,0.01,huber,1.0,0.38048171676838705,23.23469352722168,10.924938321113586,14.077323913574219,24,154,0.02233246900141239,2026,402,drop0,30,4,8,test,0,/Users/nyx.wang/workspace/bosch/code/runs_stageB_morph_phys7_paperA_best_by_test_fixedA/h1/best.pth
hunt,2000,h1,p1_h1_head_ln_lr1e-05_l21e+00_ep2000_ss402,stageB_best,head_ln,full,1e-05,0.0001,1.0,0.01,huber,1.0,0.33916411053727336,23.660985946655273,11.15814670920372,14.803428649902344,24,354,0.023083804175257683,2026,402,drop0,30,4,8,test,0,/Users/nyx.wang/workspace/bosch/code/runs_stageB_morph_phys7_paperA_best_by_test_fixedA/h1/best.pth
hunt,2000,h1,p1_h1_head_ln_lr1e-04_l21e+01_ep2000_ss403,stageB_best,head_ln,full,0.0001,0.0001,10.0,0.01,huber,1.0,0.7083906267598663,22.287336349487305,8.861079066991806,14.268531799316406,24,265,0.09035951644182205,2026,403,drop0,30,4,8,test,0,/Users/nyx.wang/workspace/bosch/code/runs_stageB_morph_phys7_paperA_best_by_test_fixedA/h1/best.pth
hunt,2000,h1,p1_h1_head_ln_lr3e-05_l21e+00_ep2000_ss403,stageB_best,head_ln,full,3e-05,0.0001,1.0,0.01,huber,1.0,0.702876512205153,23.373388290405273,9.350663423538208,15.771583557128906,24,1170,0.10036023706197739,2026,403,drop0,30,4,8,test,0,/Users/nyx.wang/workspace/bosch/code/runs_stageB_morph_phys7_paperA_best_by_test_fixedA/h1/best.pth
hunt,2000,h1,p1_h1_head_ln_lr1e-05_l21e+00_ep2000_ss403,stageB_best,head_ln,full,1e-05,0.0001,1.0,0.01,huber,1.0,0.6593377121652201,23.161672592163086,9.168525785207748,12.92559814453125,24,1936,0.12787467241287231,2026,403,drop0,30,4,8,test,0,/Users/nyx.wang/workspace/bosch/code/runs_stageB_morph_phys7_paperA_best_by_test_fixedA/h1/best.pth
hunt,2000,h1,p1_h1_head_ln_lr1e-04_l21e+01_ep2000_ss404,stageB_best,head_ln,full,0.0001,0.0001,10.0,0.01,huber,1.0,0.618523566119222,45.71376037597656,18.918579816818237,42.65287780761719,24,25,0.10764697939157486,2026,404,drop0,30,4,8,test,0,/Users/nyx.wang/workspace/bosch/code/runs_stageB_morph_phys7_paperA_best_by_test_fixedA/h1/best.pth
hunt,2000,h1,p1_h1_head_ln_lr3e-05_l21e+00_ep2000_ss404,stageB_best,head_ln,full,3e-05,0.0001,1.0,0.01,huber,1.0,0.6299947538494859,44.99244689941406,18.59554499387741,40.46843719482422,24,26,0.11553775519132614,2026,404,drop0,30,4,8,test,0,/Users/nyx.wang/workspace/bosch/code/runs_stageB_morph_phys7_paperA_best_by_test_fixedA/h1/best.pth
hunt,2000,h1,p1_h1_head_ln_lr1e-05_l21e+00_ep2000_ss404,stageB_best,head_ln,full,1e-05,0.0001,1.0,0.01,huber,1.0,0.6308209629739745,44.984588623046875,18.42680424451828,41.323875427246094,24,210,0.11630768328905106,2026,404,drop0,30,4,8,test,0,/Users/nyx.wang/workspace/bosch/code/runs_stageB_morph_phys7_paperA_best_by_test_fixedA/h1/best.pth
hunt,2000,h1,p1_h1_head_ln_lr1e-04_l21e+01_ep2000_ss405,stageB_best,head_ln,full,0.0001,0.0001,10.0,0.01,huber,1.0,-0.4140593920588844,42.111297607421875,18.24522614479065,18.843307495117188,24,5,0.078018419444561,2026,405,drop0,30,4,8,test,0,/Users/nyx.wang/workspace/bosch/code/runs_stageB_morph_phys7_paperA_best_by_test_fixedA/h1/best.pth
hunt,2000,h1,p1_h1_head_ln_lr3e-05_l21e+00_ep2000_ss405,stageB_best,head_ln,full,3e-05,0.0001,1.0,0.01,huber,1.0,-0.438442110673094,41.887691497802734,18.214233219623566,17.38378143310547,24,27,0.07729045301675797,2026,405,drop0,30,4,8,test,0,/Users/nyx.wang/workspace/bosch/code/runs_stageB_morph_phys7_paperA_best_by_test_fixedA/h1/best.pth
hunt,2000,h1,p1_h1_head_ln_lr1e-05_l21e+00_ep2000_ss405,stageB_best,head_ln,full,1e-05,0.0001,1.0,0.01,huber,1.0,-0.46367128129501944,42.225975036621094,18.372897803783417,17.478652954101562,24,106,0.07852679491043091,2026,405,drop0,30,4,8,test,0,/Users/nyx.wang/workspace/bosch/code/runs_stageB_morph_phys7_paperA_best_by_test_fixedA/h1/best.pth
hunt,2000,h1,p1_h1_head_ln_lr1e-04_l21e+01_ep2000_ss406,stageB_best,head_ln,full,0.0001,0.0001,10.0,0.01,huber,1.0,0.245883318069251,28.95013999938965,14.55126404762268,10.966361999511719,24,956,0.38600030541419983,2026,406,drop0,30,4,8,test,0,/Users/nyx.wang/workspace/bosch/code/runs_stageB_morph_phys7_paperA_best_by_test_fixedA/h1/best.pth
hunt,2000,h1,p1_h1_head_ln_lr3e-05_l21e+00_ep2000_ss406,stageB_best,head_ln,full,3e-05,0.0001,1.0,0.01,huber,1.0,0.22961791537811804,30.309356689453125,15.330570936203003,11.928565979003906,24,1691,0.44328245520591736,2026,406,drop0,30,4,8,test,0,/Users/nyx.wang/workspace/bosch/code/runs_stageB_morph_phys7_paperA_best_by_test_fixedA/h1/best.pth
hunt,2000,h1,p1_h1_head_ln_lr1e-05_l21e+00_ep2000_ss406,stageB_best,head_ln,full,1e-05,0.0001,1.0,0.01,huber,1.0,0.2152447797522975,33.47385787963867,17.072641849517822,19.389442443847656,24,1995,0.567615807056427,2026,406,drop0,30,4,8,test,0,/Users/nyx.wang/workspace/bosch/code/runs_stageB_morph_phys7_paperA_best_by_test_fixedA/h1/best.pth
hunt,2000,h1,p1_h1_head_ln_lr1e-04_l21e+01_ep2000_ss407,stageB_best,head_ln,full,0.0001,0.0001,10.0,0.01,huber,1.0,-0.9497039300312273,47.47835922241211,19.965578615665436,34.53251647949219,24,722,0.17603753507137299,2026,407,drop0,30,4,8,test,0,/Users/nyx.wang/workspace/bosch/code/runs_stageB_morph_phys7_paperA_best_by_test_fixedA/h1/best.pth
hunt,2000,h1,p1_h1_head_ln_lr3e-05_l21e+00_ep2000_ss407,stageB_best,head_ln,full,3e-05,0.0001,1.0,0.01,huber,1.0,-0.9995514350332131,47.855953216552734,20.1701819896698,34.04478454589844,24,1994,0.1804478019475937,2026,407,drop0,30,4,8,test,0,/Users/nyx.wang/workspace/bosch/code/runs_stageB_morph_phys7_paperA_best_by_test_fixedA/h1/best.pth
hunt,2000,h1,p1_h1_head_ln_lr1e-05_l21e+00_ep2000_ss407,stageB_best,head_ln,full,1e-05,0.0001,1.0,0.01,huber,1.0,-1.1038554106308585,49.439361572265625,21.0257887840271,32.21436309814453,24,1998,0.22756661474704742,2026,407,drop0,30,4,8,test,0,/Users/nyx.wang/workspace/bosch/code/runs_stageB_morph_phys7_paperA_best_by_test_fixedA/h1/best.pth
hunt,2000,h1,p1_h1_head_ln_lr1e-04_l21e+01_ep2000_ss408,stageB_best,head_ln,full,0.0001,0.0001,10.0,0.01,huber,1.0,0.704432311576326,26.5999813079834,10.956519842147827,23.00621795654297,24,53,0.47066211700439453,2026,408,drop0,30,4,8,test,0,/Users/nyx.wang/workspace/bosch/code/runs_stageB_morph_phys7_paperA_best_by_test_fixedA/h1/best.pth
hunt,2000,h1,p1_h1_head_ln_lr3e-05_l21e+00_ep2000_ss408,stageB_best,head_ln,full,3e-05,0.0001,1.0,0.01,huber,1.0,0.7065034412533079,26.401351928710938,10.785186290740967,18.98406982421875,24,260,0.48054763674736023,2026,408,drop0,30,4,8,test,0,/Users/nyx.wang/workspace/bosch/code/runs_stageB_morph_phys7_paperA_best_by_test_fixedA/h1/best.pth
hunt,2000,h1,p1_h1_head_ln_lr1e-05_l21e+00_ep2000_ss408,stageB_best,head_ln,full,1e-05,0.0001,1.0,0.01,huber,1.0,0.697629559869922,26.80219078063965,10.840028524398804,19.98810577392578,24,1760,0.4880567491054535,2026,408,drop0,30,4,8,test,0,/Users/nyx.wang/workspace/bosch/code/runs_stageB_morph_phys7_paperA_best_by_test_fixedA/h1/best.pth
hunt,2000,h1,p1_h1_head_ln_lr1e-04_l21e+01_ep2000_ss409,stageB_best,head_ln,full,0.0001,0.0001,10.0,0.01,huber,1.0,0.1494446749125462,29.95682716369629,10.644803196191788,20.85216522216797,24,258,0.241455540060997,2026,409,drop0,30,4,8,test,0,/Users/nyx.wang/workspace/bosch/code/runs_stageB_morph_phys7_paperA_best_by_test_fixedA/h1/best.pth
hunt,2000,h1,p1_h1_head_ln_lr3e-05_l21e+00_ep2000_ss409,stageB_best,head_ln,full,3e-05,0.0001,1.0,0.01,huber,1.0,0.11338355603365069,31.108808517456055,11.03319600224495,20.315765380859375,24,581,0.2574533224105835,2026,409,drop0,30,4,8,test,0,/Users/nyx.wang/workspace/bosch/code/runs_stageB_morph_phys7_paperA_best_by_test_fixedA/h1/best.pth
hunt,2000,h1,p1_h1_head_ln_lr1e-05_l21e+00_ep2000_ss409,stageB_best,head_ln,full,1e-05,0.0001,1.0,0.01,huber,1.0,0.10908429555868626,31.26576805114746,11.098331212997437,19.427001953125,24,1675,0.27500680088996887,2026,409,drop0,30,4,8,test,0,/Users/nyx.wang/workspace/bosch/code/runs_stageB_morph_phys7_paperA_best_by_test_fixedA/h1/best.pth
hunt,2000,h1,p1_h1_head_ln_lr1e-04_l21e+01_ep2000_ss410,stageB_best,head_ln,full,0.0001,0.0001,10.0,0.01,huber,1.0,0.6875778960430838,28.631881713867188,14.052189886569977,25.636123657226562,24,927,0.1376899778842926,2026,410,drop0,30,4,8,test,0,/Users/nyx.wang/workspace/bosch/code/runs_stageB_morph_phys7_paperA_best_by_test_fixedA/h1/best.pth
hunt,2000,h1,p1_h1_head_ln_lr3e-05_l21e+00_ep2000_ss410,stageB_best,head_ln,full,3e-05,0.0001,1.0,0.01,huber,1.0,0.7060206924670978,27.629356384277344,13.374501466751099,25.765419006347656,24,1353,0.16509099304676056,2026,410,drop0,30,4,8,test,0,/Users/nyx.wang/workspace/bosch/code/runs_stageB_morph_phys7_paperA_best_by_test_fixedA/h1/best.pth
hunt,2000,h1,p1_h1_head_ln_lr1e-05_l21e+00_ep2000_ss410,stageB_best,head_ln,full,1e-05,0.0001,1.0,0.01,huber,1.0,0.65865556836738,29.2447566986084,13.845016062259674,26.93982696533203,24,1205,0.20637649297714233,2026,410,drop0,30,4,8,test,0,/Users/nyx.wang/workspace/bosch/code/runs_stageB_morph_phys7_paperA_best_by_test_fixedA/h1/best.pth
hunt,2000,h1,p1_h1_head_ln_lr1e-04_l21e+01_ep2000_ss411,stageB_best,head_ln,full,0.0001,0.0001,10.0,0.01,huber,1.0,0.7496462994152568,33.76286697387695,13.996624946594238,26.43731689453125,24,21,0.2134813815355301,2026,411,drop0,30,4,8,test,0,/Users/nyx.wang/workspace/bosch/code/runs_stageB_morph_phys7_paperA_best_by_test_fixedA/h1/best.pth
hunt,2000,h1,p1_h1_head_ln_lr3e-05_l21e+00_ep2000_ss411,stageB_best,head_ln,full,3e-05,0.0001,1.0,0.01,huber,1.0,0.7805318370610592,31.70607566833496,13.211365044116974,25.341812133789062,24,117,0.22240912914276123,2026,411,drop0,30,4,8,test,0,/Users/nyx.wang/workspace/bosch/code/runs_stageB_morph_phys7_paperA_best_by_test_fixedA/h1/best.pth
hunt,2000,h1,p1_h1_head_ln_lr1e-05_l21e+00_ep2000_ss411,stageB_best,head_ln,full,1e-05,0.0001,1.0,0.01,huber,1.0,0.7342589515265505,34.64830017089844,14.167055487632751,25.902565002441406,24,117,0.22332929074764252,2026,411,drop0,30,4,8,test,0,/Users/nyx.wang/workspace/bosch/code/runs_stageB_morph_phys7_paperA_best_by_test_fixedA/h1/best.pth
hunt,2000,h1,p1_h1_head_ln_lr1e-04_l21e+01_ep2000_ss412,stageB_best,head_ln,full,0.0001,0.0001,10.0,0.01,huber,1.0,0.271289694161282,47.8424072265625,19.8134183883667,35.273338317871094,24,206,0.09681504219770432,2026,412,drop0,30,4,8,test,0,/Users/nyx.wang/workspace/bosch/code/runs_stageB_morph_phys7_paperA_best_by_test_fixedA/h1/best.pth
hunt,2000,h1,p1_h1_head_ln_lr3e-05_l21e+00_ep2000_ss412,stageB_best,head_ln,full,3e-05,0.0001,1.0,0.01,huber,1.0,0.28064109760347455,47.37400817871094,19.666147232055664,35.01282501220703,24,1074,0.09917861223220825,2026,412,drop0,30,4,8,test,0,/Users/nyx.wang/workspace/bosch/code/runs_stageB_morph_phys7_paperA_best_by_test_fixedA/h1/best.pth
hunt,2000,h1,p1_h1_head_ln_lr1e-05_l21e+00_ep2000_ss412,stageB_best,head_ln,full,1e-05,0.0001,1.0,0.01,huber,1.0,0.2402214139434421,49.350406646728516,20.460136234760284,36.828857421875,24,1937,0.10674019902944565,2026,412,drop0,30,4,8,test,0,/Users/nyx.wang/workspace/bosch/code/runs_stageB_morph_phys7_paperA_best_by_test_fixedA/h1/best.pth
hunt,2000,h1,p1_h1_head_ln_lr1e-04_l21e+01_ep2000_ss413,stageB_best,head_ln,full,0.0001,0.0001,10.0,0.01,huber,1.0,0.29252477795028275,36.72632598876953,16.53284877538681,27.980621337890625,24,1136,0.68133544921875,2026,413,drop0,30,4,8,test,0,/Users/nyx.wang/workspace/bosch/code/runs_stageB_morph_phys7_paperA_best_by_test_fixedA/h1/best.pth
hunt,2000,h1,p1_h1_head_ln_lr3e-05_l21e+00_ep2000_ss413,stageB_best,head_ln,full,3e-05,0.0001,1.0,0.01,huber,1.0,0.24560081134312395,37.1575813293457,16.67940467596054,33.564231872558594,24,230,0.7203746438026428,2026,413,drop0,30,4,8,test,0,/Users/nyx.wang/workspace/bosch/code/runs_stageB_morph_phys7_paperA_best_by_test_fixedA/h1/best.pth
hunt,2000,h1,p1_h1_head_ln_lr1e-05_l21e+00_ep2000_ss413,stageB_best,head_ln,full,1e-05,0.0001,1.0,0.01,huber,1.0,0.22188864549151188,38.69205856323242,17.537681758403778,36.323402404785156,24,451,0.7278884053230286,2026,413,drop0,30,4,8,test,0,/Users/nyx.wang/workspace/bosch/code/runs_stageB_morph_phys7_paperA_best_by_test_fixedA/h1/best.pth
hunt,2000,h1,p1_h1_head_ln_lr1e-04_l21e+01_ep2000_ss414,stageB_best,head_ln,full,0.0001,0.0001,10.0,0.01,huber,1.0,0.5871038389237404,25.973175048828125,10.253921896219254,22.37139129638672,24,3,0.3872481882572174,2026,414,drop0,30,4,8,test,0,/Users/nyx.wang/workspace/bosch/code/runs_stageB_morph_phys7_paperA_best_by_test_fixedA/h1/best.pth
hunt,2000,h1,p1_h1_head_ln_lr3e-05_l21e+00_ep2000_ss414,stageB_best,head_ln,full,3e-05,0.0001,1.0,0.01,huber,1.0,0.5752869528617943,26.583688735961914,10.48249825835228,23.438499450683594,24,8,0.38781774044036865,2026,414,drop0,30,4,8,test,0,/Users/nyx.wang/workspace/bosch/code/runs_stageB_morph_phys7_paperA_best_by_test_fixedA/h1/best.pth
hunt,2000,h1,p1_h1_head_ln_lr1e-05_l21e+00_ep2000_ss414,stageB_best,head_ln,full,1e-05,0.0001,1.0,0.01,huber,1.0,0.5804157432763108,26.347854614257812,10.398438572883606,23.287353515625,24,25,0.3881533145904541,2026,414,drop0,30,4,8,test,0,/Users/nyx.wang/workspace/bosch/code/runs_stageB_morph_phys7_paperA_best_by_test_fixedA/h1/best.pth
hunt,2000,h1,p1_h1_head_ln_lr1e-04_l21e+01_ep2000_ss415,stageB_best,head_ln,full,0.0001,0.0001,10.0,0.01,huber,1.0,0.6375905749215496,24.130857467651367,9.664252400398254,15.852218627929688,24,462,0.11984813958406448,2026,415,drop0,30,4,8,test,0,/Users/nyx.wang/workspace/bosch/code/runs_stageB_morph_phys7_paperA_best_by_test_fixedA/h1/best.pth
hunt,2000,h1,p1_h1_head_ln_lr3e-05_l21e+00_ep2000_ss415,stageB_best,head_ln,full,3e-05,0.0001,1.0,0.01,huber,1.0,0.6571164996190859,23.60485076904297,9.559983760118484,15.908943176269531,24,1164,0.1422584503889084,2026,415,drop0,30,4,8,test,0,/Users/nyx.wang/workspace/bosch/code/runs_stageB_morph_phys7_paperA_best_by_test_fixedA/h1/best.pth
hunt,2000,h1,p1_h1_head_ln_lr1e-05_l21e+00_ep2000_ss415,stageB_best,head_ln,full,1e-05,0.0001,1.0,0.01,huber,1.0,0.6750608933924618,22.76356315612793,9.311020374298096,14.354789733886719,24,707,0.15836097300052643,2026,415,drop0,30,4,8,test,0,/Users/nyx.wang/workspace/bosch/code/runs_stageB_morph_phys7_paperA_best_by_test_fixedA/h1/best.pth
hunt,2000,h1,p1_h1_head_ln_lr1e-04_l21e+01_ep2000_ss416,stageB_best,head_ln,full,0.0001,0.0001,10.0,0.01,huber,1.0,0.5480128989450127,37.28025817871094,11.87504529953003,24.882675170898438,24,5,0.8445469737052917,2026,416,drop0,30,4,8,test,0,/Users/nyx.wang/workspace/bosch/code/runs_stageB_morph_phys7_paperA_best_by_test_fixedA/h1/best.pth
hunt,2000,h1,p1_h1_head_ln_lr3e-05_l21e+00_ep2000_ss416,stageB_best,head_ln,full,3e-05,0.0001,1.0,0.01,huber,1.0,0.5461410847180905,37.703697204589844,12.066913396120071,25.276153564453125,24,19,0.8546916842460632,2026,416,drop0,30,4,8,test,0,/Users/nyx.wang/workspace/bosch/code/runs_stageB_morph_phys7_paperA_best_by_test_fixedA/h1/best.pth
hunt,2000,h1,p1_h1_head_ln_lr1e-05_l21e+00_ep2000_ss416,stageB_best,head_ln,full,1e-05,0.0001,1.0,0.01,huber,1.0,0.552346123362517,37.2730712890625,11.909476667642593,24.768104553222656,24,54,0.8512279391288757,2026,416,drop0,30,4,8,test,0,/Users/nyx.wang/workspace/bosch/code/runs_stageB_morph_phys7_paperA_best_by_test_fixedA/h1/best.pth
hunt,2000,h1,p1_h1_head_ln_lr1e-04_l21e+01_ep2000_ss417,stageB_best,head_ln,full,0.0001,0.0001,10.0,0.01,huber,1.0,0.5919888549439396,33.17656326293945,18.948018550872803,26.938705444335938,24,58,0.027838507667183876,2026,417,drop0,30,4,8,test,0,/Users/nyx.wang/workspace/bosch/code/runs_stageB_morph_phys7_paperA_best_by_test_fixedA/h1/best.pth
hunt,2000,h1,p1_h1_head_ln_lr3e-05_l21e+00_ep2000_ss417,stageB_best,head_ln,full,3e-05,0.0001,1.0,0.01,huber,1.0,0.6242581995774621,31.984041213989258,18.547095358371735,27.597900390625,24,61,0.031949013471603394,2026,417,drop0,30,4,8,test,0,/Users/nyx.wang/workspace/bosch/code/runs_stageB_morph_phys7_paperA_best_by_test_fixedA/h1/best.pth
hunt,2000,h1,p1_h1_head_ln_lr1e-05_l21e+00_ep2000_ss417,stageB_best,head_ln,full,1e-05,0.0001,1.0,0.01,huber,1.0,0.6611086324431013,30.149917602539062,17.40599274635315,26.5096435546875,24,37,0.032464977353811264,2026,417,drop0,30,4,8,test,0,/Users/nyx.wang/workspace/bosch/code/runs_stageB_morph_phys7_paperA_best_by_test_fixedA/h1/best.pth
hunt,2000,h1,p1_h1_head_ln_lr1e-04_l21e+01_ep2000_ss418,stageB_best,head_ln,full,0.0001,0.0001,10.0,0.01,huber,1.0,-0.2663322994980377,36.89118576049805,15.549252927303314,27.84392547607422,24,1,0.30307483673095703,2026,418,drop0,30,4,8,test,0,/Users/nyx.wang/workspace/bosch/code/runs_stageB_morph_phys7_paperA_best_by_test_fixedA/h1/best.pth
hunt,2000,h1,p1_h1_head_ln_lr3e-05_l21e+00_ep2000_ss418,stageB_best,head_ln,full,3e-05,0.0001,1.0,0.01,huber,1.0,-0.3392559678777014,38.38425827026367,16.159968078136444,29.863113403320312,24,1,0.30063533782958984,2026,418,drop0,30,4,8,test,0,/Users/nyx.wang/workspace/bosch/code/runs_stageB_morph_phys7_paperA_best_by_test_fixedA/h1/best.pth
hunt,2000,h1,p1_h1_head_ln_lr1e-05_l21e+00_ep2000_ss418,stageB_best,head_ln,full,1e-05,0.0001,1.0,0.01,huber,1.0,-0.36120421574297223,38.822181701660156,16.34042263031006,30.53009033203125,24,1,0.300128698348999,2026,418,drop0,30,4,8,test,0,/Users/nyx.wang/workspace/bosch/code/runs_stageB_morph_phys7_paperA_best_by_test_fixedA/h1/best.pth
hunt,2000,h1,p1_h1_head_ln_lr1e-04_l21e+01_ep2000_ss419,stageB_best,head_ln,full,0.0001,0.0001,10.0,0.01,huber,1.0,0.4775767772734596,26.110742568969727,16.443009674549103,16.781967163085938,24,1357,0.39658573269844055,2026,419,drop0,30,4,8,test,0,/Users/nyx.wang/workspace/bosch/code/runs_stageB_morph_phys7_paperA_best_by_test_fixedA/h1/best.pth
hunt,2000,h1,p1_h1_head_ln_lr3e-05_l21e+00_ep2000_ss419,stageB_best,head_ln,full,3e-05,0.0001,1.0,0.01,huber,1.0,0.4646437862755354,26.6491756439209,16.823245584964752,18.089859008789062,24,1997,0.4389704763889313,2026,419,drop0,30,4,8,test,0,/Users/nyx.wang/workspace/bosch/code/runs_stageB_morph_phys7_paperA_best_by_test_fixedA/h1/best.pth
hunt,2000,h1,p1_h1_head_ln_lr1e-05_l21e+00_ep2000_ss419,stageB_best,head_ln,full,1e-05,0.0001,1.0,0.01,huber,1.0,0.3982290664729039,30.240732192993164,18.838493525981903,23.146034240722656,24,2000,0.5617297291755676,2026,419,drop0,30,4,8,test,0,/Users/nyx.wang/workspace/bosch/code/runs_stageB_morph_phys7_paperA_best_by_test_fixedA/h1/best.pth
hunt,2000,h1,p1_h1_head_ln_lr1e-04_l21e+01_ep2000_ss420,stageB_best,head_ln,full,0.0001,0.0001,10.0,0.01,huber,1.0,0.05273723492423654,37.28097152709961,18.413352966308594,31.10204315185547,24,7,0.13059143722057343,2026,420,drop0,30,4,8,test,0,/Users/nyx.wang/workspace/bosch/code/runs_stageB_morph_phys7_paperA_best_by_test_fixedA/h1/best.pth
hunt,2000,h1,p1_h1_head_ln_lr3e-05_l21e+00_ep2000_ss420,stageB_best,head_ln,full,3e-05,0.0001,1.0,0.01,huber,1.0,-0.08678122430229096,37.53874969482422,18.744754791259766,24.860984802246094,24,149,0.14028094708919525,2026,420,drop0,30,4,8,test,0,/Users/nyx.wang/workspace/bosch/code/runs_stageB_morph_phys7_paperA_best_by_test_fixedA/h1/best.pth
hunt,2000,h1,p1_h1_head_ln_lr1e-05_l21e+00_ep2000_ss420,stageB_best,head_ln,full,1e-05,0.0001,1.0,0.01,huber,1.0,0.005757577987725693,37.39902877807617,18.5038223862648,31.421043395996094,24,199,0.14333850145339966,2026,420,drop0,30,4,8,test,0,/Users/nyx.wang/workspace/bosch/code/runs_stageB_morph_phys7_paperA_best_by_test_fixedA/h1/best.pth
hunt,2000,h1,p1_h1_head_ln_lr1e-04_l21e+01_ep2000_ss421,stageB_best,head_ln,full,0.0001,0.0001,10.0,0.01,huber,1.0,-0.17826063357789557,40.87718200683594,23.664386570453644,27.040023803710938,24,892,0.05301230773329735,2026,421,drop0,30,4,8,test,0,/Users/nyx.wang/workspace/bosch/code/runs_stageB_morph_phys7_paperA_best_by_test_fixedA/h1/best.pth
hunt,2000,h1,p1_h1_head_ln_lr3e-05_l21e+00_ep2000_ss421,stageB_best,head_ln,full,3e-05,0.0001,1.0,0.01,huber,1.0,-0.2727611449775771,41.379268646240234,24.362464249134064,27.952804565429688,24,1993,0.06842853873968124,2026,421,drop0,30,4,8,test,0,/Users/nyx.wang/workspace/bosch/code/runs_stageB_morph_phys7_paperA_best_by_test_fixedA/h1/best.pth
hunt,2000,h1,p1_h1_head_ln_lr1e-05_l21e+00_ep2000_ss421,stageB_best,head_ln,full,1e-05,0.0001,1.0,0.01,huber,1.0,-0.32959460495743986,41.71290969848633,24.333716928958893,21.951210021972656,24,1999,0.13834148645401,2026,421,drop0,30,4,8,test,0,/Users/nyx.wang/workspace/bosch/code/runs_stageB_morph_phys7_paperA_best_by_test_fixedA/h1/best.pth
hunt,2000,h1,p1_h1_head_ln_lr1e-04_l21e+01_ep2000_ss422,stageB_best,head_ln,full,0.0001,0.0001,10.0,0.01,huber,1.0,0.7235880332712099,30.950990676879883,11.045519262552261,19.68848419189453,24,102,0.17860789597034454,2026,422,drop0,30,4,8,test,0,/Users/nyx.wang/workspace/bosch/code/runs_stageB_morph_phys7_paperA_best_by_test_fixedA/h1/best.pth
hunt,2000,h1,p1_h1_head_ln_lr3e-05_l21e+00_ep2000_ss422,stageB_best,head_ln,full,3e-05,0.0001,1.0,0.01,huber,1.0,0.7341412794127542,30.664352416992188,10.995421558618546,19.724990844726562,24,305,0.17723441123962402,2026,422,drop0,30,4,8,test,0,/Users/nyx.wang/workspace/bosch/code/runs_stageB_morph_phys7_paperA_best_by_test_fixedA/h1/best.pth
hunt,2000,h1,p1_h1_head_ln_lr1e-05_l21e+00_ep2000_ss422,stageB_best,head_ln,full,1e-05,0.0001,1.0,0.01,huber,1.0,0.7309296568270764,30.73994255065918,11.001408100128174,19.567184448242188,24,1193,0.17739486694335938,2026,422,drop0,30,4,8,test,0,/Users/nyx.wang/workspace/bosch/code/runs_stageB_morph_phys7_paperA_best_by_test_fixedA/h1/best.pth
hunt,2000,h1,p1_h1_head_ln_lr1e-04_l21e+01_ep2000_ss423,stageB_best,head_ln,full,0.0001,0.0001,10.0,0.01,huber,1.0,0.2551341806375793,43.73414611816406,20.242321491241455,26.513839721679688,24,1,0.39975833892822266,2026,423,drop0,30,4,8,test,0,/Users/nyx.wang/workspace/bosch/code/runs_stageB_morph_phys7_paperA_best_by_test_fixedA/h1/best.pth
hunt,2000,h1,p1_h1_head_ln_lr3e-05_l21e+00_ep2000_ss423,stageB_best,head_ln,full,3e-05,0.0001,1.0,0.01,huber,1.0,0.24846375658267905,43.81037521362305,19.8408842086792,25.813430786132812,24,1,0.3940102159976959,2026,423,drop0,30,4,8,test,0,/Users/nyx.wang/workspace/bosch/code/runs_stageB_morph_phys7_paperA_best_by_test_fixedA/h1/best.pth
hunt,2000,h1,p1_h1_head_ln_lr1e-05_l21e+00_ep2000_ss423,stageB_best,head_ln,full,1e-05,0.0001,1.0,0.01,huber,1.0,0.24470190860043128,43.95021438598633,19.773732125759125,25.640655517578125,24,1,0.3933074474334717,2026,423,drop0,30,4,8,test,0,/Users/nyx.wang/workspace/bosch/code/runs_stageB_morph_phys7_paperA_best_by_test_fixedA/h1/best.pth
hunt,2000,h1,p1_h1_head_ln_lr1e-04_l21e+01_ep2000_ss424,stageB_best,head_ln,full,0.0001,0.0001,10.0,0.01,huber,1.0,-0.10016884153045047,29.77086067199707,12.15822920203209,14.980514526367188,24,604,0.043155137449502945,2026,424,drop0,30,4,8,test,0,/Users/nyx.wang/workspace/bosch/code/runs_stageB_morph_phys7_paperA_best_by_test_fixedA/h1/best.pth
hunt,2000,h1,p1_h1_head_ln_lr3e-05_l21e+00_ep2000_ss424,stageB_best,head_ln,full,3e-05,0.0001,1.0,0.01,huber,1.0,-0.08224669368461446,28.39806365966797,11.429063230752945,13.369384765625,24,1559,0.0665060356259346,2026,424,drop0,30,4,8,test,0,/Users/nyx.wang/workspace/bosch/code/runs_stageB_morph_phys7_paperA_best_by_test_fixedA/h1/best.pth
hunt,2000,h1,p1_h1_head_ln_lr1e-05_l21e+00_ep2000_ss424,stageB_best,head_ln,full,1e-05,0.0001,1.0,0.01,huber,1.0,-0.0604931238535209,27.3856143951416,10.98167672753334,13.576324462890625,24,1997,0.14654101431369781,2026,424,drop0,30,4,8,test,0,/Users/nyx.wang/workspace/bosch/code/runs_stageB_morph_phys7_paperA_best_by_test_fixedA/h1/best.pth
hunt,2000,h1,p1_h1_head_ln_lr1e-04_l21e+01_ep2000_ss425,stageB_best,head_ln,full,0.0001,0.0001,10.0,0.01,huber,1.0,0.3269720492480036,34.30010223388672,12.654201686382294,29.265525817871094,24,24,0.24692346155643463,2026,425,drop0,30,4,8,test,0,/Users/nyx.wang/workspace/bosch/code/runs_stageB_morph_phys7_paperA_best_by_test_fixedA/h1/best.pth
hunt,2000,h1,p1_h1_head_ln_lr3e-05_l21e+00_ep2000_ss425,stageB_best,head_ln,full,3e-05,0.0001,1.0,0.01,huber,1.0,0.3415490618497631,33.645790100097656,12.4404676258564,29.061790466308594,24,89,0.24711322784423828,2026,425,drop0,30,4,8,test,0,/Users/nyx.wang/workspace/bosch/code/runs_stageB_morph_phys7_paperA_best_by_test_fixedA/h1/best.pth
hunt,2000,h1,p1_h1_head_ln_lr1e-05_l21e+00_ep2000_ss425,stageB_best,head_ln,full,1e-05,0.0001,1.0,0.01,huber,1.0,0.33911796349316214,33.395870208740234,12.334194034337997,28.326629638671875,24,309,0.24651922285556793,2026,425,drop0,30,4,8,test,0,/Users/nyx.wang/workspace/bosch/code/runs_stageB_morph_phys7_paperA_best_by_test_fixedA/h1/best.pth
hunt,2000,h1,p1_h1_head_ln_lr1e-04_l21e+01_ep2000_ss426,stageB_best,head_ln,full,0.0001,0.0001,10.0,0.01,huber,1.0,0.13719876567398115,31.9846248626709,15.748287737369537,16.122909545898438,24,382,0.1764288693666458,2026,426,drop0,30,4,8,test,0,/Users/nyx.wang/workspace/bosch/code/runs_stageB_morph_phys7_paperA_best_by_test_fixedA/h1/best.pth
hunt,2000,h1,p1_h1_head_ln_lr3e-05_l21e+00_ep2000_ss426,stageB_best,head_ln,full,3e-05,0.0001,1.0,0.01,huber,1.0,0.10877054877593673,32.631710052490234,15.940016508102417,17.690223693847656,24,984,0.18616437911987305,2026,426,drop0,30,4,8,test,0,/Users/nyx.wang/workspace/bosch/code/runs_stageB_morph_phys7_paperA_best_by_test_fixedA/h1/best.pth
hunt,2000,h1,p1_h1_head_ln_lr1e-05_l21e+00_ep2000_ss426,stageB_best,head_ln,full,1e-05,0.0001,1.0,0.01,huber,1.0,0.1051297301836095,33.63315963745117,16.24779850244522,19.716148376464844,24,1957,0.21020281314849854,2026,426,drop0,30,4,8,test,0,/Users/nyx.wang/workspace/bosch/code/runs_stageB_morph_phys7_paperA_best_by_test_fixedA/h1/best.pth
hunt,2000,h1,p1_h1_head_ln_lr1e-04_l21e+01_ep2000_ss427,stageB_best,head_ln,full,0.0001,0.0001,10.0,0.01,huber,1.0,0.1990749219516572,32.349056243896484,13.916011154651642,24.93848419189453,24,9,0.1919230818748474,2026,427,drop0,30,4,8,test,0,/Users/nyx.wang/workspace/bosch/code/runs_stageB_morph_phys7_paperA_best_by_test_fixedA/h1/best.pth
hunt,2000,h1,p1_h1_head_ln_lr3e-05_l21e+00_ep2000_ss427,stageB_best,head_ln,full,3e-05,0.0001,1.0,0.01,huber,1.0,0.18696950722130068,32.74457931518555,13.9590784907341,26.439186096191406,24,39,0.2048954963684082,2026,427,drop0,30,4,8,test,0,/Users/nyx.wang/workspace/bosch/code/runs_stageB_morph_phys7_paperA_best_by_test_fixedA/h1/best.pth
hunt,2000,h1,p1_h1_head_ln_lr1e-05_l21e+00_ep2000_ss427,stageB_best,head_ln,full,1e-05,0.0001,1.0,0.01,huber,1.0,0.18853648189524574,32.60531997680664,13.92187625169754,25.975502014160156,24,120,0.20148545503616333,2026,427,drop0,30,4,8,test,0,/Users/nyx.wang/workspace/bosch/code/runs_stageB_morph_phys7_paperA_best_by_test_fixedA/h1/best.pth
hunt,2000,h1,p1_h1_head_ln_lr1e-04_l21e+01_ep2000_ss428,stageB_best,head_ln,full,0.0001,0.0001,10.0,0.01,huber,1.0,0.7035455919592979,32.8781852722168,12.354104965925217,26.058822631835938,24,269,0.032764602452516556,2026,428,drop0,30,4,8,test,0,/Users/nyx.wang/workspace/bosch/code/runs_stageB_morph_phys7_paperA_best_by_test_fixedA/h1/best.pth
hunt,2000,h1,p1_h1_head_ln_lr3e-05_l21e+00_ep2000_ss428,stageB_best,head_ln,full,3e-05,0.0001,1.0,0.01,huber,1.0,0.7118410230146365,32.30179214477539,12.038706988096237,25.475135803222656,24,667,0.03620598092675209,2026,428,drop0,30,4,8,test,0,/Users/nyx.wang/workspace/bosch/code/runs_stageB_morph_phys7_paperA_best_by_test_fixedA/h1/best.pth
hunt,2000,h1,p1_h1_head_ln_lr1e-05_l21e+00_ep2000_ss428,stageB_best,head_ln,full,1e-05,0.0001,1.0,0.01,huber,1.0,0.7040701805375877,32.196258544921875,11.816618591547012,25.3802490234375,24,1851,0.0450420081615448,2026,428,drop0,30,4,8,test,0,/Users/nyx.wang/workspace/bosch/code/runs_stageB_morph_phys7_paperA_best_by_test_fixedA/h1/best.pth
hunt,2000,h1,p1_h1_head_ln_lr1e-04_l21e+01_ep2000_ss429,stageB_best,head_ln,full,0.0001,0.0001,10.0,0.01,huber,1.0,0.29050191368726075,39.59379577636719,19.182829558849335,28.95806121826172,24,1,0.27423569560050964,2026,429,drop0,30,4,8,test,0,/Users/nyx.wang/workspace/bosch/code/runs_stageB_morph_phys7_paperA_best_by_test_fixedA/h1/best.pth
hunt,2000,h1,p1_h1_head_ln_lr3e-05_l21e+00_ep2000_ss429,stageB_best,head_ln,full,3e-05,0.0001,1.0,0.01,huber,1.0,0.29072619615922546,40.52845001220703,19.303520023822784,29.248764038085938,24,1,0.25005215406417847,2026,429,drop0,30,4,8,test,0,/Users/nyx.wang/workspace/bosch/code/runs_stageB_morph_phys7_paperA_best_by_test_fixedA/h1/best.pth
hunt,2000,h1,p1_h1_head_ln_lr1e-05_l21e+00_ep2000_ss429,stageB_best,head_ln,full,1e-05,0.0001,1.0,0.01,huber,1.0,0.28915085885614267,40.809696197509766,19.340205192565918,30.061546325683594,24,1,0.24348030984401703,2026,429,drop0,30,4,8,test,0,/Users/nyx.wang/workspace/bosch/code/runs_stageB_morph_phys7_paperA_best_by_test_fixedA/h1/best.pth
hunt,2000,h1,p1_h1_head_ln_lr1e-04_l21e+01_ep2000_ss430,stageB_best,head_ln,full,0.0001,0.0001,10.0,0.01,huber,1.0,0.2488279598732409,41.622589111328125,15.589244663715363,33.215858459472656,24,76,0.5921701788902283,2026,430,drop0,30,4,8,test,0,/Users/nyx.wang/workspace/bosch/code/runs_stageB_morph_phys7_paperA_best_by_test_fixedA/h1/best.pth
hunt,2000,h1,p1_h1_head_ln_lr3e-05_l21e+00_ep2000_ss430,stageB_best,head_ln,full,3e-05,0.0001,1.0,0.01,huber,1.0,0.2862092690364505,39.95291519165039,14.950737357139587,30.822547912597656,24,362,0.5932760834693909,2026,430,drop0,30,4,8,test,0,/Users/nyx.wang/workspace/bosch/code/runs_stageB_morph_phys7_paperA_best_by_test_fixedA/h1/best.pth
hunt,2000,h1,p1_h1_head_ln_lr1e-05_l21e+00_ep2000_ss430,stageB_best,head_ln,full,1e-05,0.0001,1.0,0.01,huber,1.0,0.29335316737266515,39.632328033447266,14.816011488437653,30.368240356445312,24,1980,0.5987223982810974,2026,430,drop0,30,4,8,test,0,/Users/nyx.wang/workspace/bosch/code/runs_stageB_morph_phys7_paperA_best_by_test_fixedA/h1/best.pth
hunt,2000,h1,p1_h1_head_ln_lr1e-04_l21e+01_ep2000_ss431,stageB_best,head_ln,full,0.0001,0.0001,10.0,0.01,huber,1.0,0.6356854243966188,37.701351165771484,21.287012100219727,37.651573181152344,24,1107,0.3431936800479889,2026,431,drop0,30,4,8,test,0,/Users/nyx.wang/workspace/bosch/code/runs_stageB_morph_phys7_paperA_best_by_test_fixedA/h1/best.pth
hunt,2000,h1,p1_h1_head_ln_lr3e-05_l21e+00_ep2000_ss431,stageB_best,head_ln,full,3e-05,0.0001,1.0,0.01,huber,1.0,0.5742639780794132,40.54200744628906,23.001693189144135,40.64130401611328,24,1368,0.37704455852508545,2026,431,drop0,30,4,8,test,0,/Users/nyx.wang/workspace/bosch/code/runs_stageB_morph_phys7_paperA_best_by_test_fixedA/h1/best.pth
hunt,2000,h1,p1_h1_head_ln_lr1e-05_l21e+00_ep2000_ss431,stageB_best,head_ln,full,1e-05,0.0001,1.0,0.01,huber,1.0,0.3470079798878878,49.44744873046875,24.969108402729034,52.19696044921875,24,1,0.3895433247089386,2026,431,drop0,30,4,8,test,0,/Users/nyx.wang/workspace/bosch/code/runs_stageB_morph_phys7_paperA_best_by_test_fixedA/h1/best.pth
hunt,2000,h1,p1_h1_head_ln_lr1e-04_l21e+01_ep2000_ss432,stageB_best,head_ln,full,0.0001,0.0001,10.0,0.01,huber,1.0,0.21840231992487658,28.496231079101562,11.380338668823242,22.676834106445312,24,599,0.3680289685726166,2026,432,drop0,30,4,8,test,0,/Users/nyx.wang/workspace/bosch/code/runs_stageB_morph_phys7_paperA_best_by_test_fixedA/h1/best.pth
hunt,2000,h1,p1_h1_head_ln_lr3e-05_l21e+00_ep2000_ss432,stageB_best,head_ln,full,3e-05,0.0001,1.0,0.01,huber,1.0,0.25462923984825914,27.68406867980957,10.958152264356613,23.50121307373047,24,1372,0.38589486479759216,2026,432,drop0,30,4,8,test,0,/Users/nyx.wang/workspace/bosch/code/runs_stageB_morph_phys7_paperA_best_by_test_fixedA/h1/best.pth
hunt,2000,h1,p1_h1_head_ln_lr1e-05_l21e+00_ep2000_ss432,stageB_best,head_ln,full,1e-05,0.0001,1.0,0.01,huber,1.0,0.2637594618446213,27.80290985107422,11.082646250724792,19.279212951660156,24,1171,0.40508225560188293,2026,432,drop0,30,4,8,test,0,/Users/nyx.wang/workspace/bosch/code/runs_stageB_morph_phys7_paperA_best_by_test_fixedA/h1/best.pth
hunt,2000,h1,p1_h1_head_ln_lr1e-04_l21e+01_ep2000_ss433,stageB_best,head_ln,full,0.0001,0.0001,10.0,0.01,huber,1.0,0.4574410739461713,28.030807495117188,14.979135990142822,20.13005828857422,24,1061,0.11562838405370712,2026,433,drop0,30,4,8,test,0,/Users/nyx.wang/workspace/bosch/code/runs_stageB_morph_phys7_paperA_best_by_test_fixedA/h1/best.pth
hunt,2000,h1,p1_h1_head_ln_lr3e-05_l21e+00_ep2000_ss433,stageB_best,head_ln,full,3e-05,0.0001,1.0,0.01,huber,1.0,0.48979251433700566,27.287282943725586,14.44169133901596,20.535560607910156,24,1754,0.1297866553068161,2026,433,drop0,30,4,8,test,0,/Users/nyx.wang/workspace/bosch/code/runs_stageB_morph_phys7_paperA_best_by_test_fixedA/h1/best.pth
hunt,2000,h1,p1_h1_head_ln_lr1e-05_l21e+00_ep2000_ss433,stageB_best,head_ln,full,1e-05,0.0001,1.0,0.01,huber,1.0,0.6078098885266141,23.520429611206055,12.084736675024033,18.06237030029297,24,2000,0.18085844814777374,2026,433,drop0,30,4,8,test,0,/Users/nyx.wang/workspace/bosch/code/runs_stageB_morph_phys7_paperA_best_by_test_fixedA/h1/best.pth
hunt,2000,h1,p1_h1_head_ln_lr1e-04_l21e+01_ep2000_ss434,stageB_best,head_ln,full,0.0001,0.0001,10.0,0.01,huber,1.0,0.3186801609749965,23.554574966430664,10.469483584165573,13.979415893554688,24,775,0.33555760979652405,2026,434,drop0,30,4,8,test,0,/Users/nyx.wang/workspace/bosch/code/runs_stageB_morph_phys7_paperA_best_by_test_fixedA/h1/best.pth
hunt,2000,h1,p1_h1_head_ln_lr3e-05_l21e+00_ep2000_ss434,stageB_best,head_ln,full,3e-05,0.0001,1.0,0.01,huber,1.0,-0.22077137283882053,35.298892974853516,15.458381175994873,31.13842010498047,24,1,0.3360491693019867,2026,434,drop0,30,4,8,test,0,/Users/nyx.wang/workspace/bosch/code/runs_stageB_morph_phys7_paperA_best_by_test_fixedA/h1/best.pth
hunt,2000,h1,p1_h1_head_ln_lr1e-05_l21e+00_ep2000_ss434,stageB_best,head_ln,full,1e-05,0.0001,1.0,0.01,huber,1.0,-0.2022599929298563,34.9653205871582,15.318563580513,31.058822631835938,24,5,0.3358248472213745,2026,434,drop0,30,4,8,test,0,/Users/nyx.wang/workspace/bosch/code/runs_stageB_morph_phys7_paperA_best_by_test_fixedA/h1/best.pth
hunt,2000,h1,p1_h1_head_ln_lr1e-04_l21e+01_ep2000_ss435,stageB_best,head_ln,full,0.0001,0.0001,10.0,0.01,huber,1.0,0.49844307742255123,46.50880432128906,20.409919321537018,27.578025817871094,24,4,0.28878986835479736,2026,435,drop0,30,4,8,test,0,/Users/nyx.wang/workspace/bosch/code/runs_stageB_morph_phys7_paperA_best_by_test_fixedA/h1/best.pth
hunt,2000,h1,p1_h1_head_ln_lr3e-05_l21e+00_ep2000_ss435,stageB_best,head_ln,full,3e-05,0.0001,1.0,0.01,huber,1.0,0.5016469645293892,46.421173095703125,20.35592943429947,27.50555419921875,24,19,0.2925387918949127,2026,435,drop0,30,4,8,test,0,/Users/nyx.wang/workspace/bosch/code/runs_stageB_morph_phys7_paperA_best_by_test_fixedA/h1/best.pth
hunt,2000,h1,p1_h1_head_ln_lr1e-05_l21e+00_ep2000_ss435,stageB_best,head_ln,full,1e-05,0.0001,1.0,0.01,huber,1.0,0.5049392026594925,46.17593765258789,20.120055973529816,28.231460571289062,24,50,0.2920471727848053,2026,435,drop0,30,4,8,test,0,/Users/nyx.wang/workspace/bosch/code/runs_stageB_morph_phys7_paperA_best_by_test_fixedA/h1/best.pth
hunt,2000,h1,p1_h1_head_ln_lr1e-04_l21e+01_ep2000_ss436,stageB_best,head_ln,full,0.0001,0.0001,10.0,0.01,huber,1.0,0.5205439852297388,32.0009651184082,9.948214143514633,14.817207336425781,24,65,0.10176336020231247,2026,436,drop0,30,4,8,test,0,/Users/nyx.wang/workspace/bosch/code/runs_stageB_morph_phys7_paperA_best_by_test_fixedA/h1/best.pth
hunt,2000,h1,p1_h1_head_ln_lr3e-05_l21e+00_ep2000_ss436,stageB_best,head_ln,full,3e-05,0.0001,1.0,0.01,huber,1.0,0.5296708900853082,31.74375343322754,9.962648153305054,14.840507507324219,24,288,0.1005750298500061,2026,436,drop0,30,4,8,test,0,/Users/nyx.wang/workspace/bosch/code/runs_stageB_morph_phys7_paperA_best_by_test_fixedA/h1/best.pth
hunt,2000,h1,p1_h1_head_ln_lr1e-05_l21e+00_ep2000_ss436,stageB_best,head_ln,full,1e-05,0.0001,1.0,0.01,huber,1.0,0.5206359292486878,31.895584106445312,9.97050330042839,14.805068969726562,24,956,0.10123881697654724,2026,436,drop0,30,4,8,test,0,/Users/nyx.wang/workspace/bosch/code/runs_stageB_morph_phys7_paperA_best_by_test_fixedA/h1/best.pth
hunt,2000,h1,p1_h1_head_ln_lr1e-04_l21e+01_ep2000_ss437,stageB_best,head_ln,full,0.0001,0.0001,10.0,0.01,huber,1.0,0.5088993300611506,32.94306945800781,14.692442119121552,26.635292053222656,24,830,0.13079838454723358,2026,437,drop0,30,4,8,test,0,/Users/nyx.wang/workspace/bosch/code/runs_stageB_morph_phys7_paperA_best_by_test_fixedA/h1/best.pth
hunt,2000,h1,p1_h1_head_ln_lr3e-05_l21e+00_ep2000_ss437,stageB_best,head_ln,full,3e-05,0.0001,1.0,0.01,huber,1.0,0.5284622285806057,33.44522476196289,14.824862778186798,25.43871307373047,24,1119,0.1384512037038803,2026,437,drop0,30,4,8,test,0,/Users/nyx.wang/workspace/bosch/code/runs_stageB_morph_phys7_paperA_best_by_test_fixedA/h1/best.pth
hunt,2000,h1,p1_h1_head_ln_lr1e-05_l21e+00_ep2000_ss437,stageB_best,head_ln,full,1e-05,0.0001,1.0,0.01,huber,1.0,0.4860488060849779,36.37343978881836,16.158749163150787,33.711936950683594,24,1902,0.1531638354063034,2026,437,drop0,30,4,8,test,0,/Users/nyx.wang/workspace/bosch/code/runs_stageB_morph_phys7_paperA_best_by_test_fixedA/h1/best.pth
hunt,2000,h1,p1_h1_head_ln_lr1e-04_l21e+01_ep2000_ss438,stageB_best,head_ln,full,0.0001,0.0001,10.0,0.01,huber,1.0,0.6434467666878438,26.068931579589844,11.699682474136353,24.0194091796875,24,384,0.10574804991483688,2026,438,drop0,30,4,8,test,0,/Users/nyx.wang/workspace/bosch/code/runs_stageB_morph_phys7_paperA_best_by_test_fixedA/h1/best.pth
hunt,2000,h1,p1_h1_head_ln_lr3e-05_l21e+00_ep2000_ss438,stageB_best,head_ln,full,3e-05,0.0001,1.0,0.01,huber,1.0,0.6418392059122181,26.39674186706543,11.840637773275375,23.35370635986328,24,1426,0.1099037453532219,2026,438,drop0,30,4,8,test,0,/Users/nyx.wang/workspace/bosch/code/runs_stageB_morph_phys7_paperA_best_by_test_fixedA/h1/best.pth
hunt,2000,h1,p1_h1_head_ln_lr1e-05_l21e+00_ep2000_ss438,stageB_best,head_ln,full,1e-05,0.0001,1.0,0.01,huber,1.0,0.5065010507110626,30.870325088500977,13.9144167304039,30.90765380859375,24,1979,0.13039259612560272,2026,438,drop0,30,4,8,test,0,/Users/nyx.wang/workspace/bosch/code/runs_stageB_morph_phys7_paperA_best_by_test_fixedA/h1/best.pth
hunt,2000,h1,p1_h1_head_ln_lr1e-04_l21e+01_ep2000_ss439,stageB_best,head_ln,full,0.0001,0.0001,10.0,0.01,huber,1.0,0.470895532700378,46.1485481262207,17.657621204853058,36.24998474121094,24,9,0.17341186106204987,2026,439,drop0,30,4,8,test,0,/Users/nyx.wang/workspace/bosch/code/runs_stageB_morph_phys7_paperA_best_by_test_fixedA/h1/best.pth
hunt,2000,h1,p1_h1_head_ln_lr3e-05_l21e+00_ep2000_ss439,stageB_best,head_ln,full,3e-05,0.0001,1.0,0.01,huber,1.0,0.4876182625382117,45.45627975463867,17.38559752702713,35.38654327392578,24,40,0.1766362190246582,2026,439,drop0,30,4,8,test,0,/Users/nyx.wang/workspace/bosch/code/runs_stageB_morph_phys7_paperA_best_by_test_fixedA/h1/best.pth
hunt,2000,h1,p1_h1_head_ln_lr1e-05_l21e+00_ep2000_ss439,stageB_best,head_ln,full,1e-05,0.0001,1.0,0.01,huber,1.0,0.4813622385330274,45.7119140625,17.432844638824463,35.17596435546875,24,98,0.17870283126831055,2026,439,drop0,30,4,8,test,0,/Users/nyx.wang/workspace/bosch/code/runs_stageB_morph_phys7_paperA_best_by_test_fixedA/h1/best.pth
hunt,2000,h1,p1_h1_head_ln_lr1e-04_l21e+01_ep2000_ss440,stageB_best,head_ln,full,0.0001,0.0001,10.0,0.01,huber,1.0,0.2609222230658754,42.088680267333984,19.522161781787872,33.609458923339844,24,7,0.11857003718614578,2026,440,drop0,30,4,8,test,0,/Users/nyx.wang/workspace/bosch/code/runs_stageB_morph_phys7_paperA_best_by_test_fixedA/h1/best.pth
hunt,2000,h1,p1_h1_head_ln_lr3e-05_l21e+00_ep2000_ss440,stageB_best,head_ln,full,3e-05,0.0001,1.0,0.01,huber,1.0,0.27171681812489024,41.77029037475586,19.54614371061325,33.681236267089844,24,27,0.11600783467292786,2026,440,drop0,30,4,8,test,0,/Users/nyx.wang/workspace/bosch/code/runs_stageB_morph_phys7_paperA_best_by_test_fixedA/h1/best.pth
hunt,2000,h1,p1_h1_head_ln_lr1e-05_l21e+00_ep2000_ss440,stageB_best,head_ln,full,1e-05,0.0001,1.0,0.01,huber,1.0,0.2661735109944692,41.95646667480469,19.564425945281982,33.68009948730469,24,66,0.11394024640321732,2026,440,drop0,30,4,8,test,0,/Users/nyx.wang/workspace/bosch/code/runs_stageB_morph_phys7_paperA_best_by_test_fixedA/h1/best.pth
hunt,2000,h1,p1_h1_head_ln_lr1e-04_l21e+01_ep2000_ss441,stageB_best,head_ln,full,0.0001,0.0001,10.0,0.01,huber,1.0,-0.6092685052434748,43.66853713989258,23.078453540802002,41.88164520263672,24,205,0.14419449865818024,2026,441,drop0,30,4,8,test,0,/Users/nyx.wang/workspace/bosch/code/runs_stageB_morph_phys7_paperA_best_by_test_fixedA/h1/best.pth
hunt,2000,h1,p1_h1_head_ln_lr3e-05_l21e+00_ep2000_ss441,stageB_best,head_ln,full,3e-05,0.0001,1.0,0.01,huber,1.0,-0.6260500969245764,43.948116302490234,23.192425072193146,42.034812927246094,24,581,0.14237941801548004,2026,441,drop0,30,4,8,test,0,/Users/nyx.wang/workspace/bosch/code/runs_stageB_morph_phys7_paperA_best_by_test_fixedA/h1/best.pth
hunt,2000,h1,p1_h1_head_ln_lr1e-05_l21e+00_ep2000_ss441,stageB_best,head_ln,full,1e-05,0.0001,1.0,0.01,huber,1.0,-0.6298438177134289,44.2354850769043,23.23070615530014,40.583984375,24,1965,0.14880423247814178,2026,441,drop0,30,4,8,test,0,/Users/nyx.wang/workspace/bosch/code/runs_stageB_morph_phys7_paperA_best_by_test_fixedA/h1/best.pth
hunt,2000,h1,p1_h1_head_ln_lr1e-04_l21e+01_ep2000_ss442,stageB_best,head_ln,full,0.0001,0.0001,10.0,0.01,huber,1.0,-0.16256501349630947,38.24136734008789,22.37929105758667,27.000473022460938,24,3,0.2662787139415741,2026,442,drop0,30,4,8,test,0,/Users/nyx.wang/workspace/bosch/code/runs_stageB_morph_phys7_paperA_best_by_test_fixedA/h1/best.pth
hunt,2000,h1,p1_h1_head_ln_lr3e-05_l21e+00_ep2000_ss442,stageB_best,head_ln,full,3e-05,0.0001,1.0,0.01,huber,1.0,-0.1820107760067391,38.4299201965332,22.540152072906494,26.259033203125,24,19,0.2669067084789276,2026,442,drop0,30,4,8,test,0,/Users/nyx.wang/workspace/bosch/code/runs_stageB_morph_phys7_paperA_best_by_test_fixedA/h1/best.pth
hunt,2000,h1,p1_h1_head_ln_lr1e-05_l21e+00_ep2000_ss442,stageB_best,head_ln,full,1e-05,0.0001,1.0,0.01,huber,1.0,-0.1747079928599775,38.360477447509766,22.484970092773438,26.473289489746094,24,49,0.2666393518447876,2026,442,drop0,30,4,8,test,0,/Users/nyx.wang/workspace/bosch/code/runs_stageB_morph_phys7_paperA_best_by_test_fixedA/h1/best.pth
hunt,2000,h1,p1_h1_head_ln_lr1e-04_l21e+01_ep2000_ss443,stageB_best,head_ln,full,0.0001,0.0001,10.0,0.01,huber,1.0,-1.2810890932522665,39.01706314086914,19.47893649339676,28.34241485595703,24,1083,0.23729586601257324,2026,443,drop0,30,4,8,test,0,/Users/nyx.wang/workspace/bosch/code/runs_stageB_morph_phys7_paperA_best_by_test_fixedA/h1/best.pth
hunt,2000,h1,p1_h1_head_ln_lr3e-05_l21e+00_ep2000_ss443,stageB_best,head_ln,full,3e-05,0.0001,1.0,0.01,huber,1.0,-1.2710289334074263,35.668033599853516,18.24152022600174,19.729774475097656,24,332,0.23754143714904785,2026,443,drop0,30,4,8,test,0,/Users/nyx.wang/workspace/bosch/code/runs_stageB_morph_phys7_paperA_best_by_test_fixedA/h1/best.pth
hunt,2000,h1,p1_h1_head_ln_lr1e-05_l21e+00_ep2000_ss443,stageB_best,head_ln,full,1e-05,0.0001,1.0,0.01,huber,1.0,-1.2409037076075378,35.771263122558594,18.33605319261551,20.674270629882812,24,881,0.2408558577299118,2026,443,drop0,30,4,8,test,0,/Users/nyx.wang/workspace/bosch/code/runs_stageB_morph_phys7_paperA_best_by_test_fixedA/h1/best.pth
hunt,2000,h1,p1_h1_head_ln_lr1e-04_l21e+01_ep2000_ss444,stageB_best,head_ln,full,0.0001,0.0001,10.0,0.01,huber,1.0,0.3255602477138775,29.760828018188477,13.257229328155518,23.107032775878906,24,1,0.3961402475833893,2026,444,drop0,30,4,8,test,0,/Users/nyx.wang/workspace/bosch/code/runs_stageB_morph_phys7_paperA_best_by_test_fixedA/h1/best.pth
hunt,2000,h1,p1_h1_head_ln_lr3e-05_l21e+00_ep2000_ss444,stageB_best,head_ln,full,3e-05,0.0001,1.0,0.01,huber,1.0,0.3414903852413236,29.341588973999023,13.123004138469696,22.81000518798828,24,5,0.3956979215145111,2026,444,drop0,30,4,8,test,0,/Users/nyx.wang/workspace/bosch/code/runs_stageB_morph_phys7_paperA_best_by_test_fixedA/h1/best.pth
hunt,2000,h1,p1_h1_head_ln_lr1e-05_l21e+00_ep2000_ss444,stageB_best,head_ln,full,1e-05,0.0001,1.0,0.01,huber,1.0,0.32574136751547966,29.81480598449707,13.278257846832275,23.471534729003906,24,8,0.395333856344223,2026,444,drop0,30,4,8,test,0,/Users/nyx.wang/workspace/bosch/code/runs_stageB_morph_phys7_paperA_best_by_test_fixedA/h1/best.pth
hunt,2000,h1,p1_h1_head_ln_lr1e-04_l21e+01_ep2000_ss445,stageB_best,head_ln,full,0.0001,0.0001,10.0,0.01,huber,1.0,-0.49696464912533056,44.947052001953125,26.043906807899475,25.986183166503906,24,975,0.22137148678302765,2026,445,drop0,30,4,8,test,0,/Users/nyx.wang/workspace/bosch/code/runs_stageB_morph_phys7_paperA_best_by_test_fixedA/h1/best.pth
hunt,2000,h1,p1_h1_head_ln_lr3e-05_l21e+00_ep2000_ss445,stageB_best,head_ln,full,3e-05,0.0001,1.0,0.01,huber,1.0,-0.5861201124101802,46.66926956176758,27.018657326698303,31.82494354248047,24,1726,0.24004124104976654,2026,445,drop0,30,4,8,test,0,/Users/nyx.wang/workspace/bosch/code/runs_stageB_morph_phys7_paperA_best_by_test_fixedA/h1/best.pth
hunt,2000,h1,p1_h1_head_ln_lr1e-05_l21e+00_ep2000_ss445,stageB_best,head_ln,full,1e-05,0.0001,1.0,0.01,huber,1.0,-0.8304244740067421,50.81743240356445,28.948432207107544,36.72766876220703,24,2000,0.28348806500434875,2026,445,drop0,30,4,8,test,0,/Users/nyx.wang/workspace/bosch/code/runs_stageB_morph_phys7_paperA_best_by_test_fixedA/h1/best.pth
hunt,2000,h1,p1_h1_head_ln_lr1e-04_l21e+01_ep2000_ss446,stageB_best,head_ln,full,0.0001,0.0001,10.0,0.01,huber,1.0,0.6186256613906711,28.335485458374023,13.877986371517181,20.443199157714844,24,784,0.04746789112687111,2026,446,drop0,30,4,8,test,0,/Users/nyx.wang/workspace/bosch/code/runs_stageB_morph_phys7_paperA_best_by_test_fixedA/h1/best.pth
hunt,2000,h1,p1_h1_head_ln_lr3e-05_l21e+00_ep2000_ss446,stageB_best,head_ln,full,3e-05,0.0001,1.0,0.01,huber,1.0,0.6595666839312767,26.99698829650879,13.093142211437225,23.3214111328125,24,1291,0.05320069566369057,2026,446,drop0,30,4,8,test,0,/Users/nyx.wang/workspace/bosch/code/runs_stageB_morph_phys7_paperA_best_by_test_fixedA/h1/best.pth
hunt,2000,h1,p1_h1_head_ln_lr1e-05_l21e+00_ep2000_ss446,stageB_best,head_ln,full,1e-05,0.0001,1.0,0.01,huber,1.0,0.6361335819232032,29.15287971496582,13.832804560661316,24.416526794433594,24,1303,0.06421193480491638,2026,446,drop0,30,4,8,test,0,/Users/nyx.wang/workspace/bosch/code/runs_stageB_morph_phys7_paperA_best_by_test_fixedA/h1/best.pth
hunt,2000,h1,p1_h1_head_ln_lr1e-04_l21e+01_ep2000_ss447,stageB_best,head_ln,full,0.0001,0.0001,10.0,0.01,huber,1.0,0.5913448834030601,36.16795349121094,19.57864910364151,35.28288269042969,24,211,0.06437201052904129,2026,447,drop0,30,4,8,test,0,/Users/nyx.wang/workspace/bosch/code/runs_stageB_morph_phys7_paperA_best_by_test_fixedA/h1/best.pth
hunt,2000,h1,p1_h1_head_ln_lr3e-05_l21e+00_ep2000_ss447,stageB_best,head_ln,full,3e-05,0.0001,1.0,0.01,huber,1.0,0.5771821862885438,36.53984451293945,19.898219406604767,36.07990264892578,24,592,0.06921440362930298,2026,447,drop0,30,4,8,test,0,/Users/nyx.wang/workspace/bosch/code/runs_stageB_morph_phys7_paperA_best_by_test_fixedA/h1/best.pth
hunt,2000,h1,p1_h1_head_ln_lr1e-05_l21e+00_ep2000_ss447,stageB_best,head_ln,full,1e-05,0.0001,1.0,0.01,huber,1.0,0.5622948872399092,37.39845657348633,20.17751932144165,37.72180938720703,24,1953,0.0754314437508583,2026,447,drop0,30,4,8,test,0,/Users/nyx.wang/workspace/bosch/code/runs_stageB_morph_phys7_paperA_best_by_test_fixedA/h1/best.pth
hunt,2000,h1,p1_h1_head_ln_lr1e-04_l21e+01_ep2000_ss448,stageB_best,head_ln,full,0.0001,0.0001,10.0,0.01,huber,1.0,0.455660711755255,41.227806091308594,19.02785301208496,38.57368469238281,24,1,0.14741359651088715,2026,448,drop0,30,4,8,test,0,/Users/nyx.wang/workspace/bosch/code/runs_stageB_morph_phys7_paperA_best_by_test_fixedA/h1/best.pth
hunt,2000,h1,p1_h1_head_ln_lr3e-05_l21e+00_ep2000_ss448,stageB_best,head_ln,full,3e-05,0.0001,1.0,0.01,huber,1.0,0.45317568015801957,41.27701187133789,19.17322427034378,38.44636535644531,24,6,0.14594995975494385,2026,448,drop0,30,4,8,test,0,/Users/nyx.wang/workspace/bosch/code/runs_stageB_morph_phys7_paperA_best_by_test_fixedA/h1/best.pth
hunt,2000,h1,p1_h1_head_ln_lr1e-05_l21e+00_ep2000_ss448,stageB_best,head_ln,full,1e-05,0.0001,1.0,0.01,huber,1.0,0.4555632449118422,41.21916580200195,19.081954658031464,38.536293029785156,24,17,0.14642959833145142,2026,448,drop0,30,4,8,test,0,/Users/nyx.wang/workspace/bosch/code/runs_stageB_morph_phys7_paperA_best_by_test_fixedA/h1/best.pth
hunt,2000,h1,p1_h1_head_ln_lr1e-04_l21e+01_ep2000_ss449,stageB_best,head_ln,full,0.0001,0.0001,10.0,0.01,huber,1.0,0.58824331626078,38.64994430541992,13.182458281517029,29.09326171875,24,78,0.34559953212738037,2026,449,drop0,30,4,8,test,0,/Users/nyx.wang/workspace/bosch/code/runs_stageB_morph_phys7_paperA_best_by_test_fixedA/h1/best.pth
hunt,2000,h1,p1_h1_head_ln_lr3e-05_l21e+00_ep2000_ss449,stageB_best,head_ln,full,3e-05,0.0001,1.0,0.01,huber,1.0,0.5865558767357992,38.95272445678711,13.297341763973236,27.441940307617188,24,210,0.36968109011650085,2026,449,drop0,30,4,8,test,0,/Users/nyx.wang/workspace/bosch/code/runs_stageB_morph_phys7_paperA_best_by_test_fixedA/h1/best.pth
hunt,2000,h1,p1_h1_head_ln_lr1e-05_l21e+00_ep2000_ss449,stageB_best,head_ln,full,1e-05,0.0001,1.0,0.01,huber,1.0,0.5729499996041911,39.331031799316406,13.34577202796936,26.68903350830078,24,885,0.3766651451587677,2026,449,drop0,30,4,8,test,0,/Users/nyx.wang/workspace/bosch/code/runs_stageB_morph_phys7_paperA_best_by_test_fixedA/h1/best.pth
hunt,2000,h1,p1_h1_head_ln_lr1e-04_l21e+01_ep2000_ss450,stageB_best,head_ln,full,0.0001,0.0001,10.0,0.01,huber,1.0,-1.075282129377647,47.313907623291016,28.380686044692993,33.31330871582031,24,834,0.0785001739859581,2026,450,drop0,30,4,8,test,0,/Users/nyx.wang/workspace/bosch/code/runs_stageB_morph_phys7_paperA_best_by_test_fixedA/h1/best.pth
hunt,2000,h1,p1_h1_head_ln_lr3e-05_l21e+00_ep2000_ss450,stageB_best,head_ln,full,3e-05,0.0001,1.0,0.01,huber,1.0,-1.0423284780289248,46.0265998840332,27.80003547668457,32.99739074707031,24,1426,0.08337164670228958,2026,450,drop0,30,4,8,test,0,/Users/nyx.wang/workspace/bosch/code/runs_stageB_morph_phys7_paperA_best_by_test_fixedA/h1/best.pth
hunt,2000,h1,p1_h1_head_ln_lr1e-05_l21e+00_ep2000_ss450,stageB_best,head_ln,full,1e-05,0.0001,1.0,0.01,huber,1.0,-1.0358179519357766,43.4552116394043,26.57169997692108,28.59717559814453,24,1923,0.10405585914850235,2026,450,drop0,30,4,8,test,0,/Users/nyx.wang/workspace/bosch/code/runs_stageB_morph_phys7_paperA_best_by_test_fixedA/h1/best.pth
hunt,2000,h1,p1_h1_head_ln_lr1e-04_l21e+01_ep2000_ss451,stageB_best,head_ln,full,0.0001,0.0001,10.0,0.01,huber,1.0,-0.32002581393119534,34.83989334106445,12.669993937015533,19.07311248779297,24,132,0.11051046848297119,2026,451,drop0,30,4,8,test,0,/Users/nyx.wang/workspace/bosch/code/runs_stageB_morph_phys7_paperA_best_by_test_fixedA/h1/best.pth
hunt,2000,h1,p1_h1_head_ln_lr3e-05_l21e+00_ep2000_ss451,stageB_best,head_ln,full,3e-05,0.0001,1.0,0.01,huber,1.0,-0.2795553952950749,34.50730514526367,12.596558034420013,17.795387268066406,24,323,0.1170637235045433,2026,451,drop0,30,4,8,test,0,/Users/nyx.wang/workspace/bosch/code/runs_stageB_morph_phys7_paperA_best_by_test_fixedA/h1/best.pth
hunt,2000,h1,p1_h1_head_ln_lr1e-05_l21e+00_ep2000_ss451,stageB_best,head_ln,full,1e-05,0.0001,1.0,0.01,huber,1.0,-0.27037513287180737,34.42288589477539,12.61165589094162,16.09143829345703,24,1603,0.11860290169715881,2026,451,drop0,30,4,8,test,0,/Users/nyx.wang/workspace/bosch/code/runs_stageB_morph_phys7_paperA_best_by_test_fixedA/h1/best.pth
hunt,2000,h1,p1_h1_head_ln_lr1e-04_l21e+01_ep2000_ss452,stageB_best,head_ln,full,0.0001,0.0001,10.0,0.01,huber,1.0,0.5369698683724515,44.30918502807617,15.025603771209717,37.375221252441406,24,213,0.2587009370326996,2026,452,drop0,30,4,8,test,0,/Users/nyx.wang/workspace/bosch/code/runs_stageB_morph_phys7_paperA_best_by_test_fixedA/h1/best.pth
hunt,2000,h1,p1_h1_head_ln_lr3e-05_l21e+00_ep2000_ss452,stageB_best,head_ln,full,3e-05,0.0001,1.0,0.01,huber,1.0,0.5410952685535193,44.09521484375,14.981533586978912,37.607337951660156,24,846,0.26670753955841064,2026,452,drop0,30,4,8,test,0,/Users/nyx.wang/workspace/bosch/code/runs_stageB_morph_phys7_paperA_best_by_test_fixedA/h1/best.pth
hunt,2000,h1,p1_h1_head_ln_lr1e-05_l21e+00_ep2000_ss452,stageB_best,head_ln,full,1e-05,0.0001,1.0,0.01,huber,1.0,0.5362366917144418,45.06062698364258,15.449191629886627,36.89830780029297,24,1989,0.28852352499961853,2026,452,drop0,30,4,8,test,0,/Users/nyx.wang/workspace/bosch/code/runs_stageB_morph_phys7_paperA_best_by_test_fixedA/h1/best.pth
hunt,2000,h1,p1_h1_head_ln_lr1e-04_l21e+01_ep2000_ss453,stageB_best,head_ln,full,0.0001,0.0001,10.0,0.01,huber,1.0,0.6113859537031016,43.49436569213867,15.511403977870941,37.452850341796875,24,1412,0.2565188407897949,2026,453,drop0,30,4,8,test,0,/Users/nyx.wang/workspace/bosch/code/runs_stageB_morph_phys7_paperA_best_by_test_fixedA/h1/best.pth
hunt,2000,h1,p1_h1_head_ln_lr3e-05_l21e+00_ep2000_ss453,stageB_best,head_ln,full,3e-05,0.0001,1.0,0.01,huber,1.0,0.5961717069722221,44.52890396118164,15.817879140377045,38.10240173339844,24,2000,0.2688100039958954,2026,453,drop0,30,4,8,test,0,/Users/nyx.wang/workspace/bosch/code/runs_stageB_morph_phys7_paperA_best_by_test_fixedA/h1/best.pth
hunt,2000,h1,p1_h1_head_ln_lr1e-05_l21e+00_ep2000_ss453,stageB_best,head_ln,full,1e-05,0.0001,1.0,0.01,huber,1.0,0.5841131534401118,45.38566970825195,16.183210909366608,37.36298370361328,24,2000,0.29664134979248047,2026,453,drop0,30,4,8,test,0,/Users/nyx.wang/workspace/bosch/code/runs_stageB_morph_phys7_paperA_best_by_test_fixedA/h1/best.pth
hunt,2000,h1,p1_h1_head_ln_lr1e-04_l21e+01_ep2000_ss454,stageB_best,head_ln,full,0.0001,0.0001,10.0,0.01,huber,1.0,0.7735935746798537,25.57012367248535,10.097026079893112,21.6748046875,24,1,0.4154095947742462,2026,454,drop0,30,4,8,test,0,/Users/nyx.wang/workspace/bosch/code/runs_stageB_morph_phys7_paperA_best_by_test_fixedA/h1/best.pth
hunt,2000,h1,p1_h1_head_ln_lr3e-05_l21e+00_ep2000_ss454,stageB_best,head_ln,full,3e-05,0.0001,1.0,0.01,huber,1.0,0.7414181565325719,27.330322265625,10.564520955085754,19.892852783203125,24,1,0.41337284445762634,2026,454,drop0,30,4,8,test,0,/Users/nyx.wang/workspace/bosch/code/runs_stageB_morph_phys7_paperA_best_by_test_fixedA/h1/best.pth
hunt,2000,h1,p1_h1_head_ln_lr1e-05_l21e+00_ep2000_ss454,stageB_best,head_ln,full,1e-05,0.0001,1.0,0.01,huber,1.0,0.7442779166045126,27.15726661682129,10.506575554609299,19.796463012695312,24,5,0.4134085476398468,2026,454,drop0,30,4,8,test,0,/Users/nyx.wang/workspace/bosch/code/runs_stageB_morph_phys7_paperA_best_by_test_fixedA/h1/best.pth
hunt,2000,h1,p1_h1_head_ln_lr1e-04_l21e+01_ep2000_ss455,stageB_best,head_ln,full,0.0001,0.0001,10.0,0.01,huber,1.0,0.7020541716985736,34.144927978515625,12.188171595335007,24.569007873535156,24,775,0.3520629107952118,2026,455,drop0,30,4,8,test,0,/Users/nyx.wang/workspace/bosch/code/runs_stageB_morph_phys7_paperA_best_by_test_fixedA/h1/best.pth
hunt,2000,h1,p1_h1_head_ln_lr3e-05_l21e+00_ep2000_ss455,stageB_best,head_ln,full,3e-05,0.0001,1.0,0.01,huber,1.0,0.6285711090319615,37.871273040771484,13.4224072098732,32.28816223144531,24,111,0.3571533262729645,2026,455,drop0,30,4,8,test,0,/Users/nyx.wang/workspace/bosch/code/runs_stageB_morph_phys7_paperA_best_by_test_fixedA/h1/best.pth
hunt,2000,h1,p1_h1_head_ln_lr1e-05_l21e+00_ep2000_ss455,stageB_best,head_ln,full,1e-05,0.0001,1.0,0.01,huber,1.0,0.5773337183544016,40.165584564208984,14.093920588493347,28.679283142089844,24,50,0.3586350977420807,2026,455,drop0,30,4,8,test,0,/Users/nyx.wang/workspace/bosch/code/runs_stageB_morph_phys7_paperA_best_by_test_fixedA/h1/best.pth
hunt,2000,h1,p1_h1_head_ln_lr1e-04_l21e+01_ep2000_ss456,stageB_best,head_ln,full,0.0001,0.0001,10.0,0.01,huber,1.0,0.3989397813686628,40.82271194458008,19.553549587726593,31.896286010742188,24,999,0.17336463928222656,2026,456,drop0,30,4,8,test,0,/Users/nyx.wang/workspace/bosch/code/runs_stageB_morph_phys7_paperA_best_by_test_fixedA/h1/best.pth
hunt,2000,h1,p1_h1_head_ln_lr3e-05_l21e+00_ep2000_ss456,stageB_best,head_ln,full,3e-05,0.0001,1.0,0.01,huber,1.0,0.37730027970675795,41.50606918334961,19.80373114347458,30.001449584960938,24,1475,0.1871825009584427,2026,456,drop0,30,4,8,test,0,/Users/nyx.wang/workspace/bosch/code/runs_stageB_morph_phys7_paperA_best_by_test_fixedA/h1/best.pth
hunt,2000,h1,p1_h1_head_ln_lr1e-05_l21e+00_ep2000_ss456,stageB_best,head_ln,full,1e-05,0.0001,1.0,0.01,huber,1.0,0.3728774457672266,40.30147933959961,19.493989646434784,32.61646270751953,24,1488,0.2011146992444992,2026,456,drop0,30,4,8,test,0,/Users/nyx.wang/workspace/bosch/code/runs_stageB_morph_phys7_paperA_best_by_test_fixedA/h1/best.pth
hunt,2000,h1,p1_h1_head_ln_lr1e-04_l21e+01_ep2000_ss457,stageB_best,head_ln,full,0.0001,0.0001,10.0,0.01,huber,1.0,0.44953128191415936,39.7142219543457,13.188797235488892,20.147140502929688,24,1,0.15674467384815216,2026,457,drop0,30,4,8,test,0,/Users/nyx.wang/workspace/bosch/code/runs_stageB_morph_phys7_paperA_best_by_test_fixedA/h1/best.pth
hunt,2000,h1,p1_h1_head_ln_lr3e-05_l21e+00_ep2000_ss457,stageB_best,head_ln,full,3e-05,0.0001,1.0,0.01,huber,1.0,0.41030412718318854,41.55527877807617,13.761299848556519,17.27246856689453,24,1,0.15194882452487946,2026,457,drop0,30,4,8,test,0,/Users/nyx.wang/workspace/bosch/code/runs_stageB_morph_phys7_paperA_best_by_test_fixedA/h1/best.pth
hunt,2000,h1,p1_h1_head_ln_lr1e-05_l21e+00_ep2000_ss457,stageB_best,head_ln,full,1e-05,0.0001,1.0,0.01,huber,1.0,0.40140181234885863,41.94291305541992,13.882534205913544,17.833457946777344,24,2,0.15186268091201782,2026,457,drop0,30,4,8,test,0,/Users/nyx.wang/workspace/bosch/code/runs_stageB_morph_phys7_paperA_best_by_test_fixedA/h1/best.pth
hunt,2000,h1,p1_h1_head_ln_lr1e-04_l21e+01_ep2000_ss458,stageB_best,head_ln,full,0.0001,0.0001,10.0,0.01,huber,1.0,0.4127413911615172,20.989797592163086,8.737391233444214,18.489402770996094,24,1147,0.38068392872810364,2026,458,drop0,30,4,8,test,0,/Users/nyx.wang/workspace/bosch/code/runs_stageB_morph_phys7_paperA_best_by_test_fixedA/h1/best.pth
hunt,2000,h1,p1_h1_head_ln_lr3e-05_l21e+00_ep2000_ss458,stageB_best,head_ln,full,3e-05,0.0001,1.0,0.01,huber,1.0,0.396546484646793,21.15740203857422,8.767098188400269,16.641334533691406,24,2000,0.41120174527168274,2026,458,drop0,30,4,8,test,0,/Users/nyx.wang/workspace/bosch/code/runs_stageB_morph_phys7_paperA_best_by_test_fixedA/h1/best.pth
hunt,2000,h1,p1_h1_head_ln_lr1e-05_l21e+00_ep2000_ss458,stageB_best,head_ln,full,1e-05,0.0001,1.0,0.01,huber,1.0,0.35422485678195836,21.465951919555664,8.909109979867935,17.80762481689453,24,1997,0.494045615196228,2026,458,drop0,30,4,8,test,0,/Users/nyx.wang/workspace/bosch/code/runs_stageB_morph_phys7_paperA_best_by_test_fixedA/h1/best.pth
hunt,2000,h1,p1_h1_head_ln_lr1e-04_l21e+01_ep2000_ss459,stageB_best,head_ln,full,0.0001,0.0001,10.0,0.01,huber,1.0,0.5394041098916325,29.910066604614258,15.092460811138153,17.528305053710938,24,1194,0.4398098886013031,2026,459,drop0,30,4,8,test,0,/Users/nyx.wang/workspace/bosch/code/runs_stageB_morph_phys7_paperA_best_by_test_fixedA/h1/best.pth
hunt,2000,h1,p1_h1_head_ln_lr3e-05_l21e+00_ep2000_ss459,stageB_best,head_ln,full,3e-05,0.0001,1.0,0.01,huber,1.0,0.5049586313723595,30.68669319152832,15.540243685245514,20.921485900878906,24,1464,0.4578228294849396,2026,459,drop0,30,4,8,test,0,/Users/nyx.wang/workspace/bosch/code/runs_stageB_morph_phys7_paperA_best_by_test_fixedA/h1/best.pth
hunt,2000,h1,p1_h1_head_ln_lr1e-05_l21e+00_ep2000_ss459,stageB_best,head_ln,full,1e-05,0.0001,1.0,0.01,huber,1.0,0.4529480529816853,32.63955307006836,16.367946565151215,21.724578857421875,24,2000,0.5196896195411682,2026,459,drop0,30,4,8,test,0,/Users/nyx.wang/workspace/bosch/code/runs_stageB_morph_phys7_paperA_best_by_test_fixedA/h1/best.pth
hunt,2000,h1,p1_h1_head_ln_lr1e-04_l21e+01_ep2000_ss460,stageB_best,head_ln,full,0.0001,0.0001,10.0,0.01,huber,1.0,0.25740356817831334,24.69850730895996,9.668617695569992,18.57341766357422,24,140,0.14620204269886017,2026,460,drop0,30,4,8,test,0,/Users/nyx.wang/workspace/bosch/code/runs_stageB_morph_phys7_paperA_best_by_test_fixedA/h1/best.pth
hunt,2000,h1,p1_h1_head_ln_lr3e-05_l21e+00_ep2000_ss460,stageB_best,head_ln,full,3e-05,0.0001,1.0,0.01,huber,1.0,0.2736139860079104,24.81243896484375,9.765676409006119,16.62364959716797,24,368,0.15511924028396606,2026,460,drop0,30,4,8,test,0,/Users/nyx.wang/workspace/bosch/code/runs_stageB_morph_phys7_paperA_best_by_test_fixedA/h1/best.pth
hunt,2000,h1,p1_h1_head_ln_lr1e-05_l21e+00_ep2000_ss460,stageB_best,head_ln,full,1e-05,0.0001,1.0,0.01,huber,1.0,-0.05948115020970768,33.57399368286133,13.327902555465698,30.167037963867188,24,1,0.1602213829755783,2026,460,drop0,30,4,8,test,0,/Users/nyx.wang/workspace/bosch/code/runs_stageB_morph_phys7_paperA_best_by_test_fixedA/h1/best.pth
hunt,2000,h1,p1_h1_head_ln_lr1e-04_l21e+01_ep2000_ss461,stageB_best,head_ln,full,0.0001,0.0001,10.0,0.01,huber,1.0,0.3062232059902249,23.419450759887695,9.332788735628128,16.54174041748047,24,1064,0.1117674931883812,2026,461,drop0,30,4,8,test,0,/Users/nyx.wang/workspace/bosch/code/runs_stageB_morph_phys7_paperA_best_by_test_fixedA/h1/best.pth
hunt,2000,h1,p1_h1_head_ln_lr3e-05_l21e+00_ep2000_ss461,stageB_best,head_ln,full,3e-05,0.0001,1.0,0.01,huber,1.0,0.25009359445606405,25.03093910217285,10.17899140715599,19.509979248046875,24,1916,0.1394014060497284,2026,461,drop0,30,4,8,test,0,/Users/nyx.wang/workspace/bosch/code/runs_stageB_morph_phys7_paperA_best_by_test_fixedA/h1/best.pth
hunt,2000,h1,p1_h1_head_ln_lr1e-05_l21e+00_ep2000_ss461,stageB_best,head_ln,full,1e-05,0.0001,1.0,0.01,huber,1.0,-0.5283752339299947,36.72048568725586,15.555107593536377,26.021072387695312,24,1,0.17963723838329315,2026,461,drop0,30,4,8,test,0,/Users/nyx.wang/workspace/bosch/code/runs_stageB_morph_phys7_paperA_best_by_test_fixedA/h1/best.pth
hunt,2000,h1,p1_h1_head_ln_lr1e-04_l21e+01_ep2000_ss462,stageB_best,head_ln,full,0.0001,0.0001,10.0,0.01,huber,1.0,0.5010921939513406,27.932037353515625,15.75508862733841,19.295684814453125,24,164,0.1745009422302246,2026,462,drop0,30,4,8,test,0,/Users/nyx.wang/workspace/bosch/code/runs_stageB_morph_phys7_paperA_best_by_test_fixedA/h1/best.pth
hunt,2000,h1,p1_h1_head_ln_lr3e-05_l21e+00_ep2000_ss462,stageB_best,head_ln,full,3e-05,0.0001,1.0,0.01,huber,1.0,0.4984705957270307,27.932762145996094,15.826241672039032,18.369430541992188,24,679,0.17429043352603912,2026,462,drop0,30,4,8,test,0,/Users/nyx.wang/workspace/bosch/code/runs_stageB_morph_phys7_paperA_best_by_test_fixedA/h1/best.pth
hunt,2000,h1,p1_h1_head_ln_lr1e-05_l21e+00_ep2000_ss462,stageB_best,head_ln,full,1e-05,0.0001,1.0,0.01,huber,1.0,0.5041468145490469,27.691965103149414,15.678717195987701,19.033119201660156,24,1971,0.17878937721252441,2026,462,drop0,30,4,8,test,0,/Users/nyx.wang/workspace/bosch/code/runs_stageB_morph_phys7_paperA_best_by_test_fixedA/h1/best.pth
hunt,2000,h1,p1_h1_head_ln_lr1e-04_l21e+01_ep2000_ss463,stageB_best,head_ln,full,0.0001,0.0001,10.0,0.01,huber,1.0,0.36363415074223493,25.376754760742188,10.452407598495483,19.648544311523438,24,1356,0.12205786257982254,2026,463,drop0,30,4,8,test,0,/Users/nyx.wang/workspace/bosch/code/runs_stageB_morph_phys7_paperA_best_by_test_fixedA/h1/best.pth
hunt,2000,h1,p1_h1_head_ln_lr3e-05_l21e+00_ep2000_ss463,stageB_best,head_ln,full,3e-05,0.0001,1.0,0.01,huber,1.0,0.3515678851591294,26.18007469177246,10.943415015935898,22.562332153320312,24,1967,0.17753668129444122,2026,463,drop0,30,4,8,test,0,/Users/nyx.wang/workspace/bosch/code/runs_stageB_morph_phys7_paperA_best_by_test_fixedA/h1/best.pth
hunt,2000,h1,p1_h1_head_ln_lr1e-05_l21e+00_ep2000_ss463,stageB_best,head_ln,full,1e-05,0.0001,1.0,0.01,huber,1.0,-0.1660872747192006,37.60851287841797,16.368688642978668,31.222389221191406,24,13,0.22411932051181793,2026,463,drop0,30,4,8,test,0,/Users/nyx.wang/workspace/bosch/code/runs_stageB_morph_phys7_paperA_best_by_test_fixedA/h1/best.pth
hunt,2000,h1,p1_h1_head_ln_lr1e-04_l21e+01_ep2000_ss464,stageB_best,head_ln,full,0.0001,0.0001,10.0,0.01,huber,1.0,0.14348797854684836,37.05807113647461,15.011580288410187,27.237548828125,24,19,0.09297200292348862,2026,464,drop0,30,4,8,test,0,/Users/nyx.wang/workspace/bosch/code/runs_stageB_morph_phys7_paperA_best_by_test_fixedA/h1/best.pth
hunt,2000,h1,p1_h1_head_ln_lr3e-05_l21e+00_ep2000_ss464,stageB_best,head_ln,full,3e-05,0.0001,1.0,0.01,huber,1.0,0.15921880355109397,36.9408073425293,14.992837607860565,30.40410614013672,24,21,0.09241145849227905,2026,464,drop0,30,4,8,test,0,/Users/nyx.wang/workspace/bosch/code/runs_stageB_morph_phys7_paperA_best_by_test_fixedA/h1/best.pth
hunt,2000,h1,p1_h1_head_ln_lr1e-05_l21e+00_ep2000_ss464,stageB_best,head_ln,full,1e-05,0.0001,1.0,0.01,huber,1.0,0.15010192095675023,36.86751937866211,14.879713952541351,28.492027282714844,24,134,0.09436967968940735,2026,464,drop0,30,4,8,test,0,/Users/nyx.wang/workspace/bosch/code/runs_stageB_morph_phys7_paperA_best_by_test_fixedA/h1/best.pth
hunt,2000,h1,p1_h1_head_ln_lr1e-04_l21e+01_ep2000_ss465,stageB_best,head_ln,full,0.0001,0.0001,10.0,0.01,huber,1.0,0.545914575056583,25.94029426574707,9.48777124285698,18.49951171875,24,757,0.17093120515346527,2026,465,drop0,30,4,8,test,0,/Users/nyx.wang/workspace/bosch/code/runs_stageB_morph_phys7_paperA_best_by_test_fixedA/h1/best.pth
hunt,2000,h1,p1_h1_head_ln_lr3e-05_l21e+00_ep2000_ss465,stageB_best,head_ln,full,3e-05,0.0001,1.0,0.01,huber,1.0,0.481314250267294,27.044187545776367,9.943339228630066,17.902793884277344,24,1308,0.1956009417772293,2026,465,drop0,30,4,8,test,0,/Users/nyx.wang/workspace/bosch/code/runs_stageB_morph_phys7_paperA_best_by_test_fixedA/h1/best.pth
hunt,2000,h1,p1_h1_head_ln_lr1e-05_l21e+00_ep2000_ss465,stageB_best,head_ln,full,1e-05,0.0001,1.0,0.01,huber,1.0,0.3925988212906515,30.460800170898438,11.395993083715439,19.55016326904297,24,1858,0.26808783411979675,2026,465,drop0,30,4,8,test,0,/Users/nyx.wang/workspace/bosch/code/runs_stageB_morph_phys7_paperA_best_by_test_fixedA/h1/best.pth
hunt,2000,h1,p1_h1_head_ln_lr1e-04_l21e+01_ep2000_ss466,stageB_best,head_ln,full,0.0001,0.0001,10.0,0.01,huber,1.0,0.23367734454858657,26.19872283935547,11.895961314439774,23.02545928955078,24,1,0.43010666966438293,2026,466,drop0,30,4,8,test,0,/Users/nyx.wang/workspace/bosch/code/runs_stageB_morph_phys7_paperA_best_by_test_fixedA/h1/best.pth
hunt,2000,h1,p1_h1_head_ln_lr3e-05_l21e+00_ep2000_ss466,stageB_best,head_ln,full,3e-05,0.0001,1.0,0.01,huber,1.0,0.17922409885691126,26.99030303955078,12.0591402053833,23.41790008544922,24,1,0.3968580663204193,2026,466,drop0,30,4,8,test,0,/Users/nyx.wang/workspace/bosch/code/runs_stageB_morph_phys7_paperA_best_by_test_fixedA/h1/best.pth
hunt,2000,h1,p1_h1_head_ln_lr1e-05_l21e+00_ep2000_ss466,stageB_best,head_ln,full,1e-05,0.0001,1.0,0.01,huber,1.0,0.15639359832610888,27.499860763549805,12.25457414984703,24.93291473388672,24,1,0.3876074552536011,2026,466,drop0,30,4,8,test,0,/Users/nyx.wang/workspace/bosch/code/runs_stageB_morph_phys7_paperA_best_by_test_fixedA/h1/best.pth
hunt,2000,h1,p1_h1_head_ln_lr1e-04_l21e+01_ep2000_ss467,stageB_best,head_ln,full,0.0001,0.0001,10.0,0.01,huber,1.0,0.4813875297466724,24.024124145507812,13.086941838264465,15.565834045410156,24,271,0.11518353223800659,2026,467,drop0,30,4,8,test,0,/Users/nyx.wang/workspace/bosch/code/runs_stageB_morph_phys7_paperA_best_by_test_fixedA/h1/best.pth
hunt,2000,h1,p1_h1_head_ln_lr3e-05_l21e+00_ep2000_ss467,stageB_best,head_ln,full,3e-05,0.0001,1.0,0.01,huber,1.0,0.46780381196814846,24.310501098632812,13.484422862529755,16.62903594970703,24,808,0.12354335933923721,2026,467,drop0,30,4,8,test,0,/Users/nyx.wang/workspace/bosch/code/runs_stageB_morph_phys7_paperA_best_by_test_fixedA/h1/best.pth
hunt,2000,h1,p1_h1_head_ln_lr1e-05_l21e+00_ep2000_ss467,stageB_best,head_ln,full,1e-05,0.0001,1.0,0.01,huber,1.0,0.5134154008986632,23.321884155273438,12.972742319107056,14.136383056640625,24,1999,0.17397482693195343,2026,467,drop0,30,4,8,test,0,/Users/nyx.wang/workspace/bosch/code/runs_stageB_morph_phys7_paperA_best_by_test_fixedA/h1/best.pth
hunt,2000,h1,p1_h1_head_ln_lr1e-04_l21e+01_ep2000_ss468,stageB_best,head_ln,full,0.0001,0.0001,10.0,0.01,huber,1.0,0.7882775011888544,23.134679794311523,10.0845567882061,20.60700225830078,24,1182,0.4602212607860565,2026,468,drop0,30,4,8,test,0,/Users/nyx.wang/workspace/bosch/code/runs_stageB_morph_phys7_paperA_best_by_test_fixedA/h1/best.pth
hunt,2000,h1,p1_h1_head_ln_lr3e-05_l21e+00_ep2000_ss468,stageB_best,head_ln,full,3e-05,0.0001,1.0,0.01,huber,1.0,0.7593667611026903,24.36503028869629,10.413388162851334,23.310455322265625,24,1758,0.5117372274398804,2026,468,drop0,30,4,8,test,0,/Users/nyx.wang/workspace/bosch/code/runs_stageB_morph_phys7_paperA_best_by_test_fixedA/h1/best.pth
hunt,2000,h1,p1_h1_head_ln_lr1e-05_l21e+00_ep2000_ss468,stageB_best,head_ln,full,1e-05,0.0001,1.0,0.01,huber,1.0,0.7322062567938727,24.809446334838867,10.216188430786133,20.377479553222656,24,1998,0.6263768076896667,2026,468,drop0,30,4,8,test,0,/Users/nyx.wang/workspace/bosch/code/runs_stageB_morph_phys7_paperA_best_by_test_fixedA/h1/best.pth
hunt,2000,h1,p1_h1_head_ln_lr1e-04_l21e+01_ep2000_ss469,stageB_best,head_ln,full,0.0001,0.0001,10.0,0.01,huber,1.0,0.7781743444348195,28.195981979370117,10.276684910058975,21.665451049804688,24,1171,0.38228997588157654,2026,469,drop0,30,4,8,test,0,/Users/nyx.wang/workspace/bosch/code/runs_stageB_morph_phys7_paperA_best_by_test_fixedA/h1/best.pth
hunt,2000,h1,p1_h1_head_ln_lr3e-05_l21e+00_ep2000_ss469,stageB_best,head_ln,full,3e-05,0.0001,1.0,0.01,huber,1.0,0.7634964295980784,29.578859329223633,10.75998768210411,24.199615478515625,24,1986,0.4022986888885498,2026,469,drop0,30,4,8,test,0,/Users/nyx.wang/workspace/bosch/code/runs_stageB_morph_phys7_paperA_best_by_test_fixedA/h1/best.pth
hunt,2000,h1,p1_h1_head_ln_lr1e-05_l21e+00_ep2000_ss469,stageB_best,head_ln,full,1e-05,0.0001,1.0,0.01,huber,1.0,0.7659653862314856,29.363256454467773,10.599569231271744,26.116241455078125,24,1999,0.43314358592033386,2026,469,drop0,30,4,8,test,0,/Users/nyx.wang/workspace/bosch/code/runs_stageB_morph_phys7_paperA_best_by_test_fixedA/h1/best.pth
hunt,2000,h1,p1_h1_head_ln_lr1e-04_l21e+01_ep2000_ss470,stageB_best,head_ln,full,0.0001,0.0001,10.0,0.01,huber,1.0,-0.27358597524722694,24.01552391052246,9.918179363012314,19.38141632080078,24,37,0.5139215588569641,2026,470,drop0,30,4,8,test,0,/Users/nyx.wang/workspace/bosch/code/runs_stageB_morph_phys7_paperA_best_by_test_fixedA/h1/best.pth
hunt,2000,h1,p1_h1_head_ln_lr3e-05_l21e+00_ep2000_ss470,stageB_best,head_ln,full,3e-05,0.0001,1.0,0.01,huber,1.0,-0.2955761223518869,24.28938102722168,10.078763961791992,19.474777221679688,24,99,0.5227019786834717,2026,470,drop0,30,4,8,test,0,/Users/nyx.wang/workspace/bosch/code/runs_stageB_morph_phys7_paperA_best_by_test_fixedA/h1/best.pth
hunt,2000,h1,p1_h1_head_ln_lr1e-05_l21e+00_ep2000_ss470,stageB_best,head_ln,full,1e-05,0.0001,1.0,0.01,huber,1.0,-0.26631016363514304,23.982460021972656,9.904813766479492,18.930870056152344,24,353,0.5203020572662354,2026,470,drop0,30,4,8,test,0,/Users/nyx.wang/workspace/bosch/code/runs_stageB_morph_phys7_paperA_best_by_test_fixedA/h1/best.pth
hunt,2000,h1,p1_h1_head_ln_lr1e-04_l21e+01_ep2000_ss471,stageB_best,head_ln,full,0.0001,0.0001,10.0,0.01,huber,1.0,0.6063590166628535,26.865562438964844,11.960744112730026,20.823471069335938,24,1,0.3820403516292572,2026,471,drop0,30,4,8,test,0,/Users/nyx.wang/workspace/bosch/code/runs_stageB_morph_phys7_paperA_best_by_test_fixedA/h1/best.pth
hunt,2000,h1,p1_h1_head_ln_lr3e-05_l21e+00_ep2000_ss471,stageB_best,head_ln,full,3e-05,0.0001,1.0,0.01,huber,1.0,0.5801762111845206,27.7049617767334,12.201599031686783,17.386085510253906,24,1,0.37048348784446716,2026,471,drop0,30,4,8,test,0,/Users/nyx.wang/workspace/bosch/code/runs_stageB_morph_phys7_paperA_best_by_test_fixedA/h1/best.pth
hunt,2000,h1,p1_h1_head_ln_lr1e-05_l21e+00_ep2000_ss471,stageB_best,head_ln,full,1e-05,0.0001,1.0,0.01,huber,1.0,0.5685988064579321,28.049697875976562,12.319038063287735,17.38672637939453,24,1,0.3675626516342163,2026,471,drop0,30,4,8,test,0,/Users/nyx.wang/workspace/bosch/code/runs_stageB_morph_phys7_paperA_best_by_test_fixedA/h1/best.pth
hunt,2000,h1,p1_h1_head_ln_lr1e-04_l21e+01_ep2000_ss472,stageB_best,head_ln,full,0.0001,0.0001,10.0,0.01,huber,1.0,0.20677128153267577,27.39788246154785,13.29888105392456,25.8592529296875,24,106,0.05476778745651245,2026,472,drop0,30,4,8,test,0,/Users/nyx.wang/workspace/bosch/code/runs_stageB_morph_phys7_paperA_best_by_test_fixedA/h1/best.pth
hunt,2000,h1,p1_h1_head_ln_lr3e-05_l21e+00_ep2000_ss472,stageB_best,head_ln,full,3e-05,0.0001,1.0,0.01,huber,1.0,0.4411226912541205,23.400190353393555,11.345789581537247,22.006088256835938,24,838,0.059532295912504196,2026,472,drop0,30,4,8,test,0,/Users/nyx.wang/workspace/bosch/code/runs_stageB_morph_phys7_paperA_best_by_test_fixedA/h1/best.pth
hunt,2000,h1,p1_h1_head_ln_lr1e-05_l21e+00_ep2000_ss472,stageB_best,head_ln,full,1e-05,0.0001,1.0,0.01,huber,1.0,0.2613051009076247,26.381927490234375,12.67406940460205,23.004234313964844,24,1297,0.06262632459402084,2026,472,drop0,30,4,8,test,0,/Users/nyx.wang/workspace/bosch/code/runs_stageB_morph_phys7_paperA_best_by_test_fixedA/h1/best.pth
hunt,2000,h1,p1_h1_head_ln_lr1e-04_l21e+01_ep2000_ss473,stageB_best,head_ln,full,0.0001,0.0001,10.0,0.01,huber,1.0,0.2997015391143599,26.680908203125,12.803106009960175,18.000137329101562,24,284,0.6367670893669128,2026,473,drop0,30,4,8,test,0,/Users/nyx.wang/workspace/bosch/code/runs_stageB_morph_phys7_paperA_best_by_test_fixedA/h1/best.pth
hunt,2000,h1,p1_h1_head_ln_lr3e-05_l21e+00_ep2000_ss473,stageB_best,head_ln,full,3e-05,0.0001,1.0,0.01,huber,1.0,0.2959626909621629,26.87701416015625,13.018617033958435,17.469459533691406,24,1339,0.6457214951515198,2026,473,drop0,30,4,8,test,0,/Users/nyx.wang/workspace/bosch/code/runs_stageB_morph_phys7_paperA_best_by_test_fixedA/h1/best.pth
hunt,2000,h1,p1_h1_head_ln_lr1e-05_l21e+00_ep2000_ss473,stageB_best,head_ln,full,1e-05,0.0001,1.0,0.01,huber,1.0,0.24078843338004807,28.609811782836914,13.870255649089813,22.390419006347656,24,2000,0.7012706398963928,2026,473,drop0,30,4,8,test,0,/Users/nyx.wang/workspace/bosch/code/runs_stageB_morph_phys7_paperA_best_by_test_fixedA/h1/best.pth
hunt,2000,h1,p1_h1_head_ln_lr1e-04_l21e+01_ep2000_ss474,stageB_best,head_ln,full,0.0001,0.0001,10.0,0.01,huber,1.0,0.1298600505941968,30.051786422729492,15.238100290298462,27.978485107421875,24,788,0.0854979157447815,2026,474,drop0,30,4,8,test,0,/Users/nyx.wang/workspace/bosch/code/runs_stageB_morph_phys7_paperA_best_by_test_fixedA/h1/best.pth
hunt,2000,h1,p1_h1_head_ln_lr3e-05_l21e+00_ep2000_ss474,stageB_best,head_ln,full,3e-05,0.0001,1.0,0.01,huber,1.0,0.2344812430813621,28.995363235473633,14.75474238395691,27.47057342529297,24,1880,0.09607681632041931,2026,474,drop0,30,4,8,test,0,/Users/nyx.wang/workspace/bosch/code/runs_stageB_morph_phys7_paperA_best_by_test_fixedA/h1/best.pth
hunt,2000,h1,p1_h1_head_ln_lr1e-05_l21e+00_ep2000_ss474,stageB_best,head_ln,full,1e-05,0.0001,1.0,0.01,huber,1.0,-0.1550480004226582,33.321224212646484,17.26657897233963,30.156753540039062,24,117,0.1135343611240387,2026,474,drop0,30,4,8,test,0,/Users/nyx.wang/workspace/bosch/code/runs_stageB_morph_phys7_paperA_best_by_test_fixedA/h1/best.pth
hunt,2000,h1,p1_h1_head_ln_lr1e-04_l21e+01_ep2000_ss475,stageB_best,head_ln,full,0.0001,0.0001,10.0,0.01,huber,1.0,0.31589890007427435,35.556060791015625,17.03920215368271,14.981246948242188,24,695,0.12260638922452927,2026,475,drop0,30,4,8,test,0,/Users/nyx.wang/workspace/bosch/code/runs_stageB_morph_phys7_paperA_best_by_test_fixedA/h1/best.pth
hunt,2000,h1,p1_h1_head_ln_lr3e-05_l21e+00_ep2000_ss475,stageB_best,head_ln,full,3e-05,0.0001,1.0,0.01,huber,1.0,0.2875887148860423,36.43520736694336,17.311008274555206,16.333389282226562,24,1943,0.1356850564479828,2026,475,drop0,30,4,8,test,0,/Users/nyx.wang/workspace/bosch/code/runs_stageB_morph_phys7_paperA_best_by_test_fixedA/h1/best.pth
hunt,2000,h1,p1_h1_head_ln_lr1e-05_l21e+00_ep2000_ss475,stageB_best,head_ln,full,1e-05,0.0001,1.0,0.01,huber,1.0,0.2656583805779602,37.5866584777832,17.907144129276276,18.159523010253906,24,1946,0.15506355464458466,2026,475,drop0,30,4,8,test,0,/Users/nyx.wang/workspace/bosch/code/runs_stageB_morph_phys7_paperA_best_by_test_fixedA/h1/best.pth
hunt,2000,h1,p1_h1_head_ln_lr1e-04_l21e+01_ep2000_ss476,stageB_best,head_ln,full,0.0001,0.0001,10.0,0.01,huber,1.0,0.5007050292594529,49.88908386230469,18.65471452474594,42.02442932128906,24,4,0.08797921985387802,2026,476,drop0,30,4,8,test,0,/Users/nyx.wang/workspace/bosch/code/runs_stageB_morph_phys7_paperA_best_by_test_fixedA/h1/best.pth
hunt,2000,h1,p1_h1_head_ln_lr3e-05_l21e+00_ep2000_ss476,stageB_best,head_ln,full,3e-05,0.0001,1.0,0.01,huber,1.0,0.49944605803184516,49.959163665771484,18.666118383407593,41.983116149902344,24,12,0.08795183897018433,2026,476,drop0,30,4,8,test,0,/Users/nyx.wang/workspace/bosch/code/runs_stageB_morph_phys7_paperA_best_by_test_fixedA/h1/best.pth
hunt,2000,h1,p1_h1_head_ln_lr1e-05_l21e+00_ep2000_ss476,stageB_best,head_ln,full,1e-05,0.0001,1.0,0.01,huber,1.0,0.5035090303195261,49.78968811035156,18.61429363489151,41.99940490722656,24,36,0.0872044563293457,2026,476,drop0,30,4,8,test,0,/Users/nyx.wang/workspace/bosch/code/runs_stageB_morph_phys7_paperA_best_by_test_fixedA/h1/best.pth
hunt,2000,h1,p1_h1_head_ln_lr1e-04_l21e+01_ep2000_ss477,stageB_best,head_ln,full,0.0001,0.0001,10.0,0.01,huber,1.0,0.44819270397036237,49.409423828125,24.860060214996338,26.211639404296875,24,120,0.15523241460323334,2026,477,drop0,30,4,8,test,0,/Users/nyx.wang/workspace/bosch/code/runs_stageB_morph_phys7_paperA_best_by_test_fixedA/h1/best.pth
hunt,2000,h1,p1_h1_head_ln_lr3e-05_l21e+00_ep2000_ss477,stageB_best,head_ln,full,3e-05,0.0001,1.0,0.01,huber,1.0,0.4511873394258471,49.038055419921875,24.196898937225342,24.260887145996094,24,280,0.1574118733406067,2026,477,drop0,30,4,8,test,0,/Users/nyx.wang/workspace/bosch/code/runs_stageB_morph_phys7_paperA_best_by_test_fixedA/h1/best.pth
hunt,2000,h1,p1_h1_head_ln_lr1e-05_l21e+00_ep2000_ss477,stageB_best,head_ln,full,1e-05,0.0001,1.0,0.01,huber,1.0,0.45214868857755297,48.979095458984375,24.12085086107254,24.224281311035156,24,985,0.15898101031780243,2026,477,drop0,30,4,8,test,0,/Users/nyx.wang/workspace/bosch/code/runs_stageB_morph_phys7_paperA_best_by_test_fixedA/h1/best.pth
hunt,2000,h1,p1_h1_head_ln_lr1e-04_l21e+01_ep2000_ss478,stageB_best,head_ln,full,0.0001,0.0001,10.0,0.01,huber,1.0,0.6283582592458541,26.7066650390625,14.186374843120575,24.70435333251953,24,1,0.3168182075023651,2026,478,drop0,30,4,8,test,0,/Users/nyx.wang/workspace/bosch/code/runs_stageB_morph_phys7_paperA_best_by_test_fixedA/h1/best.pth
hunt,2000,h1,p1_h1_head_ln_lr3e-05_l21e+00_ep2000_ss478,stageB_best,head_ln,full,3e-05,0.0001,1.0,0.01,huber,1.0,0.6153475220097943,27.431549072265625,14.179323613643646,29.372039794921875,24,1,0.30338916182518005,2026,478,drop0,30,4,8,test,0,/Users/nyx.wang/workspace/bosch/code/runs_stageB_morph_phys7_paperA_best_by_test_fixedA/h1/best.pth
hunt,2000,h1,p1_h1_head_ln_lr1e-05_l21e+00_ep2000_ss478,stageB_best,head_ln,full,1e-05,0.0001,1.0,0.01,huber,1.0,0.6092284711923514,27.757062911987305,14.219845831394196,30.897850036621094,24,1,0.2999611794948578,2026,478,drop0,30,4,8,test,0,/Users/nyx.wang/workspace/bosch/code/runs_stageB_morph_phys7_paperA_best_by_test_fixedA/h1/best.pth
hunt,2000,h1,p1_h1_head_ln_lr1e-04_l21e+01_ep2000_ss479,stageB_best,head_ln,full,0.0001,0.0001,10.0,0.01,huber,1.0,0.7402128598876807,25.910614013671875,10.256797075271606,19.73259735107422,24,1137,0.18187837302684784,2026,479,drop0,30,4,8,test,0,/Users/nyx.wang/workspace/bosch/code/runs_stageB_morph_phys7_paperA_best_by_test_fixedA/h1/best.pth
hunt,2000,h1,p1_h1_head_ln_lr3e-05_l21e+00_ep2000_ss479,stageB_best,head_ln,full,3e-05,0.0001,1.0,0.01,huber,1.0,0.7162829477340236,26.298242568969727,10.32891497015953,20.460655212402344,24,1722,0.1892215609550476,2026,479,drop0,30,4,8,test,0,/Users/nyx.wang/workspace/bosch/code/runs_stageB_morph_phys7_paperA_best_by_test_fixedA/h1/best.pth
hunt,2000,h1,p1_h1_head_ln_lr1e-05_l21e+00_ep2000_ss479,stageB_best,head_ln,full,1e-05,0.0001,1.0,0.01,huber,1.0,0.7112431947156165,26.890817642211914,10.747241973876953,26.05736541748047,24,1832,0.20753566920757294,2026,479,drop0,30,4,8,test,0,/Users/nyx.wang/workspace/bosch/code/runs_stageB_morph_phys7_paperA_best_by_test_fixedA/h1/best.pth
hunt,2000,h1,p1_h1_head_ln_lr1e-04_l21e+01_ep2000_ss480,stageB_best,head_ln,full,0.0001,0.0001,10.0,0.01,huber,1.0,0.523552640477355,33.52785110473633,18.663154542446136,26.943824768066406,24,1202,0.27567258477211,2026,480,drop0,30,4,8,test,0,/Users/nyx.wang/workspace/bosch/code/runs_stageB_morph_phys7_paperA_best_by_test_fixedA/h1/best.pth
hunt,2000,h1,p1_h1_head_ln_lr3e-05_l21e+00_ep2000_ss480,stageB_best,head_ln,full,3e-05,0.0001,1.0,0.01,huber,1.0,0.5126799857687381,33.77674865722656,18.755851686000824,27.361907958984375,24,1644,0.29374104738235474,2026,480,drop0,30,4,8,test,0,/Users/nyx.wang/workspace/bosch/code/runs_stageB_morph_phys7_paperA_best_by_test_fixedA/h1/best.pth
hunt,2000,h1,p1_h1_head_ln_lr1e-05_l21e+00_ep2000_ss480,stageB_best,head_ln,full,1e-05,0.0001,1.0,0.01,huber,1.0,0.5787212005618017,31.23402214050293,17.33493208885193,21.95819854736328,24,2000,0.3998328745365143,2026,480,drop0,30,4,8,test,0,/Users/nyx.wang/workspace/bosch/code/runs_stageB_morph_phys7_paperA_best_by_test_fixedA/h1/best.pth
hunt,2000,h1,p1_h1_head_ln_lr1e-04_l21e+01_ep2000_ss481,stageB_best,head_ln,full,0.0001,0.0001,10.0,0.01,huber,1.0,0.6023350931590592,25.159528732299805,10.015373677015305,22.802200317382812,24,254,0.12371445447206497,2026,481,drop0,30,4,8,test,0,/Users/nyx.wang/workspace/bosch/code/runs_stageB_morph_phys7_paperA_best_by_test_fixedA/h1/best.pth
hunt,2000,h1,p1_h1_head_ln_lr3e-05_l21e+00_ep2000_ss481,stageB_best,head_ln,full,3e-05,0.0001,1.0,0.01,huber,1.0,0.6030961994257859,25.06531524658203,9.98433455824852,21.21380615234375,24,693,0.12271517515182495,2026,481,drop0,30,4,8,test,0,/Users/nyx.wang/workspace/bosch/code/runs_stageB_morph_phys7_paperA_best_by_test_fixedA/h1/best.pth
hunt,2000,h1,p1_h1_head_ln_lr1e-05_l21e+00_ep2000_ss481,stageB_best,head_ln,full,1e-05,0.0001,1.0,0.01,huber,1.0,0.5918172741988599,26.13606071472168,10.397066920995712,24.931747436523438,24,1998,0.13260112702846527,2026,481,drop0,30,4,8,test,0,/Users/nyx.wang/workspace/bosch/code/runs_stageB_morph_phys7_paperA_best_by_test_fixedA/h1/best.pth
hunt,2000,h1,p1_h1_head_ln_lr1e-04_l21e+01_ep2000_ss482,stageB_best,head_ln,full,0.0001,0.0001,10.0,0.01,huber,1.0,0.7270043370957036,25.17494773864746,10.380961745977402,21.22545623779297,24,914,0.09205972403287888,2026,482,drop0,30,4,8,test,0,/Users/nyx.wang/workspace/bosch/code/runs_stageB_morph_phys7_paperA_best_by_test_fixedA/h1/best.pth
hunt,2000,h1,p1_h1_head_ln_lr3e-05_l21e+00_ep2000_ss482,stageB_best,head_ln,full,3e-05,0.0001,1.0,0.01,huber,1.0,0.7412000071756216,23.938894271850586,9.839848428964615,20.82903289794922,24,1530,0.10088459402322769,2026,482,drop0,30,4,8,test,0,/Users/nyx.wang/workspace/bosch/code/runs_stageB_morph_phys7_paperA_best_by_test_fixedA/h1/best.pth
hunt,2000,h1,p1_h1_head_ln_lr1e-05_l21e+00_ep2000_ss482,stageB_best,head_ln,full,1e-05,0.0001,1.0,0.01,huber,1.0,0.6200091549985958,28.5994873046875,11.514890193939209,27.339927673339844,24,56,0.10975595563650131,2026,482,drop0,30,4,8,test,0,/Users/nyx.wang/workspace/bosch/code/runs_stageB_morph_phys7_paperA_best_by_test_fixedA/h1/best.pth
hunt,2000,h1,p1_h1_head_ln_lr1e-04_l21e+01_ep2000_ss483,stageB_best,head_ln,full,0.0001,0.0001,10.0,0.01,huber,1.0,0.27102971831245737,41.94393539428711,19.717758893966675,28.77123260498047,24,1356,0.11968400329351425,2026,483,drop0,30,4,8,test,0,/Users/nyx.wang/workspace/bosch/code/runs_stageB_morph_phys7_paperA_best_by_test_fixedA/h1/best.pth
hunt,2000,h1,p1_h1_head_ln_lr3e-05_l21e+00_ep2000_ss483,stageB_best,head_ln,full,3e-05,0.0001,1.0,0.01,huber,1.0,0.2163346184827858,43.23788833618164,20.27485817670822,28.162155151367188,24,1999,0.1349797248840332,2026,483,drop0,30,4,8,test,0,/Users/nyx.wang/workspace/bosch/code/runs_stageB_morph_phys7_paperA_best_by_test_fixedA/h1/best.pth
hunt,2000,h1,p1_h1_head_ln_lr1e-05_l21e+00_ep2000_ss483,stageB_best,head_ln,full,1e-05,0.0001,1.0,0.01,huber,1.0,0.17576263474084874,42.73189163208008,20.1466366648674,25.019989013671875,24,1999,0.1832977533340454,2026,483,drop0,30,4,8,test,0,/Users/nyx.wang/workspace/bosch/code/runs_stageB_morph_phys7_paperA_best_by_test_fixedA/h1/best.pth
hunt,2000,h1,p1_h1_head_ln_lr1e-04_l21e+01_ep2000_ss484,stageB_best,head_ln,full,0.0001,0.0001,10.0,0.01,huber,1.0,-0.1908870447350539,30.261566162109375,13.019509613513947,22.761550903320312,24,5,0.2871383726596832,2026,484,drop0,30,4,8,test,0,/Users/nyx.wang/workspace/bosch/code/runs_stageB_morph_phys7_paperA_best_by_test_fixedA/h1/best.pth
hunt,2000,h1,p1_h1_head_ln_lr3e-05_l21e+00_ep2000_ss484,stageB_best,head_ln,full,3e-05,0.0001,1.0,0.01,huber,1.0,-0.21993601450448796,30.734914779663086,13.172729313373566,23.220787048339844,24,27,0.29397958517074585,2026,484,drop0,30,4,8,test,0,/Users/nyx.wang/workspace/bosch/code/runs_stageB_morph_phys7_paperA_best_by_test_fixedA/h1/best.pth
hunt,2000,h1,p1_h1_head_ln_lr1e-05_l21e+00_ep2000_ss484,stageB_best,head_ln,full,1e-05,0.0001,1.0,0.01,huber,1.0,-0.21710402400715823,30.767410278320312,13.186712563037872,23.135391235351562,24,69,0.29476526379585266,2026,484,drop0,30,4,8,test,0,/Users/nyx.wang/workspace/bosch/code/runs_stageB_morph_phys7_paperA_best_by_test_fixedA/h1/best.pth
hunt,2000,h1,p1_h1_head_ln_lr1e-04_l21e+01_ep2000_ss485,stageB_best,head_ln,full,0.0001,0.0001,10.0,0.01,huber,1.0,-0.22605422745744175,42.47468185424805,22.577601671218872,22.239105224609375,24,1,0.06780079007148743,2026,485,drop0,30,4,8,test,0,/Users/nyx.wang/workspace/bosch/code/runs_stageB_morph_phys7_paperA_best_by_test_fixedA/h1/best.pth
hunt,2000,h1,p1_h1_head_ln_lr3e-05_l21e+00_ep2000_ss485,stageB_best,head_ln,full,3e-05,0.0001,1.0,0.01,huber,1.0,-0.20765075005567613,42.086246490478516,21.98808044195175,23.69476318359375,24,1,0.05370718613266945,2026,485,drop0,30,4,8,test,0,/Users/nyx.wang/workspace/bosch/code/runs_stageB_morph_phys7_paperA_best_by_test_fixedA/h1/best.pth
hunt,2000,h1,p1_h1_head_ln_lr1e-05_l21e+00_ep2000_ss485,stageB_best,head_ln,full,1e-05,0.0001,1.0,0.01,huber,1.0,-0.2044258446071343,41.96818923950195,21.806202828884125,23.60515594482422,24,1,0.05039466917514801,2026,485,drop0,30,4,8,test,0,/Users/nyx.wang/workspace/bosch/code/runs_stageB_morph_phys7_paperA_best_by_test_fixedA/h1/best.pth
hunt,2000,h1,p1_h1_head_ln_lr1e-04_l21e+01_ep2000_ss486,stageB_best,head_ln,full,0.0001,0.0001,10.0,0.01,huber,1.0,0.03879225691070942,65.38477325439453,25.435176491737366,52.29094696044922,24,95,0.42755940556526184,2026,486,drop0,30,4,8,test,0,/Users/nyx.wang/workspace/bosch/code/runs_stageB_morph_phys7_paperA_best_by_test_fixedA/h1/best.pth
hunt,2000,h1,p1_h1_head_ln_lr3e-05_l21e+00_ep2000_ss486,stageB_best,head_ln,full,3e-05,0.0001,1.0,0.01,huber,1.0,0.04765112504072999,64.94316864013672,25.17734467983246,51.48426055908203,24,370,0.42948389053344727,2026,486,drop0,30,4,8,test,0,/Users/nyx.wang/workspace/bosch/code/runs_stageB_morph_phys7_paperA_best_by_test_fixedA/h1/best.pth
hunt,2000,h1,p1_h1_head_ln_lr1e-05_l21e+00_ep2000_ss486,stageB_best,head_ln,full,1e-05,0.0001,1.0,0.01,huber,1.0,0.04449845560764698,65.00618743896484,25.1810222864151,51.732200622558594,24,1723,0.42827358841896057,2026,486,drop0,30,4,8,test,0,/Users/nyx.wang/workspace/bosch/code/runs_stageB_morph_phys7_paperA_best_by_test_fixedA/h1/best.pth
hunt,2000,h1,p1_h1_head_ln_lr1e-04_l21e+01_ep2000_ss487,stageB_best,head_ln,full,0.0001,0.0001,10.0,0.01,huber,1.0,0.7094206563409109,26.098840713500977,8.671736717224121,14.481483459472656,24,12,0.23358069360256195,2026,487,drop0,30,4,8,test,0,/Users/nyx.wang/workspace/bosch/code/runs_stageB_morph_phys7_paperA_best_by_test_fixedA/h1/best.pth
hunt,2000,h1,p1_h1_head_ln_lr3e-05_l21e+00_ep2000_ss487,stageB_best,head_ln,full,3e-05,0.0001,1.0,0.01,huber,1.0,0.7164564419576944,25.62137794494629,8.53387787938118,14.253532409667969,24,64,0.23498724400997162,2026,487,drop0,30,4,8,test,0,/Users/nyx.wang/workspace/bosch/code/runs_stageB_morph_phys7_paperA_best_by_test_fixedA/h1/best.pth
hunt,2000,h1,p1_h1_head_ln_lr1e-05_l21e+00_ep2000_ss487,stageB_best,head_ln,full,1e-05,0.0001,1.0,0.01,huber,1.0,0.7051652839823952,26.568634033203125,8.835182338953018,14.452362060546875,24,92,0.23470574617385864,2026,487,drop0,30,4,8,test,0,/Users/nyx.wang/workspace/bosch/code/runs_stageB_morph_phys7_paperA_best_by_test_fixedA/h1/best.pth
hunt,2000,h1,p1_h1_head_ln_lr1e-04_l21e+01_ep2000_ss488,stageB_best,head_ln,full,0.0001,0.0001,10.0,0.01,huber,1.0,0.5251063158281835,24.88360023498535,11.568087339401245,22.419097900390625,24,151,0.38184383511543274,2026,488,drop0,30,4,8,test,0,/Users/nyx.wang/workspace/bosch/code/runs_stageB_morph_phys7_paperA_best_by_test_fixedA/h1/best.pth
hunt,2000,h1,p1_h1_head_ln_lr3e-05_l21e+00_ep2000_ss488,stageB_best,head_ln,full,3e-05,0.0001,1.0,0.01,huber,1.0,0.5201768488371786,24.9747371673584,11.639043688774109,22.641502380371094,24,549,0.38578853011131287,2026,488,drop0,30,4,8,test,0,/Users/nyx.wang/workspace/bosch/code/runs_stageB_morph_phys7_paperA_best_by_test_fixedA/h1/best.pth
hunt,2000,h1,p1_h1_head_ln_lr1e-05_l21e+00_ep2000_ss488,stageB_best,head_ln,full,1e-05,0.0001,1.0,0.01,huber,1.0,0.4086033001004079,28.63042640686035,13.113076984882355,25.269317626953125,24,1,0.3865555226802826,2026,488,drop0,30,4,8,test,0,/Users/nyx.wang/workspace/bosch/code/runs_stageB_morph_phys7_paperA_best_by_test_fixedA/h1/best.pth
hunt,2000,h1,p1_h1_head_ln_lr1e-04_l21e+01_ep2000_ss489,stageB_best,head_ln,full,0.0001,0.0001,10.0,0.01,huber,1.0,0.5532484992756199,28.678110122680664,11.83117926120758,25.671615600585938,24,792,0.055785611271858215,2026,489,drop0,30,4,8,test,0,/Users/nyx.wang/workspace/bosch/code/runs_stageB_morph_phys7_paperA_best_by_test_fixedA/h1/best.pth
hunt,2000,h1,p1_h1_head_ln_lr3e-05_l21e+00_ep2000_ss489,stageB_best,head_ln,full,3e-05,0.0001,1.0,0.01,huber,1.0,0.5751547622016999,27.834508895874023,11.305149644613266,27.553421020507812,24,1909,0.060605477541685104,2026,489,drop0,30,4,8,test,0,/Users/nyx.wang/workspace/bosch/code/runs_stageB_morph_phys7_paperA_best_by_test_fixedA/h1/best.pth
hunt,2000,h1,p1_h1_head_ln_lr1e-05_l21e+00_ep2000_ss489,stageB_best,head_ln,full,1e-05,0.0001,1.0,0.01,huber,1.0,0.5920878295305976,27.145530700683594,11.089462041854858,23.071121215820312,24,2000,0.10225795954465866,2026,489,drop0,30,4,8,test,0,/Users/nyx.wang/workspace/bosch/code/runs_stageB_morph_phys7_paperA_best_by_test_fixedA/h1/best.pth
hunt,2000,h1,p1_h1_head_ln_lr1e-04_l21e+01_ep2000_ss490,stageB_best,head_ln,full,0.0001,0.0001,10.0,0.01,huber,1.0,0.8198397623758167,27.09647560119629,12.588869035243988,22.927597045898438,24,819,0.16242559254169464,2026,490,drop0,30,4,8,test,0,/Users/nyx.wang/workspace/bosch/code/runs_stageB_morph_phys7_paperA_best_by_test_fixedA/h1/best.pth
hunt,2000,h1,p1_h1_head_ln_lr3e-05_l21e+00_ep2000_ss490,stageB_best,head_ln,full,3e-05,0.0001,1.0,0.01,huber,1.0,0.8158355933881763,27.253173828125,12.458238750696182,22.85601043701172,24,1222,0.19256377220153809,2026,490,drop0,30,4,8,test,0,/Users/nyx.wang/workspace/bosch/code/runs_stageB_morph_phys7_paperA_best_by_test_fixedA/h1/best.pth
hunt,2000,h1,p1_h1_head_ln_lr1e-05_l21e+00_ep2000_ss490,stageB_best,head_ln,full,1e-05,0.0001,1.0,0.01,huber,1.0,0.777788837433259,29.72304344177246,13.161791861057281,20.4736328125,24,1777,0.22488857805728912,2026,490,drop0,30,4,8,test,0,/Users/nyx.wang/workspace/bosch/code/runs_stageB_morph_phys7_paperA_best_by_test_fixedA/h1/best.pth
hunt,2000,h1,p1_h1_head_ln_lr1e-04_l21e+01_ep2000_ss491,stageB_best,head_ln,full,0.0001,0.0001,10.0,0.01,huber,1.0,0.444642903108011,35.023067474365234,18.957744538784027,34.14433288574219,24,7,0.23548822104930878,2026,491,drop0,30,4,8,test,0,/Users/nyx.wang/workspace/bosch/code/runs_stageB_morph_phys7_paperA_best_by_test_fixedA/h1/best.pth
hunt,2000,h1,p1_h1_head_ln_lr3e-05_l21e+00_ep2000_ss491,stageB_best,head_ln,full,3e-05,0.0001,1.0,0.01,huber,1.0,0.47998246374845177,33.80807113647461,18.2126447558403,34.111793518066406,24,27,0.2372598797082901,2026,491,drop0,30,4,8,test,0,/Users/nyx.wang/workspace/bosch/code/runs_stageB_morph_phys7_paperA_best_by_test_fixedA/h1/best.pth
hunt,2000,h1,p1_h1_head_ln_lr1e-05_l21e+00_ep2000_ss491,stageB_best,head_ln,full,1e-05,0.0001,1.0,0.01,huber,1.0,0.47906185962360426,33.93599319458008,18.299932777881622,33.943870544433594,24,108,0.23760569095611572,2026,491,drop0,30,4,8,test,0,/Users/nyx.wang/workspace/bosch/code/runs_stageB_morph_phys7_paperA_best_by_test_fixedA/h1/best.pth
hunt,2000,h1,p1_h1_head_ln_lr1e-04_l21e+01_ep2000_ss492,stageB_best,head_ln,full,0.0001,0.0001,10.0,0.01,huber,1.0,-0.2328193817727615,35.10676956176758,19.527895748615265,17.174644470214844,24,215,0.1424197107553482,2026,492,drop0,30,4,8,test,0,/Users/nyx.wang/workspace/bosch/code/runs_stageB_morph_phys7_paperA_best_by_test_fixedA/h1/best.pth
hunt,2000,h1,p1_h1_head_ln_lr3e-05_l21e+00_ep2000_ss492,stageB_best,head_ln,full,3e-05,0.0001,1.0,0.01,huber,1.0,-0.30634933852461166,35.64430618286133,19.88629251718521,16.121536254882812,24,292,0.14546345174312592,2026,492,drop0,30,4,8,test,0,/Users/nyx.wang/workspace/bosch/code/runs_stageB_morph_phys7_paperA_best_by_test_fixedA/h1/best.pth
hunt,2000,h1,p1_h1_head_ln_lr1e-05_l21e+00_ep2000_ss492,stageB_best,head_ln,full,1e-05,0.0001,1.0,0.01,huber,1.0,-0.2705160145685874,35.15861129760742,19.590650498867035,16.917686462402344,24,1018,0.14802788197994232,2026,492,drop0,30,4,8,test,0,/Users/nyx.wang/workspace/bosch/code/runs_stageB_morph_phys7_paperA_best_by_test_fixedA/h1/best.pth
hunt,2000,h1,p1_h1_head_ln_lr1e-04_l21e+01_ep2000_ss493,stageB_best,head_ln,full,0.0001,0.0001,10.0,0.01,huber,1.0,0.45921627698843115,19.808597564697266,9.136597067117691,14.607986450195312,24,1094,0.4568023681640625,2026,493,drop0,30,4,8,test,0,/Users/nyx.wang/workspace/bosch/code/runs_stageB_morph_phys7_paperA_best_by_test_fixedA/h1/best.pth
hunt,2000,h1,p1_h1_head_ln_lr3e-05_l21e+00_ep2000_ss493,stageB_best,head_ln,full,3e-05,0.0001,1.0,0.01,huber,1.0,0.4506965057145269,19.77361488342285,9.045377373695374,14.513572692871094,24,1899,0.5056728720664978,2026,493,drop0,30,4,8,test,0,/Users/nyx.wang/workspace/bosch/code/runs_stageB_morph_phys7_paperA_best_by_test_fixedA/h1/best.pth
hunt,2000,h1,p1_h1_head_ln_lr1e-05_l21e+00_ep2000_ss493,stageB_best,head_ln,full,1e-05,0.0001,1.0,0.01,huber,1.0,0.42164116489648484,20.408428192138672,8.950494974851608,16.67432403564453,24,1901,0.5619264245033264,2026,493,drop0,30,4,8,test,0,/Users/nyx.wang/workspace/bosch/code/runs_stageB_morph_phys7_paperA_best_by_test_fixedA/h1/best.pth
hunt,2000,h1,p1_h1_head_ln_lr1e-04_l21e+01_ep2000_ss494,stageB_best,head_ln,full,0.0001,0.0001,10.0,0.01,huber,1.0,0.22671146058391112,30.670669555664062,15.058986842632294,17.423690795898438,24,8,0.12403019517660141,2026,494,drop0,30,4,8,test,0,/Users/nyx.wang/workspace/bosch/code/runs_stageB_morph_phys7_paperA_best_by_test_fixedA/h1/best.pth
hunt,2000,h1,p1_h1_head_ln_lr3e-05_l21e+00_ep2000_ss494,stageB_best,head_ln,full,3e-05,0.0001,1.0,0.01,huber,1.0,0.22642489583270065,30.7453670501709,15.086449682712555,17.40234375,24,27,0.12467195838689804,2026,494,drop0,30,4,8,test,0,/Users/nyx.wang/workspace/bosch/code/runs_stageB_morph_phys7_paperA_best_by_test_fixedA/h1/best.pth
hunt,2000,h1,p1_h1_head_ln_lr1e-05_l21e+00_ep2000_ss494,stageB_best,head_ln,full,1e-05,0.0001,1.0,0.01,huber,1.0,0.2241251999005398,30.949987411499023,14.98102992773056,17.683204650878906,24,58,0.1264272779226303,2026,494,drop0,30,4,8,test,0,/Users/nyx.wang/workspace/bosch/code/runs_stageB_morph_phys7_paperA_best_by_test_fixedA/h1/best.pth
hunt,2000,h1,p1_h1_head_ln_lr1e-04_l21e+01_ep2000_ss495,stageB_best,head_ln,full,0.0001,0.0001,10.0,0.01,huber,1.0,0.715724856548126,32.095279693603516,13.067230582237244,21.160629272460938,24,7,0.2733135521411896,2026,495,drop0,30,4,8,test,0,/Users/nyx.wang/workspace/bosch/code/runs_stageB_morph_phys7_paperA_best_by_test_fixedA/h1/best.pth
hunt,2000,h1,p1_h1_head_ln_lr3e-05_l21e+00_ep2000_ss495,stageB_best,head_ln,full,3e-05,0.0001,1.0,0.01,huber,1.0,0.7320094145716112,31.305818557739258,12.880158424377441,21.25257110595703,24,51,0.2718617022037506,2026,495,drop0,30,4,8,test,0,/Users/nyx.wang/workspace/bosch/code/runs_stageB_morph_phys7_paperA_best_by_test_fixedA/h1/best.pth
hunt,2000,h1,p1_h1_head_ln_lr1e-05_l21e+00_ep2000_ss495,stageB_best,head_ln,full,1e-05,0.0001,1.0,0.01,huber,1.0,0.7247187105771489,31.845212936401367,13.10855746269226,21.819923400878906,24,98,0.2632702589035034,2026,495,drop0,30,4,8,test,0,/Users/nyx.wang/workspace/bosch/code/runs_stageB_morph_phys7_paperA_best_by_test_fixedA/h1/best.pth
hunt,2000,h1,p1_h1_head_ln_lr1e-04_l21e+01_ep2000_ss496,stageB_best,head_ln,full,0.0001,0.0001,10.0,0.01,huber,1.0,0.5901824907899339,31.08208656311035,13.174785673618317,30.18158721923828,24,8,0.07877536863088608,2026,496,drop0,30,4,8,test,0,/Users/nyx.wang/workspace/bosch/code/runs_stageB_morph_phys7_paperA_best_by_test_fixedA/h1/best.pth
hunt,2000,h1,p1_h1_head_ln_lr3e-05_l21e+00_ep2000_ss496,stageB_best,head_ln,full,3e-05,0.0001,1.0,0.01,huber,1.0,0.5774847009504942,31.753263473510742,13.411526381969452,31.527969360351562,24,22,0.08068494498729706,2026,496,drop0,30,4,8,test,0,/Users/nyx.wang/workspace/bosch/code/runs_stageB_morph_phys7_paperA_best_by_test_fixedA/h1/best.pth
hunt,2000,h1,p1_h1_head_ln_lr1e-05_l21e+00_ep2000_ss496,stageB_best,head_ln,full,1e-05,0.0001,1.0,0.01,huber,1.0,0.5984464794953165,30.739919662475586,13.049958646297455,29.54308319091797,24,106,0.08077040314674377,2026,496,drop0,30,4,8,test,0,/Users/nyx.wang/workspace/bosch/code/runs_stageB_morph_phys7_paperA_best_by_test_fixedA/h1/best.pth
hunt,2000,h1,p1_h1_head_ln_lr1e-04_l21e+01_ep2000_ss497,stageB_best,head_ln,full,0.0001,0.0001,10.0,0.01,huber,1.0,0.8167101282307639,30.48628807067871,14.64041918516159,22.365692138671875,24,1370,0.4506959021091461,2026,497,drop0,30,4,8,test,0,/Users/nyx.wang/workspace/bosch/code/runs_stageB_morph_phys7_paperA_best_by_test_fixedA/h1/best.pth
hunt,2000,h1,p1_h1_head_ln_lr3e-05_l21e+00_ep2000_ss497,stageB_best,head_ln,full,3e-05,0.0001,1.0,0.01,huber,1.0,0.8030595429144503,31.281112670898438,15.17210453748703,23.483619689941406,24,1946,0.4906730651855469,2026,497,drop0,30,4,8,test,0,/Users/nyx.wang/workspace/bosch/code/runs_stageB_morph_phys7_paperA_best_by_test_fixedA/h1/best.pth
hunt,2000,h1,p1_h1_head_ln_lr1e-05_l21e+00_ep2000_ss497,stageB_best,head_ln,full,1e-05,0.0001,1.0,0.01,huber,1.0,0.7796843397403556,32.66883850097656,15.29715210199356,26.696609497070312,24,1971,0.5643202662467957,2026,497,drop0,30,4,8,test,0,/Users/nyx.wang/workspace/bosch/code/runs_stageB_morph_phys7_paperA_best_by_test_fixedA/h1/best.pth
hunt,2000,h1,p1_h1_head_ln_lr1e-04_l21e+01_ep2000_ss498,stageB_best,head_ln,full,0.0001,0.0001,10.0,0.01,huber,1.0,0.5624482235234354,23.12860107421875,10.430652648210526,15.960792541503906,24,1350,0.20642177760601044,2026,498,drop0,30,4,8,test,0,/Users/nyx.wang/workspace/bosch/code/runs_stageB_morph_phys7_paperA_best_by_test_fixedA/h1/best.pth
hunt,2000,h1,p1_h1_head_ln_lr3e-05_l21e+00_ep2000_ss498,stageB_best,head_ln,full,3e-05,0.0001,1.0,0.01,huber,1.0,0.5229534839619628,23.7437744140625,10.823974758386612,14.628509521484375,24,674,0.2222532480955124,2026,498,drop0,30,4,8,test,0,/Users/nyx.wang/workspace/bosch/code/runs_stageB_morph_phys7_paperA_best_by_test_fixedA/h1/best.pth
hunt,2000,h1,p1_h1_head_ln_lr1e-05_l21e+00_ep2000_ss498,stageB_best,head_ln,full,1e-05,0.0001,1.0,0.01,huber,1.0,0.5058625940766901,24.00263786315918,10.977211594581604,12.901283264160156,24,2000,0.23174281418323517,2026,498,drop0,30,4,8,test,0,/Users/nyx.wang/workspace/bosch/code/runs_stageB_morph_phys7_paperA_best_by_test_fixedA/h1/best.pth
hunt,2000,h1,p1_h1_head_ln_lr1e-04_l21e+01_ep2000_ss499,stageB_best,head_ln,full,0.0001,0.0001,10.0,0.01,huber,1.0,-0.24717609674072194,29.943082809448242,15.333069860935211,13.0379638671875,24,167,0.04319283738732338,2026,499,drop0,30,4,8,test,0,/Users/nyx.wang/workspace/bosch/code/runs_stageB_morph_phys7_paperA_best_by_test_fixedA/h1/best.pth
hunt,2000,h1,p1_h1_head_ln_lr3e-05_l21e+00_ep2000_ss499,stageB_best,head_ln,full,3e-05,0.0001,1.0,0.01,huber,1.0,-0.2904330144107701,30.37111473083496,15.547089278697968,13.249679565429688,24,526,0.04378075525164604,2026,499,drop0,30,4,8,test,0,/Users/nyx.wang/workspace/bosch/code/runs_stageB_morph_phys7_paperA_best_by_test_fixedA/h1/best.pth
hunt,2000,h1,p1_h1_head_ln_lr1e-05_l21e+00_ep2000_ss499,stageB_best,head_ln,full,1e-05,0.0001,1.0,0.01,huber,1.0,-0.33550946628532907,30.76112937927246,15.779800713062286,15.892662048339844,24,1931,0.045889031141996384,2026,499,drop0,30,4,8,test,0,/Users/nyx.wang/workspace/bosch/code/runs_stageB_morph_phys7_paperA_best_by_test_fixedA/h1/best.pth
