phase,epochs,family,exp,init,finetune_mode,phys7_mode,lr,wd,l2sp,backbone_lr_ratio,loss_type,huber_beta,r2,mae_nm,mape_pct,median_ae_nm,n,best_epoch,val_loss,run_seed,split_seed,drop_tag,trainN,valN,testN,eval_set,num_dropped,ckpt
d1hunt,1200,d1,v19_d1_head_ln_lr1e-04_ep1200_ss0,stageB_best,head_ln,full,0.0001,0.0001,0.0,0.0,huber,1.0,-0.0642555439788628,17.327659606933594,46.61237299442291,15.28007698059082,36,888,0.26552052050828934,2026,0,drop0,48,7,14,test,0,/Users/nyx.wang/workspace/bosch/code/runs_stageB_morph_phys7_paperA_best_by_test_fixedA/d1/best.pth
d1hunt,2000,d1,v19_d1_head_ln_lr1e-04_ep2000_ss0,stageB_best,head_ln,full,0.0001,0.0001,0.0,0.0,huber,1.0,-0.07108235682415431,17.30777931213379,46.917396783828735,14.848918914794922,36,1450,0.24614646285772324,2026,0,drop0,48,7,14,test,0,/Users/nyx.wang/workspace/bosch/code/runs_stageB_morph_phys7_paperA_best_by_test_fixedA/d1/best.pth
d1hunt,1200,d1,v19_d1_head_ln_lr1e-04_ep1200_ss1,stageB_best,head_ln,full,0.0001,0.0001,0.0,0.0,huber,1.0,0.2703355406309057,14.347249031066895,74.87202882766724,11.891181945800781,39,1002,0.24154888093471527,2026,1,drop0,48,7,14,test,0,/Users/nyx.wang/workspace/bosch/code/runs_stageB_morph_phys7_paperA_best_by_test_fixedA/d1/best.pth
d1hunt,2000,d1,v19_d1_head_ln_lr1e-04_ep2000_ss1,stageB_best,head_ln,full,0.0001,0.0001,0.0,0.0,huber,1.0,0.28307558126660803,13.879716873168945,68.20043325424194,10.668869018554688,39,1001,0.212046317756176,2026,1,drop0,48,7,14,test,0,/Users/nyx.wang/workspace/bosch/code/runs_stageB_morph_phys7_paperA_best_by_test_fixedA/d1/best.pth
d1hunt,1200,d1,v19_d1_head_ln_lr1e-04_ep1200_ss2,stageB_best,head_ln,full,0.0001,0.0001,0.0,0.0,huber,1.0,0.47019649072386194,12.904946327209473,69.02627348899841,14.008550643920898,27,1192,0.22739338874816895,2026,2,drop0,48,7,14,test,0,/Users/nyx.wang/workspace/bosch/code/runs_stageB_morph_phys7_paperA_best_by_test_fixedA/d1/best.pth
d1hunt,2000,d1,v19_d1_head_ln_lr1e-04_ep2000_ss2,stageB_best,head_ln,full,0.0001,0.0001,0.0,0.0,huber,1.0,0.4688811517430713,12.921069145202637,69.60483193397522,13.969938278198242,27,779,0.22409681603312492,2026,2,drop0,48,7,14,test,0,/Users/nyx.wang/workspace/bosch/code/runs_stageB_morph_phys7_paperA_best_by_test_fixedA/d1/best.pth
d1hunt,1200,d1,v19_d1_head_ln_lr1e-04_ep1200_ss3,stageB_best,head_ln,full,0.0001,0.0001,0.0,0.0,huber,1.0,0.6259249005436482,13.909564971923828,108.71487855911255,13.55392074584961,36,721,0.206126406788826,2026,3,drop0,48,7,14,test,0,/Users/nyx.wang/workspace/bosch/code/runs_stageB_morph_phys7_paperA_best_by_test_fixedA/d1/best.pth
d1hunt,2000,d1,v19_d1_head_ln_lr1e-04_ep2000_ss3,stageB_best,head_ln,full,0.0001,0.0001,0.0,0.0,huber,1.0,0.6125116932351262,14.0532865524292,99.68392252922058,13.106377601623535,36,1440,0.17363476380705833,2026,3,drop0,48,7,14,test,0,/Users/nyx.wang/workspace/bosch/code/runs_stageB_morph_phys7_paperA_best_by_test_fixedA/d1/best.pth
d1hunt,1200,d1,v19_d1_head_ln_lr1e-04_ep1200_ss4,stageB_best,head_ln,full,0.0001,0.0001,0.0,0.0,huber,1.0,0.2233425472742796,18.726078033447266,38.587167859077454,16.376001358032227,33,397,0.19982649385929108,2026,4,drop0,48,7,14,test,0,/Users/nyx.wang/workspace/bosch/code/runs_stageB_morph_phys7_paperA_best_by_test_fixedA/d1/best.pth
d1hunt,2000,d1,v19_d1_head_ln_lr1e-04_ep2000_ss4,stageB_best,head_ln,full,0.0001,0.0001,0.0,0.0,huber,1.0,0.23639075965300194,18.53887939453125,38.16249370574951,16.186809539794922,33,397,0.19965211302042007,2026,4,drop0,48,7,14,test,0,/Users/nyx.wang/workspace/bosch/code/runs_stageB_morph_phys7_paperA_best_by_test_fixedA/d1/best.pth
d1hunt,1200,d1,v19_d1_head_ln_lr1e-04_ep1200_ss5,stageB_best,head_ln,full,0.0001,0.0001,0.0,0.0,huber,1.0,0.40991095256861554,13.591822624206543,54.23296093940735,9.941965103149414,30,838,0.38466600328683853,2026,5,drop0,48,7,14,test,0,/Users/nyx.wang/workspace/bosch/code/runs_stageB_morph_phys7_paperA_best_by_test_fixedA/d1/best.pth
d1hunt,2000,d1,v19_d1_head_ln_lr1e-04_ep2000_ss5,stageB_best,head_ln,full,0.0001,0.0001,0.0,0.0,huber,1.0,0.4123102616692186,13.189067840576172,50.68918466567993,10.62096881866455,30,1271,0.37432674318552017,2026,5,drop0,48,7,14,test,0,/Users/nyx.wang/workspace/bosch/code/runs_stageB_morph_phys7_paperA_best_by_test_fixedA/d1/best.pth
d1hunt,1200,d1,v19_d1_head_ln_lr1e-04_ep1200_ss6,stageB_best,head_ln,full,0.0001,0.0001,0.0,0.0,huber,1.0,0.4955576557056741,15.36845588684082,59.9264919757843,13.847681045532227,27,1031,0.10759634152054787,2026,6,drop0,48,7,14,test,0,/Users/nyx.wang/workspace/bosch/code/runs_stageB_morph_phys7_paperA_best_by_test_fixedA/d1/best.pth
d1hunt,2000,d1,v19_d1_head_ln_lr1e-04_ep2000_ss6,stageB_best,head_ln,full,0.0001,0.0001,0.0,0.0,huber,1.0,0.5574973515456385,14.188203811645508,54.9501895904541,13.11570930480957,27,1402,0.09049532562494278,2026,6,drop0,48,7,14,test,0,/Users/nyx.wang/workspace/bosch/code/runs_stageB_morph_phys7_paperA_best_by_test_fixedA/d1/best.pth
d1hunt,1200,d1,v19_d1_head_ln_lr1e-04_ep1200_ss7,stageB_best,head_ln,full,0.0001,0.0001,0.0,0.0,huber,1.0,0.6135638144462843,13.248403549194336,216.53165817260742,12.831437110900879,30,825,0.1846790760755539,2026,7,drop0,48,7,14,test,0,/Users/nyx.wang/workspace/bosch/code/runs_stageB_morph_phys7_paperA_best_by_test_fixedA/d1/best.pth
d1hunt,2000,d1,v19_d1_head_ln_lr1e-04_ep2000_ss7,stageB_best,head_ln,full,0.0001,0.0001,0.0,0.0,huber,1.0,0.63534321323849,12.47017765045166,194.25233602523804,11.077651977539062,30,1229,0.15894921496510506,2026,7,drop0,48,7,14,test,0,/Users/nyx.wang/workspace/bosch/code/runs_stageB_morph_phys7_paperA_best_by_test_fixedA/d1/best.pth
d1hunt,1200,d1,v19_d1_head_ln_lr1e-04_ep1200_ss8,stageB_best,head_ln,full,0.0001,0.0001,0.0,0.0,huber,1.0,0.5042180061811713,17.562768936157227,90.1290237903595,15.014110565185547,39,838,0.12059814110398293,2026,8,drop0,48,7,14,test,0,/Users/nyx.wang/workspace/bosch/code/runs_stageB_morph_phys7_paperA_best_by_test_fixedA/d1/best.pth
d1hunt,2000,d1,v19_d1_head_ln_lr1e-04_ep2000_ss8,stageB_best,head_ln,full,0.0001,0.0001,0.0,0.0,huber,1.0,0.5439540782912566,16.951847076416016,86.78731918334961,13.847759246826172,39,1291,0.11533860862255096,2026,8,drop0,48,7,14,test,0,/Users/nyx.wang/workspace/bosch/code/runs_stageB_morph_phys7_paperA_best_by_test_fixedA/d1/best.pth
d1hunt,1200,d1,v19_d1_head_ln_lr1e-04_ep1200_ss9,stageB_best,head_ln,full,0.0001,0.0001,0.0,0.0,huber,1.0,0.5548243332300447,12.387097358703613,203.60560417175293,12.969145774841309,39,691,0.06328109372407198,2026,9,drop0,48,7,14,test,0,/Users/nyx.wang/workspace/bosch/code/runs_stageB_morph_phys7_paperA_best_by_test_fixedA/d1/best.pth
d1hunt,2000,d1,v19_d1_head_ln_lr1e-04_ep2000_ss9,stageB_best,head_ln,full,0.0001,0.0001,0.0,0.0,huber,1.0,0.5818228929346594,11.931229591369629,182.75601863861084,11.046850204467773,39,1002,0.04927854798734188,2026,9,drop0,48,7,14,test,0,/Users/nyx.wang/workspace/bosch/code/runs_stageB_morph_phys7_paperA_best_by_test_fixedA/d1/best.pth
d1hunt,1200,d1,v19_d1_head_ln_lr1e-04_ep1200_ss10,stageB_best,head_ln,full,0.0001,0.0001,0.0,0.0,huber,1.0,0.2429636711681058,15.832926750183105,185.23542881011963,15.0235013961792,36,102,0.19137585908174515,2026,10,drop0,48,7,14,test,0,/Users/nyx.wang/workspace/bosch/code/runs_stageB_morph_phys7_paperA_best_by_test_fixedA/d1/best.pth
d1hunt,2000,d1,v19_d1_head_ln_lr1e-04_ep2000_ss10,stageB_best,head_ln,full,0.0001,0.0001,0.0,0.0,huber,1.0,0.2461138692583481,15.80427360534668,184.84230041503906,15.006592750549316,36,102,0.19131473451852798,2026,10,drop0,48,7,14,test,0,/Users/nyx.wang/workspace/bosch/code/runs_stageB_morph_phys7_paperA_best_by_test_fixedA/d1/best.pth
d1hunt,1200,d1,v19_d1_head_ln_lr1e-04_ep1200_ss11,stageB_best,head_ln,full,0.0001,0.0001,0.0,0.0,huber,1.0,0.5109264904658295,16.73387908935547,232.29541778564453,15.54727554321289,33,680,0.3038944602012634,2026,11,drop0,48,7,14,test,0,/Users/nyx.wang/workspace/bosch/code/runs_stageB_morph_phys7_paperA_best_by_test_fixedA/d1/best.pth
d1hunt,2000,d1,v19_d1_head_ln_lr1e-04_ep2000_ss11,stageB_best,head_ln,full,0.0001,0.0001,0.0,0.0,huber,1.0,0.5371824812275796,16.342885971069336,230.6687831878662,15.875267028808594,33,932,0.2906378507614136,2026,11,drop0,48,7,14,test,0,/Users/nyx.wang/workspace/bosch/code/runs_stageB_morph_phys7_paperA_best_by_test_fixedA/d1/best.pth
d1hunt,1200,d1,v19_d1_head_ln_lr1e-04_ep1200_ss12,stageB_best,head_ln,full,0.0001,0.0001,0.0,0.0,huber,1.0,0.2276998715012012,18.601654052734375,274.8436450958252,14.715629577636719,36,233,0.13401038572192192,2026,12,drop0,48,7,14,test,0,/Users/nyx.wang/workspace/bosch/code/runs_stageB_morph_phys7_paperA_best_by_test_fixedA/d1/best.pth
d1hunt,2000,d1,v19_d1_head_ln_lr1e-04_ep2000_ss12,stageB_best,head_ln,full,0.0001,0.0001,0.0,0.0,huber,1.0,0.22656453548743816,18.592082977294922,272.249698638916,14.852693557739258,36,233,0.13376620411872864,2026,12,drop0,48,7,14,test,0,/Users/nyx.wang/workspace/bosch/code/runs_stageB_morph_phys7_paperA_best_by_test_fixedA/d1/best.pth
d1hunt,1200,d1,v19_d1_head_ln_lr1e-04_ep1200_ss13,stageB_best,head_ln,full,0.0001,0.0001,0.0,0.0,huber,1.0,-0.11011472709857362,21.314661026000977,174.7511386871338,18.562042236328125,36,733,0.1470770575106144,2026,13,drop0,48,7,14,test,0,/Users/nyx.wang/workspace/bosch/code/runs_stageB_morph_phys7_paperA_best_by_test_fixedA/d1/best.pth
d1hunt,2000,d1,v19_d1_head_ln_lr1e-04_ep2000_ss13,stageB_best,head_ln,full,0.0001,0.0001,0.0,0.0,huber,1.0,-0.021511901755416174,20.319658279418945,176.939594745636,18.305294036865234,36,1012,0.13203324005007744,2026,13,drop0,48,7,14,test,0,/Users/nyx.wang/workspace/bosch/code/runs_stageB_morph_phys7_paperA_best_by_test_fixedA/d1/best.pth
d1hunt,1200,d1,v19_d1_head_ln_lr1e-04_ep1200_ss14,stageB_best,head_ln,full,0.0001,0.0001,0.0,0.0,huber,1.0,0.22175929051846388,19.797395706176758,135.05170345306396,19.063995361328125,42,167,0.155959939584136,2026,14,drop0,48,7,14,test,0,/Users/nyx.wang/workspace/bosch/code/runs_stageB_morph_phys7_paperA_best_by_test_fixedA/d1/best.pth
d1hunt,2000,d1,v19_d1_head_ln_lr1e-04_ep2000_ss14,stageB_best,head_ln,full,0.0001,0.0001,0.0,0.0,huber,1.0,0.22188486063500734,19.772186279296875,134.46110486984253,18.95847511291504,42,167,0.15595439076423645,2026,14,drop0,48,7,14,test,0,/Users/nyx.wang/workspace/bosch/code/runs_stageB_morph_phys7_paperA_best_by_test_fixedA/d1/best.pth
d1hunt,1200,d1,v19_d1_head_ln_lr1e-04_ep1200_ss15,stageB_best,head_ln,full,0.0001,0.0001,0.0,0.0,huber,1.0,0.24348076300003585,17.959360122680664,66.67811870574951,14.69866943359375,36,195,0.20552265644073486,2026,15,drop0,48,7,14,test,0,/Users/nyx.wang/workspace/bosch/code/runs_stageB_morph_phys7_paperA_best_by_test_fixedA/d1/best.pth
d1hunt,2000,d1,v19_d1_head_ln_lr1e-04_ep2000_ss15,stageB_best,head_ln,full,0.0001,0.0001,0.0,0.0,huber,1.0,0.24400472339580448,17.909238815307617,66.03522896766663,14.516459465026855,36,195,0.20495978742837906,2026,15,drop0,48,7,14,test,0,/Users/nyx.wang/workspace/bosch/code/runs_stageB_morph_phys7_paperA_best_by_test_fixedA/d1/best.pth
d1hunt,1200,d1,v19_d1_head_ln_lr1e-04_ep1200_ss16,stageB_best,head_ln,full,0.0001,0.0001,0.0,0.0,huber,1.0,0.5546160416940487,12.822391510009766,48.0190634727478,11.337024688720703,27,584,0.13114093989133835,2026,16,drop0,48,7,14,test,0,/Users/nyx.wang/workspace/bosch/code/runs_stageB_morph_phys7_paperA_best_by_test_fixedA/d1/best.pth
d1hunt,2000,d1,v19_d1_head_ln_lr1e-04_ep2000_ss16,stageB_best,head_ln,full,0.0001,0.0001,0.0,0.0,huber,1.0,0.5901763905112394,12.835322380065918,46.82789146900177,11.682182312011719,27,1035,0.11292047053575516,2026,16,drop0,48,7,14,test,0,/Users/nyx.wang/workspace/bosch/code/runs_stageB_morph_phys7_paperA_best_by_test_fixedA/d1/best.pth
d1hunt,1200,d1,v19_d1_head_ln_lr1e-04_ep1200_ss17,stageB_best,head_ln,full,0.0001,0.0001,0.0,0.0,huber,1.0,0.5045336619190566,14.082074165344238,74.32889938354492,13.298429489135742,33,1200,0.1874743402004242,2026,17,drop0,48,7,14,test,0,/Users/nyx.wang/workspace/bosch/code/runs_stageB_morph_phys7_paperA_best_by_test_fixedA/d1/best.pth
d1hunt,2000,d1,v19_d1_head_ln_lr1e-04_ep2000_ss17,stageB_best,head_ln,full,0.0001,0.0001,0.0,0.0,huber,1.0,0.5371846097497495,13.820526123046875,70.00791430473328,12.497608184814453,33,2000,0.17192783951759338,2026,17,drop0,48,7,14,test,0,/Users/nyx.wang/workspace/bosch/code/runs_stageB_morph_phys7_paperA_best_by_test_fixedA/d1/best.pth
d1hunt,1200,d1,v19_d1_head_ln_lr1e-04_ep1200_ss18,stageB_best,head_ln,full,0.0001,0.0001,0.0,0.0,huber,1.0,0.6111635452925903,11.431230545043945,65.3568983078003,10.557933807373047,36,778,0.45831233263015747,2026,18,drop0,48,7,14,test,0,/Users/nyx.wang/workspace/bosch/code/runs_stageB_morph_phys7_paperA_best_by_test_fixedA/d1/best.pth
d1hunt,2000,d1,v19_d1_head_ln_lr1e-04_ep2000_ss18,stageB_best,head_ln,full,0.0001,0.0001,0.0,0.0,huber,1.0,0.6348456258612373,11.003396987915039,61.08834743499756,10.198379516601562,36,1001,0.44088114798069,2026,18,drop0,48,7,14,test,0,/Users/nyx.wang/workspace/bosch/code/runs_stageB_morph_phys7_paperA_best_by_test_fixedA/d1/best.pth
d1hunt,1200,d1,v19_d1_head_ln_lr1e-04_ep1200_ss19,stageB_best,head_ln,full,0.0001,0.0001,0.0,0.0,huber,1.0,0.6979809690132377,13.776246070861816,91.08911752700806,14.101235389709473,30,1200,0.2390124723315239,2026,19,drop0,48,7,14,test,0,/Users/nyx.wang/workspace/bosch/code/runs_stageB_morph_phys7_paperA_best_by_test_fixedA/d1/best.pth
d1hunt,2000,d1,v19_d1_head_ln_lr1e-04_ep2000_ss19,stageB_best,head_ln,full,0.0001,0.0001,0.0,0.0,huber,1.0,0.7581154586865491,12.056219100952148,78.9053201675415,12.122862815856934,30,1532,0.23161730915308,2026,19,drop0,48,7,14,test,0,/Users/nyx.wang/workspace/bosch/code/runs_stageB_morph_phys7_paperA_best_by_test_fixedA/d1/best.pth
d1hunt,1200,d1,v19_d1_head_ln_lr1e-04_ep1200_ss20,stageB_best,head_ln,full,0.0001,0.0001,0.0,0.0,huber,1.0,0.14901170051991985,23.606464385986328,90.07809162139893,22.690692901611328,39,48,0.426337830722332,2026,20,drop0,48,7,14,test,0,/Users/nyx.wang/workspace/bosch/code/runs_stageB_morph_phys7_paperA_best_by_test_fixedA/d1/best.pth
d1hunt,2000,d1,v19_d1_head_ln_lr1e-04_ep2000_ss20,stageB_best,head_ln,full,0.0001,0.0001,0.0,0.0,huber,1.0,0.1490160091288344,23.605716705322266,90.07453918457031,22.694175720214844,39,48,0.4263001084327698,2026,20,drop0,48,7,14,test,0,/Users/nyx.wang/workspace/bosch/code/runs_stageB_morph_phys7_paperA_best_by_test_fixedA/d1/best.pth
d1hunt,1200,d1,v19_d1_head_ln_lr1e-04_ep1200_ss21,stageB_best,head_ln,full,0.0001,0.0001,0.0,0.0,huber,1.0,0.42281996449489123,12.450271606445312,77.82848477363586,11.074209213256836,33,424,0.4524066671729088,2026,21,drop0,48,7,14,test,0,/Users/nyx.wang/workspace/bosch/code/runs_stageB_morph_phys7_paperA_best_by_test_fixedA/d1/best.pth
d1hunt,2000,d1,v19_d1_head_ln_lr1e-04_ep2000_ss21,stageB_best,head_ln,full,0.0001,0.0001,0.0,0.0,huber,1.0,0.44835769193909714,12.243939399719238,73.40489029884338,11.699371337890625,33,1093,0.41309695690870285,2026,21,drop0,48,7,14,test,0,/Users/nyx.wang/workspace/bosch/code/runs_stageB_morph_phys7_paperA_best_by_test_fixedA/d1/best.pth
d1hunt,1200,d1,v19_d1_head_ln_lr1e-04_ep1200_ss22,stageB_best,head_ln,full,0.0001,0.0001,0.0,0.0,huber,1.0,0.36384119749226407,15.104108810424805,64.42862749099731,12.897480010986328,33,815,0.20385607331991196,2026,22,drop0,48,7,14,test,0,/Users/nyx.wang/workspace/bosch/code/runs_stageB_morph_phys7_paperA_best_by_test_fixedA/d1/best.pth
d1hunt,2000,d1,v19_d1_head_ln_lr1e-04_ep2000_ss22,stageB_best,head_ln,full,0.0001,0.0001,0.0,0.0,huber,1.0,0.3684412777942747,15.273147583007812,63.98712396621704,14.4927339553833,33,1755,0.18527069687843323,2026,22,drop0,48,7,14,test,0,/Users/nyx.wang/workspace/bosch/code/runs_stageB_morph_phys7_paperA_best_by_test_fixedA/d1/best.pth
d1hunt,1200,d1,v19_d1_head_ln_lr1e-04_ep1200_ss23,stageB_best,head_ln,full,0.0001,0.0001,0.0,0.0,huber,1.0,0.576703954664744,12.591785430908203,60.381102561950684,11.9900541305542,30,614,0.18998878449201584,2026,23,drop0,48,7,14,test,0,/Users/nyx.wang/workspace/bosch/code/runs_stageB_morph_phys7_paperA_best_by_test_fixedA/d1/best.pth
d1hunt,2000,d1,v19_d1_head_ln_lr1e-04_ep2000_ss23,stageB_best,head_ln,full,0.0001,0.0001,0.0,0.0,huber,1.0,0.6189553623765647,11.64683723449707,53.1998336315155,10.860615730285645,30,1088,0.18648602813482285,2026,23,drop0,48,7,14,test,0,/Users/nyx.wang/workspace/bosch/code/runs_stageB_morph_phys7_paperA_best_by_test_fixedA/d1/best.pth
d1hunt,1200,d1,v19_d1_head_ln_lr1e-04_ep1200_ss24,stageB_best,head_ln,full,0.0001,0.0001,0.0,0.0,huber,1.0,0.2593728676974123,17.287572860717773,91.19375944137573,16.882766723632812,39,144,0.3844057470560074,2026,24,drop0,48,7,14,test,0,/Users/nyx.wang/workspace/bosch/code/runs_stageB_morph_phys7_paperA_best_by_test_fixedA/d1/best.pth
d1hunt,2000,d1,v19_d1_head_ln_lr1e-04_ep2000_ss24,stageB_best,head_ln,full,0.0001,0.0001,0.0,0.0,huber,1.0,0.5974731480960297,12.032394409179688,58.033812046051025,8.610840797424316,39,551,0.38363534212112427,2026,24,drop0,48,7,14,test,0,/Users/nyx.wang/workspace/bosch/code/runs_stageB_morph_phys7_paperA_best_by_test_fixedA/d1/best.pth
d1hunt,1200,d1,v19_d1_head_ln_lr1e-04_ep1200_ss25,stageB_best,head_ln,full,0.0001,0.0001,0.0,0.0,huber,1.0,0.24694443419348022,18.306989669799805,152.18312740325928,16.410581588745117,33,86,0.3271236717700958,2026,25,drop0,48,7,14,test,0,/Users/nyx.wang/workspace/bosch/code/runs_stageB_morph_phys7_paperA_best_by_test_fixedA/d1/best.pth
d1hunt,2000,d1,v19_d1_head_ln_lr1e-04_ep2000_ss25,stageB_best,head_ln,full,0.0001,0.0001,0.0,0.0,huber,1.0,0.24817089655365043,18.292882919311523,152.09895372390747,16.402572631835938,33,86,0.3270901292562485,2026,25,drop0,48,7,14,test,0,/Users/nyx.wang/workspace/bosch/code/runs_stageB_morph_phys7_paperA_best_by_test_fixedA/d1/best.pth
d1hunt,1200,d1,v19_d1_head_ln_lr1e-04_ep1200_ss26,stageB_best,head_ln,full,0.0001,0.0001,0.0,0.0,huber,1.0,0.538945641933199,12.445860862731934,148.58397245407104,9.97072696685791,36,1178,0.2315421923995018,2026,26,drop0,48,7,14,test,0,/Users/nyx.wang/workspace/bosch/code/runs_stageB_morph_phys7_paperA_best_by_test_fixedA/d1/best.pth
d1hunt,2000,d1,v19_d1_head_ln_lr1e-04_ep2000_ss26,stageB_best,head_ln,full,0.0001,0.0001,0.0,0.0,huber,1.0,0.6067896412821914,11.586616516113281,136.01056337356567,10.565689086914062,36,1586,0.21506088972091675,2026,26,drop0,48,7,14,test,0,/Users/nyx.wang/workspace/bosch/code/runs_stageB_morph_phys7_paperA_best_by_test_fixedA/d1/best.pth
d1hunt,1200,d1,v19_d1_head_ln_lr1e-04_ep1200_ss27,stageB_best,head_ln,full,0.0001,0.0001,0.0,0.0,huber,1.0,0.4279585445441907,14.223858833312988,89.94248509407043,13.93792724609375,30,586,0.1660027839243412,2026,27,drop0,48,7,14,test,0,/Users/nyx.wang/workspace/bosch/code/runs_stageB_morph_phys7_paperA_best_by_test_fixedA/d1/best.pth
d1hunt,2000,d1,v19_d1_head_ln_lr1e-04_ep2000_ss27,stageB_best,head_ln,full,0.0001,0.0001,0.0,0.0,huber,1.0,0.43154289829868764,14.145231246948242,85.73833703994751,13.391019821166992,30,586,0.16214921697974205,2026,27,drop0,48,7,14,test,0,/Users/nyx.wang/workspace/bosch/code/runs_stageB_morph_phys7_paperA_best_by_test_fixedA/d1/best.pth
d1hunt,1200,d1,v19_d1_head_ln_lr1e-04_ep1200_ss28,stageB_best,head_ln,full,0.0001,0.0001,0.0,0.0,huber,1.0,0.3229116100083753,14.951203346252441,90.83002805709839,13.940509796142578,33,75,0.2920033112168312,2026,28,drop0,48,7,14,test,0,/Users/nyx.wang/workspace/bosch/code/runs_stageB_morph_phys7_paperA_best_by_test_fixedA/d1/best.pth
d1hunt,2000,d1,v19_d1_head_ln_lr1e-04_ep2000_ss28,stageB_best,head_ln,full,0.0001,0.0001,0.0,0.0,huber,1.0,0.32360629932465446,14.946525573730469,90.79932570457458,13.923715591430664,33,75,0.29194457828998566,2026,28,drop0,48,7,14,test,0,/Users/nyx.wang/workspace/bosch/code/runs_stageB_morph_phys7_paperA_best_by_test_fixedA/d1/best.pth
d1hunt,1200,d1,v19_d1_head_ln_lr1e-04_ep1200_ss29,stageB_best,head_ln,full,0.0001,0.0001,0.0,0.0,huber,1.0,0.6364272796555004,14.776090621948242,134.7122311592102,11.9068603515625,36,1002,0.09235826879739761,2026,29,drop0,48,7,14,test,0,/Users/nyx.wang/workspace/bosch/code/runs_stageB_morph_phys7_paperA_best_by_test_fixedA/d1/best.pth
d1hunt,2000,d1,v19_d1_head_ln_lr1e-04_ep2000_ss29,stageB_best,head_ln,full,0.0001,0.0001,0.0,0.0,huber,1.0,0.6955538868315531,13.496191024780273,117.12703704833984,11.125137329101562,36,1002,0.07386343833059072,2026,29,drop0,48,7,14,test,0,/Users/nyx.wang/workspace/bosch/code/runs_stageB_morph_phys7_paperA_best_by_test_fixedA/d1/best.pth
d1hunt,1200,d1,v19_d1_head_ln_lr1e-04_ep1200_ss30,stageB_best,head_ln,full,0.0001,0.0001,0.0,0.0,huber,1.0,0.0041590625505941725,17.162654876708984,116.24060869216919,16.873626708984375,39,43,0.375431627035141,2026,30,drop0,48,7,14,test,0,/Users/nyx.wang/workspace/bosch/code/runs_stageB_morph_phys7_paperA_best_by_test_fixedA/d1/best.pth
d1hunt,2000,d1,v19_d1_head_ln_lr1e-04_ep2000_ss30,stageB_best,head_ln,full,0.0001,0.0001,0.0,0.0,huber,1.0,0.004365402784277106,17.161083221435547,116.23225212097168,16.874000549316406,39,43,0.37541355192661285,2026,30,drop0,48,7,14,test,0,/Users/nyx.wang/workspace/bosch/code/runs_stageB_morph_phys7_paperA_best_by_test_fixedA/d1/best.pth
d1hunt,1200,d1,v19_d1_head_ln_lr1e-04_ep1200_ss31,stageB_best,head_ln,full,0.0001,0.0001,0.0,0.0,huber,1.0,-0.10557820099576576,20.21891975402832,79.52710390090942,18.875661849975586,30,567,0.10760544426739216,2026,31,drop0,48,7,14,test,0,/Users/nyx.wang/workspace/bosch/code/runs_stageB_morph_phys7_paperA_best_by_test_fixedA/d1/best.pth
d1hunt,2000,d1,v19_d1_head_ln_lr1e-04_ep2000_ss31,stageB_best,head_ln,full,0.0001,0.0001,0.0,0.0,huber,1.0,-0.009165635351496615,19.10910987854004,75.16923546791077,16.696063995361328,30,780,0.0990713881328702,2026,31,drop0,48,7,14,test,0,/Users/nyx.wang/workspace/bosch/code/runs_stageB_morph_phys7_paperA_best_by_test_fixedA/d1/best.pth
d1hunt,1200,d1,v19_d1_head_ln_lr1e-04_ep1200_ss32,stageB_best,head_ln,full,0.0001,0.0001,0.0,0.0,huber,1.0,-0.1775641258526075,19.614606857299805,64.46589231491089,14.928117752075195,36,754,0.13779045641422272,2026,32,drop0,48,7,14,test,0,/Users/nyx.wang/workspace/bosch/code/runs_stageB_morph_phys7_paperA_best_by_test_fixedA/d1/best.pth
d1hunt,2000,d1,v19_d1_head_ln_lr1e-04_ep2000_ss32,stageB_best,head_ln,full,0.0001,0.0001,0.0,0.0,huber,1.0,-0.17407486357621815,19.506004333496094,62.41152286529541,12.704060554504395,36,2000,0.13278892636299133,2026,32,drop0,48,7,14,test,0,/Users/nyx.wang/workspace/bosch/code/runs_stageB_morph_phys7_paperA_best_by_test_fixedA/d1/best.pth
d1hunt,1200,d1,v19_d1_head_ln_lr1e-04_ep1200_ss33,stageB_best,head_ln,full,0.0001,0.0001,0.0,0.0,huber,1.0,0.40337926061112495,11.750417709350586,50.700247287750244,10.428703308105469,33,98,0.48247532546520233,2026,33,drop0,48,7,14,test,0,/Users/nyx.wang/workspace/bosch/code/runs_stageB_morph_phys7_paperA_best_by_test_fixedA/d1/best.pth
d1hunt,2000,d1,v19_d1_head_ln_lr1e-04_ep2000_ss33,stageB_best,head_ln,full,0.0001,0.0001,0.0,0.0,huber,1.0,0.4041088718774122,11.740583419799805,50.658005475997925,10.458877563476562,33,98,0.48243430256843567,2026,33,drop0,48,7,14,test,0,/Users/nyx.wang/workspace/bosch/code/runs_stageB_morph_phys7_paperA_best_by_test_fixedA/d1/best.pth
d1hunt,1200,d1,v19_d1_head_ln_lr1e-04_ep1200_ss34,stageB_best,head_ln,full,0.0001,0.0001,0.0,0.0,huber,1.0,0.4523398151029564,11.995047569274902,74.52170848846436,8.205648422241211,33,876,0.20856773853302002,2026,34,drop0,48,7,14,test,0,/Users/nyx.wang/workspace/bosch/code/runs_stageB_morph_phys7_paperA_best_by_test_fixedA/d1/best.pth
d1hunt,2000,d1,v19_d1_head_ln_lr1e-04_ep2000_ss34,stageB_best,head_ln,full,0.0001,0.0001,0.0,0.0,huber,1.0,0.4685675235641835,11.750438690185547,70.57402729988098,8.136585235595703,33,1234,0.1862545758485794,2026,34,drop0,48,7,14,test,0,/Users/nyx.wang/workspace/bosch/code/runs_stageB_morph_phys7_paperA_best_by_test_fixedA/d1/best.pth
d1hunt,1200,d1,v19_d1_head_ln_lr1e-04_ep1200_ss35,stageB_best,head_ln,full,0.0001,0.0001,0.0,0.0,huber,1.0,0.3068541312979487,17.730751037597656,344.8124885559082,14.953086853027344,33,1021,0.11348850280046463,2026,35,drop0,48,7,14,test,0,/Users/nyx.wang/workspace/bosch/code/runs_stageB_morph_phys7_paperA_best_by_test_fixedA/d1/best.pth
d1hunt,2000,d1,v19_d1_head_ln_lr1e-04_ep2000_ss35,stageB_best,head_ln,full,0.0001,0.0001,0.0,0.0,huber,1.0,0.33876613582610127,17.163604736328125,331.5406560897827,13.453826904296875,33,940,0.0993775948882103,2026,35,drop0,48,7,14,test,0,/Users/nyx.wang/workspace/bosch/code/runs_stageB_morph_phys7_paperA_best_by_test_fixedA/d1/best.pth
d1hunt,1200,d1,v19_d1_head_ln_lr1e-04_ep1200_ss36,stageB_best,head_ln,full,0.0001,0.0001,0.0,0.0,huber,1.0,0.20495515814915188,20.39895248413086,98.97428154945374,18.87899398803711,30,24,0.13482307270169258,2026,36,drop0,48,7,14,test,0,/Users/nyx.wang/workspace/bosch/code/runs_stageB_morph_phys7_paperA_best_by_test_fixedA/d1/best.pth
d1hunt,2000,d1,v19_d1_head_ln_lr1e-04_ep2000_ss36,stageB_best,head_ln,full,0.0001,0.0001,0.0,0.0,huber,1.0,0.2049577034908796,20.398807525634766,98.9753782749176,18.880809783935547,30,24,0.13481812085956335,2026,36,drop0,48,7,14,test,0,/Users/nyx.wang/workspace/bosch/code/runs_stageB_morph_phys7_paperA_best_by_test_fixedA/d1/best.pth
d1hunt,1200,d1,v19_d1_head_ln_lr1e-04_ep1200_ss37,stageB_best,head_ln,full,0.0001,0.0001,0.0,0.0,huber,1.0,-0.30357766282041476,22.78756332397461,439.6662712097168,22.115657806396484,39,38,0.6819269359111786,2026,37,drop0,48,7,14,test,0,/Users/nyx.wang/workspace/bosch/code/runs_stageB_morph_phys7_paperA_best_by_test_fixedA/d1/best.pth
d1hunt,2000,d1,v19_d1_head_ln_lr1e-04_ep2000_ss37,stageB_best,head_ln,full,0.0001,0.0001,0.0,0.0,huber,1.0,-0.30333427052796025,22.785526275634766,439.63866233825684,22.114425659179688,39,38,0.6819406151771545,2026,37,drop0,48,7,14,test,0,/Users/nyx.wang/workspace/bosch/code/runs_stageB_morph_phys7_paperA_best_by_test_fixedA/d1/best.pth
d1hunt,1200,d1,v19_d1_head_ln_lr1e-04_ep1200_ss38,stageB_best,head_ln,full,0.0001,0.0001,0.0,0.0,huber,1.0,0.19612018637789297,16.179855346679688,63.08543682098389,10.409934997558594,39,669,0.14351282268762589,2026,38,drop0,48,7,14,test,0,/Users/nyx.wang/workspace/bosch/code/runs_stageB_morph_phys7_paperA_best_by_test_fixedA/d1/best.pth
d1hunt,2000,d1,v19_d1_head_ln_lr1e-04_ep2000_ss38,stageB_best,head_ln,full,0.0001,0.0001,0.0,0.0,huber,1.0,0.19797937290614287,15.930044174194336,55.014568567276,10.630104064941406,39,1472,0.13830148428678513,2026,38,drop0,48,7,14,test,0,/Users/nyx.wang/workspace/bosch/code/runs_stageB_morph_phys7_paperA_best_by_test_fixedA/d1/best.pth
d1hunt,1200,d1,v19_d1_head_ln_lr1e-04_ep1200_ss39,stageB_best,head_ln,full,0.0001,0.0001,0.0,0.0,huber,1.0,0.3085592727749922,16.009328842163086,33.63296985626221,17.238143920898438,24,555,0.334058552980423,2026,39,drop0,48,7,14,test,0,/Users/nyx.wang/workspace/bosch/code/runs_stageB_morph_phys7_paperA_best_by_test_fixedA/d1/best.pth
d1hunt,2000,d1,v19_d1_head_ln_lr1e-04_ep2000_ss39,stageB_best,head_ln,full,0.0001,0.0001,0.0,0.0,huber,1.0,0.30479853687260594,16.083539962768555,33.47603380680084,16.485668182373047,24,555,0.3303351141512394,2026,39,drop0,48,7,14,test,0,/Users/nyx.wang/workspace/bosch/code/runs_stageB_morph_phys7_paperA_best_by_test_fixedA/d1/best.pth
d1hunt,1200,d1,v19_d1_head_ln_lr1e-04_ep1200_ss40,stageB_best,head_ln,full,0.0001,0.0001,0.0,0.0,huber,1.0,0.5065938838026943,12.274262428283691,69.5961058139801,10.51702880859375,39,1193,0.14764074236154556,2026,40,drop0,48,7,14,test,0,/Users/nyx.wang/workspace/bosch/code/runs_stageB_morph_phys7_paperA_best_by_test_fixedA/d1/best.pth
d1hunt,2000,d1,v19_d1_head_ln_lr1e-04_ep2000_ss40,stageB_best,head_ln,full,0.0001,0.0001,0.0,0.0,huber,1.0,0.551505639294044,11.83420467376709,66.10939502716064,8.905406951904297,39,1499,0.13490134477615356,2026,40,drop0,48,7,14,test,0,/Users/nyx.wang/workspace/bosch/code/runs_stageB_morph_phys7_paperA_best_by_test_fixedA/d1/best.pth
d1hunt,1200,d1,v19_d1_head_ln_lr1e-04_ep1200_ss41,stageB_best,head_ln,full,0.0001,0.0001,0.0,0.0,huber,1.0,-0.8379939937924292,25.534955978393555,149.4770884513855,24.718870162963867,27,5,0.23517530038952827,2026,41,drop0,48,7,14,test,0,/Users/nyx.wang/workspace/bosch/code/runs_stageB_morph_phys7_paperA_best_by_test_fixedA/d1/best.pth
d1hunt,2000,d1,v19_d1_head_ln_lr1e-04_ep2000_ss41,stageB_best,head_ln,full,0.0001,0.0001,0.0,0.0,huber,1.0,-0.8379930067178882,25.534955978393555,149.47729110717773,24.718929290771484,27,5,0.23517519980669022,2026,41,drop0,48,7,14,test,0,/Users/nyx.wang/workspace/bosch/code/runs_stageB_morph_phys7_paperA_best_by_test_fixedA/d1/best.pth
d1hunt,1200,d1,v19_d1_head_ln_lr1e-04_ep1200_ss42,stageB_best,head_ln,full,0.0001,0.0001,0.0,0.0,huber,1.0,0.4573104995603744,14.380962371826172,290.56081771850586,12.576116561889648,36,728,0.27619570679962635,2026,42,drop0,48,7,14,test,0,/Users/nyx.wang/workspace/bosch/code/runs_stageB_morph_phys7_paperA_best_by_test_fixedA/d1/best.pth
d1hunt,2000,d1,v19_d1_head_ln_lr1e-04_ep2000_ss42,stageB_best,head_ln,full,0.0001,0.0001,0.0,0.0,huber,1.0,0.4755051625023997,14.1774263381958,287.1710538864136,11.916494369506836,36,715,0.27111845277249813,2026,42,drop0,48,7,14,test,0,/Users/nyx.wang/workspace/bosch/code/runs_stageB_morph_phys7_paperA_best_by_test_fixedA/d1/best.pth
d1hunt,1200,d1,v19_d1_head_ln_lr1e-04_ep1200_ss43,stageB_best,head_ln,full,0.0001,0.0001,0.0,0.0,huber,1.0,0.3454498308185776,17.730274200439453,187.08659410476685,15.063694953918457,42,816,0.17435595393180847,2026,43,drop0,48,7,14,test,0,/Users/nyx.wang/workspace/bosch/code/runs_stageB_morph_phys7_paperA_best_by_test_fixedA/d1/best.pth
d1hunt,2000,d1,v19_d1_head_ln_lr1e-04_ep2000_ss43,stageB_best,head_ln,full,0.0001,0.0001,0.0,0.0,huber,1.0,0.3633096722565986,17.325664520263672,174.9050736427307,14.320491790771484,42,976,0.16106685250997543,2026,43,drop0,48,7,14,test,0,/Users/nyx.wang/workspace/bosch/code/runs_stageB_morph_phys7_paperA_best_by_test_fixedA/d1/best.pth
d1hunt,1200,d1,v19_d1_head_ln_lr1e-04_ep1200_ss44,stageB_best,head_ln,full,0.0001,0.0001,0.0,0.0,huber,1.0,-0.7896950016111319,20.315460205078125,420.4145908355713,18.835922241210938,36,37,0.11900464072823524,2026,44,drop0,48,7,14,test,0,/Users/nyx.wang/workspace/bosch/code/runs_stageB_morph_phys7_paperA_best_by_test_fixedA/d1/best.pth
d1hunt,2000,d1,v19_d1_head_ln_lr1e-04_ep2000_ss44,stageB_best,head_ln,full,0.0001,0.0001,0.0,0.0,huber,1.0,0.6128521009301979,9.335227966308594,232.9829216003418,8.27169418334961,36,1583,0.09248893707990646,2026,44,drop0,48,7,14,test,0,/Users/nyx.wang/workspace/bosch/code/runs_stageB_morph_phys7_paperA_best_by_test_fixedA/d1/best.pth
d1hunt,1200,d1,v19_d1_head_ln_lr1e-04_ep1200_ss45,stageB_best,head_ln,full,0.0001,0.0001,0.0,0.0,huber,1.0,0.5263566205465708,12.635605812072754,57.09884762763977,9.664701461791992,42,1200,0.40759114921092987,2026,45,drop0,48,7,14,test,0,/Users/nyx.wang/workspace/bosch/code/runs_stageB_morph_phys7_paperA_best_by_test_fixedA/d1/best.pth
d1hunt,2000,d1,v19_d1_head_ln_lr1e-04_ep2000_ss45,stageB_best,head_ln,full,0.0001,0.0001,0.0,0.0,huber,1.0,0.5696168162732933,12.067155838012695,51.99596881866455,9.695058822631836,42,2000,0.3645438998937607,2026,45,drop0,48,7,14,test,0,/Users/nyx.wang/workspace/bosch/code/runs_stageB_morph_phys7_paperA_best_by_test_fixedA/d1/best.pth
d1hunt,1200,d1,v19_d1_head_ln_lr1e-04_ep1200_ss46,stageB_best,head_ln,full,0.0001,0.0001,0.0,0.0,huber,1.0,0.3846462063100968,15.74012279510498,226.21924877166748,12.821017265319824,36,1072,0.11324268579483032,2026,46,drop0,48,7,14,test,0,/Users/nyx.wang/workspace/bosch/code/runs_stageB_morph_phys7_paperA_best_by_test_fixedA/d1/best.pth
d1hunt,2000,d1,v19_d1_head_ln_lr1e-04_ep2000_ss46,stageB_best,head_ln,full,0.0001,0.0001,0.0,0.0,huber,1.0,0.35646847784941504,16.184818267822266,226.76572799682617,13.178655624389648,36,1646,0.08751205727458,2026,46,drop0,48,7,14,test,0,/Users/nyx.wang/workspace/bosch/code/runs_stageB_morph_phys7_paperA_best_by_test_fixedA/d1/best.pth
d1hunt,1200,d1,v19_d1_head_ln_lr1e-04_ep1200_ss47,stageB_best,head_ln,full,0.0001,0.0001,0.0,0.0,huber,1.0,0.14537539010400224,16.206878662109375,188.73744010925293,12.004471778869629,30,1080,0.41330306231975555,2026,47,drop0,48,7,14,test,0,/Users/nyx.wang/workspace/bosch/code/runs_stageB_morph_phys7_paperA_best_by_test_fixedA/d1/best.pth
d1hunt,2000,d1,v19_d1_head_ln_lr1e-04_ep2000_ss47,stageB_best,head_ln,full,0.0001,0.0001,0.0,0.0,huber,1.0,0.1824896418307279,15.521835327148438,179.73856925964355,11.852838516235352,30,1483,0.35535716637969017,2026,47,drop0,48,7,14,test,0,/Users/nyx.wang/workspace/bosch/code/runs_stageB_morph_phys7_paperA_best_by_test_fixedA/d1/best.pth
d1hunt,1200,d1,v19_d1_head_ln_lr1e-04_ep1200_ss48,stageB_best,head_ln,full,0.0001,0.0001,0.0,0.0,huber,1.0,0.6330907752098222,11.09116268157959,64.69864845275879,9.741641998291016,36,883,0.44162288308143616,2026,48,drop0,48,7,14,test,0,/Users/nyx.wang/workspace/bosch/code/runs_stageB_morph_phys7_paperA_best_by_test_fixedA/d1/best.pth
d1hunt,2000,d1,v19_d1_head_ln_lr1e-04_ep2000_ss48,stageB_best,head_ln,full,0.0001,0.0001,0.0,0.0,huber,1.0,0.6393991419096635,10.981755256652832,63.986146450042725,9.819998741149902,36,738,0.43444162607192993,2026,48,drop0,48,7,14,test,0,/Users/nyx.wang/workspace/bosch/code/runs_stageB_morph_phys7_paperA_best_by_test_fixedA/d1/best.pth
d1hunt,1200,d1,v19_d1_head_ln_lr1e-04_ep1200_ss49,stageB_best,head_ln,full,0.0001,0.0001,0.0,0.0,huber,1.0,0.5845241792792888,13.33276653289795,196.30135297775269,12.475591659545898,36,816,0.10863187536597252,2026,49,drop0,48,7,14,test,0,/Users/nyx.wang/workspace/bosch/code/runs_stageB_morph_phys7_paperA_best_by_test_fixedA/d1/best.pth
d1hunt,2000,d1,v19_d1_head_ln_lr1e-04_ep2000_ss49,stageB_best,head_ln,full,0.0001,0.0001,0.0,0.0,huber,1.0,0.6056719498490175,12.901069641113281,192.46079921722412,10.918299674987793,36,977,0.10243383795022964,2026,49,drop0,48,7,14,test,0,/Users/nyx.wang/workspace/bosch/code/runs_stageB_morph_phys7_paperA_best_by_test_fixedA/d1/best.pth
d1hunt,1200,d1,v19_d1_head_ln_lr1e-04_ep1200_ss50,stageB_best,head_ln,full,0.0001,0.0001,0.0,0.0,huber,1.0,0.26026313957046276,12.224311828613281,34.478551149368286,11.095451354980469,33,745,0.16624123975634575,2026,50,drop0,48,7,14,test,0,/Users/nyx.wang/workspace/bosch/code/runs_stageB_morph_phys7_paperA_best_by_test_fixedA/d1/best.pth
d1hunt,2000,d1,v19_d1_head_ln_lr1e-04_ep2000_ss50,stageB_best,head_ln,full,0.0001,0.0001,0.0,0.0,huber,1.0,0.1701803608958723,12.524943351745605,33.68152678012848,11.003938674926758,33,1762,0.14662562683224678,2026,50,drop0,48,7,14,test,0,/Users/nyx.wang/workspace/bosch/code/runs_stageB_morph_phys7_paperA_best_by_test_fixedA/d1/best.pth
d1hunt,1200,d1,v19_d1_head_ln_lr1e-04_ep1200_ss51,stageB_best,head_ln,full,0.0001,0.0001,0.0,0.0,huber,1.0,0.4646153965235498,13.976202964782715,195.68283557891846,10.565714836120605,39,918,0.34888864681124687,2026,51,drop0,48,7,14,test,0,/Users/nyx.wang/workspace/bosch/code/runs_stageB_morph_phys7_paperA_best_by_test_fixedA/d1/best.pth
d1hunt,2000,d1,v19_d1_head_ln_lr1e-04_ep2000_ss51,stageB_best,head_ln,full,0.0001,0.0001,0.0,0.0,huber,1.0,0.48169631980434435,13.685168266296387,187.54111528396606,10.581022262573242,39,1458,0.3385201096534729,2026,51,drop0,48,7,14,test,0,/Users/nyx.wang/workspace/bosch/code/runs_stageB_morph_phys7_paperA_best_by_test_fixedA/d1/best.pth
d1hunt,1200,d1,v19_d1_head_ln_lr1e-04_ep1200_ss52,stageB_best,head_ln,full,0.0001,0.0001,0.0,0.0,huber,1.0,0.4607781132884494,16.093202590942383,83.73059630393982,15.64927864074707,33,682,0.15121053531765938,2026,52,drop0,48,7,14,test,0,/Users/nyx.wang/workspace/bosch/code/runs_stageB_morph_phys7_paperA_best_by_test_fixedA/d1/best.pth
d1hunt,2000,d1,v19_d1_head_ln_lr1e-04_ep2000_ss52,stageB_best,head_ln,full,0.0001,0.0001,0.0,0.0,huber,1.0,0.44373587311295537,16.3656005859375,85.72561144828796,16.36615753173828,33,501,0.15100931748747826,2026,52,drop0,48,7,14,test,0,/Users/nyx.wang/workspace/bosch/code/runs_stageB_morph_phys7_paperA_best_by_test_fixedA/d1/best.pth
d1hunt,1200,d1,v19_d1_head_ln_lr1e-04_ep1200_ss53,stageB_best,head_ln,full,0.0001,0.0001,0.0,0.0,huber,1.0,0.38013600079023147,15.512438774108887,71.84743881225586,14.20684814453125,39,1198,0.27539873868227005,2026,53,drop0,48,7,14,test,0,/Users/nyx.wang/workspace/bosch/code/runs_stageB_morph_phys7_paperA_best_by_test_fixedA/d1/best.pth
d1hunt,2000,d1,v19_d1_head_ln_lr1e-04_ep2000_ss53,stageB_best,head_ln,full,0.0001,0.0001,0.0,0.0,huber,1.0,0.3479435165906618,15.922578811645508,71.14758491516113,13.546810150146484,39,2000,0.2539677396416664,2026,53,drop0,48,7,14,test,0,/Users/nyx.wang/workspace/bosch/code/runs_stageB_morph_phys7_paperA_best_by_test_fixedA/d1/best.pth
d1hunt,1200,d1,v19_d1_head_ln_lr1e-04_ep1200_ss54,stageB_best,head_ln,full,0.0001,0.0001,0.0,0.0,huber,1.0,0.3725010798265428,11.733637809753418,56.46854043006897,9.809934616088867,36,357,0.10755480325315148,2026,54,drop0,48,7,14,test,0,/Users/nyx.wang/workspace/bosch/code/runs_stageB_morph_phys7_paperA_best_by_test_fixedA/d1/best.pth
d1hunt,2000,d1,v19_d1_head_ln_lr1e-04_ep2000_ss54,stageB_best,head_ln,full,0.0001,0.0001,0.0,0.0,huber,1.0,0.35719118669853844,11.132702827453613,47.079071402549744,8.749626159667969,36,1334,0.08266691630706191,2026,54,drop0,48,7,14,test,0,/Users/nyx.wang/workspace/bosch/code/runs_stageB_morph_phys7_paperA_best_by_test_fixedA/d1/best.pth
d1hunt,1200,d1,v19_d1_head_ln_lr1e-04_ep1200_ss55,stageB_best,head_ln,full,0.0001,0.0001,0.0,0.0,huber,1.0,0.5808227862525167,11.615095138549805,52.251434326171875,12.19921588897705,36,466,0.29705339670181274,2026,55,drop0,48,7,14,test,0,/Users/nyx.wang/workspace/bosch/code/runs_stageB_morph_phys7_paperA_best_by_test_fixedA/d1/best.pth
d1hunt,2000,d1,v19_d1_head_ln_lr1e-04_ep2000_ss55,stageB_best,head_ln,full,0.0001,0.0001,0.0,0.0,huber,1.0,0.5922068447102462,11.476787567138672,51.88955068588257,12.416898727416992,36,466,0.2948472425341606,2026,55,drop0,48,7,14,test,0,/Users/nyx.wang/workspace/bosch/code/runs_stageB_morph_phys7_paperA_best_by_test_fixedA/d1/best.pth
d1hunt,1200,d1,v19_d1_head_ln_lr1e-04_ep1200_ss56,stageB_best,head_ln,full,0.0001,0.0001,0.0,0.0,huber,1.0,0.39749656762629426,14.910725593566895,36.37426495552063,11.842178344726562,33,340,0.04414491169154644,2026,56,drop0,48,7,14,test,0,/Users/nyx.wang/workspace/bosch/code/runs_stageB_morph_phys7_paperA_best_by_test_fixedA/d1/best.pth
d1hunt,2000,d1,v19_d1_head_ln_lr1e-04_ep2000_ss56,stageB_best,head_ln,full,0.0001,0.0001,0.0,0.0,huber,1.0,0.40161177363557776,14.919251441955566,36.49531900882721,11.549209594726562,33,340,0.04342829901725054,2026,56,drop0,48,7,14,test,0,/Users/nyx.wang/workspace/bosch/code/runs_stageB_morph_phys7_paperA_best_by_test_fixedA/d1/best.pth
d1hunt,1200,d1,v19_d1_head_ln_lr1e-04_ep1200_ss57,stageB_best,head_ln,full,0.0001,0.0001,0.0,0.0,huber,1.0,0.2756548708375408,11.579611778259277,40.396785736083984,8.704475402832031,33,163,0.20594251155853271,2026,57,drop0,48,7,14,test,0,/Users/nyx.wang/workspace/bosch/code/runs_stageB_morph_phys7_paperA_best_by_test_fixedA/d1/best.pth
d1hunt,2000,d1,v19_d1_head_ln_lr1e-04_ep2000_ss57,stageB_best,head_ln,full,0.0001,0.0001,0.0,0.0,huber,1.0,0.27337629641777617,11.579782485961914,40.23645520210266,8.576011657714844,33,163,0.20593737810850143,2026,57,drop0,48,7,14,test,0,/Users/nyx.wang/workspace/bosch/code/runs_stageB_morph_phys7_paperA_best_by_test_fixedA/d1/best.pth
d1hunt,1200,d1,v19_d1_head_ln_lr1e-04_ep1200_ss58,stageB_best,head_ln,full,0.0001,0.0001,0.0,0.0,huber,1.0,0.5689375964872143,13.471141815185547,74.44567084312439,14.68796157836914,33,615,0.3069685623049736,2026,58,drop0,48,7,14,test,0,/Users/nyx.wang/workspace/bosch/code/runs_stageB_morph_phys7_paperA_best_by_test_fixedA/d1/best.pth
d1hunt,2000,d1,v19_d1_head_ln_lr1e-04_ep2000_ss58,stageB_best,head_ln,full,0.0001,0.0001,0.0,0.0,huber,1.0,0.6297205040688225,12.494012832641602,67.7549421787262,12.576419830322266,33,1156,0.29658299311995506,2026,58,drop0,48,7,14,test,0,/Users/nyx.wang/workspace/bosch/code/runs_stageB_morph_phys7_paperA_best_by_test_fixedA/d1/best.pth
d1hunt,1200,d1,v19_d1_head_ln_lr1e-04_ep1200_ss59,stageB_best,head_ln,full,0.0001,0.0001,0.0,0.0,huber,1.0,0.26586361459581764,15.587936401367188,86.23257279396057,10.827430725097656,33,671,0.5831049680709839,2026,59,drop0,48,7,14,test,0,/Users/nyx.wang/workspace/bosch/code/runs_stageB_morph_phys7_paperA_best_by_test_fixedA/d1/best.pth
d1hunt,2000,d1,v19_d1_head_ln_lr1e-04_ep2000_ss59,stageB_best,head_ln,full,0.0001,0.0001,0.0,0.0,huber,1.0,0.32311722381149055,14.476557731628418,79.4592797756195,10.719860076904297,33,1324,0.5354117155075073,2026,59,drop0,48,7,14,test,0,/Users/nyx.wang/workspace/bosch/code/runs_stageB_morph_phys7_paperA_best_by_test_fixedA/d1/best.pth
d1hunt,1200,d1,v19_d1_head_ln_lr1e-04_ep1200_ss60,stageB_best,head_ln,full,0.0001,0.0001,0.0,0.0,huber,1.0,0.4333117742375857,11.589597702026367,110.73949337005615,10.5225830078125,36,1185,0.11315853148698807,2026,60,drop0,48,7,14,test,0,/Users/nyx.wang/workspace/bosch/code/runs_stageB_morph_phys7_paperA_best_by_test_fixedA/d1/best.pth
d1hunt,2000,d1,v19_d1_head_ln_lr1e-04_ep2000_ss60,stageB_best,head_ln,full,0.0001,0.0001,0.0,0.0,huber,1.0,0.4784836938200363,11.253430366516113,97.74336218833923,9.83111572265625,36,1990,0.09408065304160118,2026,60,drop0,48,7,14,test,0,/Users/nyx.wang/workspace/bosch/code/runs_stageB_morph_phys7_paperA_best_by_test_fixedA/d1/best.pth
d1hunt,1200,d1,v19_d1_head_ln_lr1e-04_ep1200_ss61,stageB_best,head_ln,full,0.0001,0.0001,0.0,0.0,huber,1.0,0.39566920250486004,15.700600624084473,103.29041481018066,15.806577682495117,36,925,0.4792460575699806,2026,61,drop0,48,7,14,test,0,/Users/nyx.wang/workspace/bosch/code/runs_stageB_morph_phys7_paperA_best_by_test_fixedA/d1/best.pth
d1hunt,2000,d1,v19_d1_head_ln_lr1e-04_ep2000_ss61,stageB_best,head_ln,full,0.0001,0.0001,0.0,0.0,huber,1.0,0.4335041422137733,15.336502075195312,92.08160042762756,14.213279724121094,36,1640,0.4552557170391083,2026,61,drop0,48,7,14,test,0,/Users/nyx.wang/workspace/bosch/code/runs_stageB_morph_phys7_paperA_best_by_test_fixedA/d1/best.pth
d1hunt,1200,d1,v19_d1_head_ln_lr1e-04_ep1200_ss62,stageB_best,head_ln,full,0.0001,0.0001,0.0,0.0,huber,1.0,0.2747461731435118,19.983335494995117,94.06791925430298,15.30485725402832,39,388,0.28384314477443695,2026,62,drop0,48,7,14,test,0,/Users/nyx.wang/workspace/bosch/code/runs_stageB_morph_phys7_paperA_best_by_test_fixedA/d1/best.pth
d1hunt,2000,d1,v19_d1_head_ln_lr1e-04_ep2000_ss62,stageB_best,head_ln,full,0.0001,0.0001,0.0,0.0,huber,1.0,0.27063076538192077,19.826431274414062,91.50722026824951,14.556539535522461,39,388,0.2825224846601486,2026,62,drop0,48,7,14,test,0,/Users/nyx.wang/workspace/bosch/code/runs_stageB_morph_phys7_paperA_best_by_test_fixedA/d1/best.pth
d1hunt,1200,d1,v19_d1_head_ln_lr1e-04_ep1200_ss63,stageB_best,head_ln,full,0.0001,0.0001,0.0,0.0,huber,1.0,0.2914777570531879,18.58749008178711,93.32194924354553,13.248351097106934,27,982,0.4801790565252304,2026,63,drop0,48,7,14,test,0,/Users/nyx.wang/workspace/bosch/code/runs_stageB_morph_phys7_paperA_best_by_test_fixedA/d1/best.pth
d1hunt,2000,d1,v19_d1_head_ln_lr1e-04_ep2000_ss63,stageB_best,head_ln,full,0.0001,0.0001,0.0,0.0,huber,1.0,0.34126330958906714,17.765947341918945,90.10453820228577,12.455048561096191,27,1176,0.4540981575846672,2026,63,drop0,48,7,14,test,0,/Users/nyx.wang/workspace/bosch/code/runs_stageB_morph_phys7_paperA_best_by_test_fixedA/d1/best.pth
d1hunt,1200,d1,v19_d1_head_ln_lr1e-04_ep1200_ss64,stageB_best,head_ln,full,0.0001,0.0001,0.0,0.0,huber,1.0,0.048760511836419496,15.757525444030762,188.26749324798584,15.958858489990234,33,661,0.23671019822359085,2026,64,drop0,48,7,14,test,0,/Users/nyx.wang/workspace/bosch/code/runs_stageB_morph_phys7_paperA_best_by_test_fixedA/d1/best.pth
d1hunt,2000,d1,v19_d1_head_ln_lr1e-04_ep2000_ss64,stageB_best,head_ln,full,0.0001,0.0001,0.0,0.0,huber,1.0,0.06737715080664552,15.643051147460938,185.81966161727905,15.233390808105469,33,660,0.2313324734568596,2026,64,drop0,48,7,14,test,0,/Users/nyx.wang/workspace/bosch/code/runs_stageB_morph_phys7_paperA_best_by_test_fixedA/d1/best.pth
d1hunt,1200,d1,v19_d1_head_ln_lr1e-04_ep1200_ss65,stageB_best,head_ln,full,0.0001,0.0001,0.0,0.0,huber,1.0,0.5020903859665422,11.689654350280762,58.88007879257202,11.311227798461914,33,1051,0.1205795370042324,2026,65,drop0,48,7,14,test,0,/Users/nyx.wang/workspace/bosch/code/runs_stageB_morph_phys7_paperA_best_by_test_fixedA/d1/best.pth
d1hunt,2000,d1,v19_d1_head_ln_lr1e-04_ep2000_ss65,stageB_best,head_ln,full,0.0001,0.0001,0.0,0.0,huber,1.0,0.49518833032865817,11.267786979675293,52.306193113327026,9.706228256225586,33,1367,0.10650155320763588,2026,65,drop0,48,7,14,test,0,/Users/nyx.wang/workspace/bosch/code/runs_stageB_morph_phys7_paperA_best_by_test_fixedA/d1/best.pth
d1hunt,1200,d1,v19_d1_head_ln_lr1e-04_ep1200_ss66,stageB_best,head_ln,full,0.0001,0.0001,0.0,0.0,huber,1.0,0.10318899367201406,12.66179370880127,83.84407758712769,9.285016059875488,36,923,0.19428077340126038,2026,66,drop0,48,7,14,test,0,/Users/nyx.wang/workspace/bosch/code/runs_stageB_morph_phys7_paperA_best_by_test_fixedA/d1/best.pth
d1hunt,2000,d1,v19_d1_head_ln_lr1e-04_ep2000_ss66,stageB_best,head_ln,full,0.0001,0.0001,0.0,0.0,huber,1.0,0.20706570713548822,11.988189697265625,75.72920322418213,9.53227424621582,36,1662,0.15430396050214767,2026,66,drop0,48,7,14,test,0,/Users/nyx.wang/workspace/bosch/code/runs_stageB_morph_phys7_paperA_best_by_test_fixedA/d1/best.pth
d1hunt,1200,d1,v19_d1_head_ln_lr1e-04_ep1200_ss67,stageB_best,head_ln,full,0.0001,0.0001,0.0,0.0,huber,1.0,0.5728139036998723,16.065959930419922,336.83018684387207,16.52753448486328,36,244,0.3919770121574402,2026,67,drop0,48,7,14,test,0,/Users/nyx.wang/workspace/bosch/code/runs_stageB_morph_phys7_paperA_best_by_test_fixedA/d1/best.pth
d1hunt,2000,d1,v19_d1_head_ln_lr1e-04_ep2000_ss67,stageB_best,head_ln,full,0.0001,0.0001,0.0,0.0,huber,1.0,0.5767112860779591,16.01124382019043,333.79623889923096,16.296031951904297,36,244,0.3907901272177696,2026,67,drop0,48,7,14,test,0,/Users/nyx.wang/workspace/bosch/code/runs_stageB_morph_phys7_paperA_best_by_test_fixedA/d1/best.pth
d1hunt,1200,d1,v19_d1_head_ln_lr1e-04_ep1200_ss68,stageB_best,head_ln,full,0.0001,0.0001,0.0,0.0,huber,1.0,0.4017312192488651,14.274181365966797,95.68138718605042,11.686531066894531,33,859,0.32401593029499054,2026,68,drop0,48,7,14,test,0,/Users/nyx.wang/workspace/bosch/code/runs_stageB_morph_phys7_paperA_best_by_test_fixedA/d1/best.pth
d1hunt,2000,d1,v19_d1_head_ln_lr1e-04_ep2000_ss68,stageB_best,head_ln,full,0.0001,0.0001,0.0,0.0,huber,1.0,0.42845516997557986,14.054484367370605,92.56702065467834,11.613731384277344,33,957,0.3098027855157852,2026,68,drop0,48,7,14,test,0,/Users/nyx.wang/workspace/bosch/code/runs_stageB_morph_phys7_paperA_best_by_test_fixedA/d1/best.pth
d1hunt,1200,d1,v19_d1_head_ln_lr1e-04_ep1200_ss69,stageB_best,head_ln,full,0.0001,0.0001,0.0,0.0,huber,1.0,0.6219630993825868,11.04513168334961,42.15226769447327,9.768769264221191,30,1004,0.10435766354203224,2026,69,drop0,48,7,14,test,0,/Users/nyx.wang/workspace/bosch/code/runs_stageB_morph_phys7_paperA_best_by_test_fixedA/d1/best.pth
d1hunt,2000,d1,v19_d1_head_ln_lr1e-04_ep2000_ss69,stageB_best,head_ln,full,0.0001,0.0001,0.0,0.0,huber,1.0,0.6310951109652685,10.484914779663086,36.521127820014954,8.9000883102417,30,989,0.08610284328460693,2026,69,drop0,48,7,14,test,0,/Users/nyx.wang/workspace/bosch/code/runs_stageB_morph_phys7_paperA_best_by_test_fixedA/d1/best.pth
d1hunt,1200,d1,v19_d1_head_ln_lr1e-04_ep1200_ss70,stageB_best,head_ln,full,0.0001,0.0001,0.0,0.0,huber,1.0,0.367963302270676,17.361391067504883,69.14047002792358,14.773385047912598,30,308,0.2840634658932686,2026,70,drop0,48,7,14,test,0,/Users/nyx.wang/workspace/bosch/code/runs_stageB_morph_phys7_paperA_best_by_test_fixedA/d1/best.pth
d1hunt,2000,d1,v19_d1_head_ln_lr1e-04_ep2000_ss70,stageB_best,head_ln,full,0.0001,0.0001,0.0,0.0,huber,1.0,0.3715098591385615,17.309864044189453,68.19626092910767,14.696758270263672,30,308,0.2841649800539017,2026,70,drop0,48,7,14,test,0,/Users/nyx.wang/workspace/bosch/code/runs_stageB_morph_phys7_paperA_best_by_test_fixedA/d1/best.pth
d1hunt,1200,d1,v19_d1_head_ln_lr1e-04_ep1200_ss71,stageB_best,head_ln,full,0.0001,0.0001,0.0,0.0,huber,1.0,0.45935791002792836,12.5855131149292,115.85971117019653,13.41262435913086,33,759,0.20713642239570618,2026,71,drop0,48,7,14,test,0,/Users/nyx.wang/workspace/bosch/code/runs_stageB_morph_phys7_paperA_best_by_test_fixedA/d1/best.pth
d1hunt,2000,d1,v19_d1_head_ln_lr1e-04_ep2000_ss71,stageB_best,head_ln,full,0.0001,0.0001,0.0,0.0,huber,1.0,0.47611608930554417,12.580276489257812,113.15727233886719,13.788751602172852,33,955,0.19329994171857834,2026,71,drop0,48,7,14,test,0,/Users/nyx.wang/workspace/bosch/code/runs_stageB_morph_phys7_paperA_best_by_test_fixedA/d1/best.pth
d1hunt,1200,d1,v19_d1_head_ln_lr1e-04_ep1200_ss72,stageB_best,head_ln,full,0.0001,0.0001,0.0,0.0,huber,1.0,0.6292791769330557,10.889037132263184,79.663747549057,10.243165016174316,36,850,0.36356258392333984,2026,72,drop0,48,7,14,test,0,/Users/nyx.wang/workspace/bosch/code/runs_stageB_morph_phys7_paperA_best_by_test_fixedA/d1/best.pth
d1hunt,2000,d1,v19_d1_head_ln_lr1e-04_ep2000_ss72,stageB_best,head_ln,full,0.0001,0.0001,0.0,0.0,huber,1.0,0.6261911661427704,10.955079078674316,76.40745639801025,10.13781452178955,36,1498,0.34501490741968155,2026,72,drop0,48,7,14,test,0,/Users/nyx.wang/workspace/bosch/code/runs_stageB_morph_phys7_paperA_best_by_test_fixedA/d1/best.pth
d1hunt,1200,d1,v19_d1_head_ln_lr1e-04_ep1200_ss73,stageB_best,head_ln,full,0.0001,0.0001,0.0,0.0,huber,1.0,-0.6377416157866742,16.268878936767578,36.31338179111481,10.247782707214355,30,691,0.09851119667291641,2026,73,drop0,48,7,14,test,0,/Users/nyx.wang/workspace/bosch/code/runs_stageB_morph_phys7_paperA_best_by_test_fixedA/d1/best.pth
d1hunt,2000,d1,v19_d1_head_ln_lr1e-04_ep2000_ss73,stageB_best,head_ln,full,0.0001,0.0001,0.0,0.0,huber,1.0,-0.6355187576840406,16.051029205322266,35.16032099723816,9.838662147521973,30,691,0.09601845778524876,2026,73,drop0,48,7,14,test,0,/Users/nyx.wang/workspace/bosch/code/runs_stageB_morph_phys7_paperA_best_by_test_fixedA/d1/best.pth
d1hunt,1200,d1,v19_d1_head_ln_lr1e-04_ep1200_ss74,stageB_best,head_ln,full,0.0001,0.0001,0.0,0.0,huber,1.0,0.39141650161237895,17.904354095458984,321.12271785736084,18.199295043945312,39,1163,0.2526152953505516,2026,74,drop0,48,7,14,test,0,/Users/nyx.wang/workspace/bosch/code/runs_stageB_morph_phys7_paperA_best_by_test_fixedA/d1/best.pth
d1hunt,2000,d1,v19_d1_head_ln_lr1e-04_ep2000_ss74,stageB_best,head_ln,full,0.0001,0.0001,0.0,0.0,huber,1.0,0.44751004424654617,16.72306251525879,312.5030517578125,16.902263641357422,39,1902,0.232759527862072,2026,74,drop0,48,7,14,test,0,/Users/nyx.wang/workspace/bosch/code/runs_stageB_morph_phys7_paperA_best_by_test_fixedA/d1/best.pth
d1hunt,1200,d1,v19_d1_head_ln_lr1e-04_ep1200_ss75,stageB_best,head_ln,full,0.0001,0.0001,0.0,0.0,huber,1.0,-0.34288514707350526,19.8233642578125,43.254488706588745,14.875724792480469,33,889,0.06430312059819698,2026,75,drop0,48,7,14,test,0,/Users/nyx.wang/workspace/bosch/code/runs_stageB_morph_phys7_paperA_best_by_test_fixedA/d1/best.pth
d1hunt,2000,d1,v19_d1_head_ln_lr1e-04_ep2000_ss75,stageB_best,head_ln,full,0.0001,0.0001,0.0,0.0,huber,1.0,-0.3345376443894619,19.820297241210938,41.64474904537201,16.578107833862305,33,1119,0.06269165314733982,2026,75,drop0,48,7,14,test,0,/Users/nyx.wang/workspace/bosch/code/runs_stageB_morph_phys7_paperA_best_by_test_fixedA/d1/best.pth
d1hunt,1200,d1,v19_d1_head_ln_lr1e-04_ep1200_ss76,stageB_best,head_ln,full,0.0001,0.0001,0.0,0.0,huber,1.0,0.5200339834505812,11.514402389526367,49.11942481994629,9.909799575805664,36,797,0.24227098375558853,2026,76,drop0,48,7,14,test,0,/Users/nyx.wang/workspace/bosch/code/runs_stageB_morph_phys7_paperA_best_by_test_fixedA/d1/best.pth
d1hunt,2000,d1,v19_d1_head_ln_lr1e-04_ep2000_ss76,stageB_best,head_ln,full,0.0001,0.0001,0.0,0.0,huber,1.0,0.5182673979812115,11.126934051513672,45.29598653316498,8.944215774536133,36,1004,0.211355559527874,2026,76,drop0,48,7,14,test,0,/Users/nyx.wang/workspace/bosch/code/runs_stageB_morph_phys7_paperA_best_by_test_fixedA/d1/best.pth
d1hunt,1200,d1,v19_d1_head_ln_lr1e-04_ep1200_ss77,stageB_best,head_ln,full,0.0001,0.0001,0.0,0.0,huber,1.0,0.25680601872472875,21.347244262695312,134.60489511489868,20.16836166381836,36,118,0.45471274852752686,2026,77,drop0,48,7,14,test,0,/Users/nyx.wang/workspace/bosch/code/runs_stageB_morph_phys7_paperA_best_by_test_fixedA/d1/best.pth
d1hunt,2000,d1,v19_d1_head_ln_lr1e-04_ep2000_ss77,stageB_best,head_ln,full,0.0001,0.0001,0.0,0.0,huber,1.0,0.45277261117294365,15.976806640625,68.39649677276611,11.760406494140625,36,1555,0.45340073108673096,2026,77,drop0,48,7,14,test,0,/Users/nyx.wang/workspace/bosch/code/runs_stageB_morph_phys7_paperA_best_by_test_fixedA/d1/best.pth
d1hunt,1200,d1,v19_d1_head_ln_lr1e-04_ep1200_ss78,stageB_best,head_ln,full,0.0001,0.0001,0.0,0.0,huber,1.0,0.44442154695805847,12.146767616271973,58.4183394908905,7.766299724578857,36,880,0.6515451371669769,2026,78,drop0,48,7,14,test,0,/Users/nyx.wang/workspace/bosch/code/runs_stageB_morph_phys7_paperA_best_by_test_fixedA/d1/best.pth
d1hunt,2000,d1,v19_d1_head_ln_lr1e-04_ep2000_ss78,stageB_best,head_ln,full,0.0001,0.0001,0.0,0.0,huber,1.0,0.42495545170406257,11.70616626739502,47.91100323200226,6.708841800689697,36,1201,0.6088478863239288,2026,78,drop0,48,7,14,test,0,/Users/nyx.wang/workspace/bosch/code/runs_stageB_morph_phys7_paperA_best_by_test_fixedA/d1/best.pth
d1hunt,1200,d1,v19_d1_head_ln_lr1e-04_ep1200_ss79,stageB_best,head_ln,full,0.0001,0.0001,0.0,0.0,huber,1.0,0.6346464805322771,10.222489356994629,70.08407711982727,9.784912109375,33,467,0.15951800718903542,2026,79,drop0,48,7,14,test,0,/Users/nyx.wang/workspace/bosch/code/runs_stageB_morph_phys7_paperA_best_by_test_fixedA/d1/best.pth
d1hunt,2000,d1,v19_d1_head_ln_lr1e-04_ep2000_ss79,stageB_best,head_ln,full,0.0001,0.0001,0.0,0.0,huber,1.0,0.6295122183457598,10.2490234375,64.86175060272217,9.781015396118164,33,671,0.15403268486261368,2026,79,drop0,48,7,14,test,0,/Users/nyx.wang/workspace/bosch/code/runs_stageB_morph_phys7_paperA_best_by_test_fixedA/d1/best.pth
d1hunt,1200,d1,v19_d1_head_ln_lr1e-04_ep1200_ss80,stageB_best,head_ln,full,0.0001,0.0001,0.0,0.0,huber,1.0,0.27274940569187134,12.765631675720215,46.68266475200653,8.479280471801758,30,1013,0.2788219377398491,2026,80,drop0,48,7,14,test,0,/Users/nyx.wang/workspace/bosch/code/runs_stageB_morph_phys7_paperA_best_by_test_fixedA/d1/best.pth
d1hunt,2000,d1,v19_d1_head_ln_lr1e-04_ep2000_ss80,stageB_best,head_ln,full,0.0001,0.0001,0.0,0.0,huber,1.0,0.24279313023810645,13.435362815856934,49.34383928775787,10.369281768798828,30,1012,0.2520104795694351,2026,80,drop0,48,7,14,test,0,/Users/nyx.wang/workspace/bosch/code/runs_stageB_morph_phys7_paperA_best_by_test_fixedA/d1/best.pth
d1hunt,1200,d1,v19_d1_head_ln_lr1e-04_ep1200_ss81,stageB_best,head_ln,full,0.0001,0.0001,0.0,0.0,huber,1.0,-0.0665521864958376,20.312631607055664,59.92448329925537,17.63339614868164,42,634,0.14355814456939697,2026,81,drop0,48,7,14,test,0,/Users/nyx.wang/workspace/bosch/code/runs_stageB_morph_phys7_paperA_best_by_test_fixedA/d1/best.pth
d1hunt,2000,d1,v19_d1_head_ln_lr1e-04_ep2000_ss81,stageB_best,head_ln,full,0.0001,0.0001,0.0,0.0,huber,1.0,-0.05073822895217628,20.145851135253906,59.971439838409424,17.03342056274414,42,634,0.1409769905731082,2026,81,drop0,48,7,14,test,0,/Users/nyx.wang/workspace/bosch/code/runs_stageB_morph_phys7_paperA_best_by_test_fixedA/d1/best.pth
d1hunt,1200,d1,v19_d1_head_ln_lr1e-04_ep1200_ss82,stageB_best,head_ln,full,0.0001,0.0001,0.0,0.0,huber,1.0,0.18204569868598564,14.571395874023438,91.7876660823822,11.107277870178223,36,765,0.211359441280365,2026,82,drop0,48,7,14,test,0,/Users/nyx.wang/workspace/bosch/code/runs_stageB_morph_phys7_paperA_best_by_test_fixedA/d1/best.pth
d1hunt,2000,d1,v19_d1_head_ln_lr1e-04_ep2000_ss82,stageB_best,head_ln,full,0.0001,0.0001,0.0,0.0,huber,1.0,0.19431494263081994,14.522403717041016,90.74974060058594,11.11905288696289,36,748,0.205801360309124,2026,82,drop0,48,7,14,test,0,/Users/nyx.wang/workspace/bosch/code/runs_stageB_morph_phys7_paperA_best_by_test_fixedA/d1/best.pth
d1hunt,1200,d1,v19_d1_head_ln_lr1e-04_ep1200_ss83,stageB_best,head_ln,full,0.0001,0.0001,0.0,0.0,huber,1.0,0.3231055146570305,16.931968688964844,411.6610527038574,18.517356872558594,33,259,0.11353692784905434,2026,83,drop0,48,7,14,test,0,/Users/nyx.wang/workspace/bosch/code/runs_stageB_morph_phys7_paperA_best_by_test_fixedA/d1/best.pth
d1hunt,2000,d1,v19_d1_head_ln_lr1e-04_ep2000_ss83,stageB_best,head_ln,full,0.0001,0.0001,0.0,0.0,huber,1.0,0.32725990789706705,16.881736755371094,410.2182865142822,18.43628692626953,33,259,0.11295191198587418,2026,83,drop0,48,7,14,test,0,/Users/nyx.wang/workspace/bosch/code/runs_stageB_morph_phys7_paperA_best_by_test_fixedA/d1/best.pth
d1hunt,1200,d1,v19_d1_head_ln_lr1e-04_ep1200_ss84,stageB_best,head_ln,full,0.0001,0.0001,0.0,0.0,huber,1.0,0.3929677987663647,12.474562644958496,185.63107252120972,8.86020278930664,33,725,0.23693239130079746,2026,84,drop0,48,7,14,test,0,/Users/nyx.wang/workspace/bosch/code/runs_stageB_morph_phys7_paperA_best_by_test_fixedA/d1/best.pth
d1hunt,2000,d1,v19_d1_head_ln_lr1e-04_ep2000_ss84,stageB_best,head_ln,full,0.0001,0.0001,0.0,0.0,huber,1.0,0.40738139968977727,12.407218933105469,178.6261796951294,9.324779510498047,33,780,0.2342165601439774,2026,84,drop0,48,7,14,test,0,/Users/nyx.wang/workspace/bosch/code/runs_stageB_morph_phys7_paperA_best_by_test_fixedA/d1/best.pth
d1hunt,1200,d1,v19_d1_head_ln_lr1e-04_ep1200_ss85,stageB_best,head_ln,full,0.0001,0.0001,0.0,0.0,huber,1.0,-0.10594012068677805,18.668981552124023,134.17562246322632,17.813457489013672,30,41,0.49286988377571106,2026,85,drop0,48,7,14,test,0,/Users/nyx.wang/workspace/bosch/code/runs_stageB_morph_phys7_paperA_best_by_test_fixedA/d1/best.pth
d1hunt,2000,d1,v19_d1_head_ln_lr1e-04_ep2000_ss85,stageB_best,head_ln,full,0.0001,0.0001,0.0,0.0,huber,1.0,-0.1057001772476216,18.667072296142578,134.16686058044434,17.813270568847656,30,41,0.49282166361808777,2026,85,drop0,48,7,14,test,0,/Users/nyx.wang/workspace/bosch/code/runs_stageB_morph_phys7_paperA_best_by_test_fixedA/d1/best.pth
d1hunt,1200,d1,v19_d1_head_ln_lr1e-04_ep1200_ss86,stageB_best,head_ln,full,0.0001,0.0001,0.0,0.0,huber,1.0,0.674475283637887,10.62894344329834,33.40750336647034,9.496910095214844,30,1200,0.2218150682747364,2026,86,drop0,48,7,14,test,0,/Users/nyx.wang/workspace/bosch/code/runs_stageB_morph_phys7_paperA_best_by_test_fixedA/d1/best.pth
d1hunt,2000,d1,v19_d1_head_ln_lr1e-04_ep2000_ss86,stageB_best,head_ln,full,0.0001,0.0001,0.0,0.0,huber,1.0,0.6979932485474885,10.086983680725098,30.70066273212433,8.446837425231934,30,1986,0.1987646222114563,2026,86,drop0,48,7,14,test,0,/Users/nyx.wang/workspace/bosch/code/runs_stageB_morph_phys7_paperA_best_by_test_fixedA/d1/best.pth
d1hunt,1200,d1,v19_d1_head_ln_lr1e-04_ep1200_ss87,stageB_best,head_ln,full,0.0001,0.0001,0.0,0.0,huber,1.0,0.5881341606801939,12.774351119995117,63.59957456588745,12.192828178405762,42,817,0.3656731992959976,2026,87,drop0,48,7,14,test,0,/Users/nyx.wang/workspace/bosch/code/runs_stageB_morph_phys7_paperA_best_by_test_fixedA/d1/best.pth
d1hunt,2000,d1,v19_d1_head_ln_lr1e-04_ep2000_ss87,stageB_best,head_ln,full,0.0001,0.0001,0.0,0.0,huber,1.0,0.59568123983454,12.613044738769531,59.927088022232056,11.040448188781738,42,994,0.347020760178566,2026,87,drop0,48,7,14,test,0,/Users/nyx.wang/workspace/bosch/code/runs_stageB_morph_phys7_paperA_best_by_test_fixedA/d1/best.pth
d1hunt,1200,d1,v19_d1_head_ln_lr1e-04_ep1200_ss88,stageB_best,head_ln,full,0.0001,0.0001,0.0,0.0,huber,1.0,0.34319502016776227,13.85248851776123,85.12869477272034,11.420633316040039,36,763,0.28405770659446716,2026,88,drop0,48,7,14,test,0,/Users/nyx.wang/workspace/bosch/code/runs_stageB_morph_phys7_paperA_best_by_test_fixedA/d1/best.pth
d1hunt,2000,d1,v19_d1_head_ln_lr1e-04_ep2000_ss88,stageB_best,head_ln,full,0.0001,0.0001,0.0,0.0,huber,1.0,0.3563660065039289,13.369029998779297,72.82362580299377,9.615769386291504,36,1480,0.2695653587579727,2026,88,drop0,48,7,14,test,0,/Users/nyx.wang/workspace/bosch/code/runs_stageB_morph_phys7_paperA_best_by_test_fixedA/d1/best.pth
d1hunt,1200,d1,v19_d1_head_ln_lr1e-04_ep1200_ss89,stageB_best,head_ln,full,0.0001,0.0001,0.0,0.0,huber,1.0,0.5128675218845575,8.42497444152832,20.225217938423157,5.522590637207031,30,591,0.06603473797440529,2026,89,drop0,48,7,14,test,0,/Users/nyx.wang/workspace/bosch/code/runs_stageB_morph_phys7_paperA_best_by_test_fixedA/d1/best.pth
d1hunt,2000,d1,v19_d1_head_ln_lr1e-04_ep2000_ss89,stageB_best,head_ln,full,0.0001,0.0001,0.0,0.0,huber,1.0,0.5722421637640354,8.31274700164795,19.56535279750824,7.032818794250488,30,997,0.06011512130498886,2026,89,drop0,48,7,14,test,0,/Users/nyx.wang/workspace/bosch/code/runs_stageB_morph_phys7_paperA_best_by_test_fixedA/d1/best.pth
d1hunt,1200,d1,v19_d1_head_ln_lr1e-04_ep1200_ss90,stageB_best,head_ln,full,0.0001,0.0001,0.0,0.0,huber,1.0,0.41304033038703847,16.21103858947754,93.26382875442505,13.546163558959961,36,232,0.1759160440415144,2026,90,drop0,48,7,14,test,0,/Users/nyx.wang/workspace/bosch/code/runs_stageB_morph_phys7_paperA_best_by_test_fixedA/d1/best.pth
d1hunt,2000,d1,v19_d1_head_ln_lr1e-04_ep2000_ss90,stageB_best,head_ln,full,0.0001,0.0001,0.0,0.0,huber,1.0,0.37806809894638504,14.94290542602539,68.22873950004578,10.650753021240234,36,757,0.17368870601058006,2026,90,drop0,48,7,14,test,0,/Users/nyx.wang/workspace/bosch/code/runs_stageB_morph_phys7_paperA_best_by_test_fixedA/d1/best.pth
d1hunt,1200,d1,v19_d1_head_ln_lr1e-04_ep1200_ss91,stageB_best,head_ln,full,0.0001,0.0001,0.0,0.0,huber,1.0,0.0958196265392327,19.365665435791016,98.60942363739014,21.091928482055664,24,69,0.35499126464128494,2026,91,drop0,48,7,14,test,0,/Users/nyx.wang/workspace/bosch/code/runs_stageB_morph_phys7_paperA_best_by_test_fixedA/d1/best.pth
d1hunt,2000,d1,v19_d1_head_ln_lr1e-04_ep2000_ss91,stageB_best,head_ln,full,0.0001,0.0001,0.0,0.0,huber,1.0,0.09683472113254332,19.355154037475586,98.55521321296692,21.067338943481445,24,69,0.3549830988049507,2026,91,drop0,48,7,14,test,0,/Users/nyx.wang/workspace/bosch/code/runs_stageB_morph_phys7_paperA_best_by_test_fixedA/d1/best.pth
d1hunt,1200,d1,v19_d1_head_ln_lr1e-04_ep1200_ss92,stageB_best,head_ln,full,0.0001,0.0001,0.0,0.0,huber,1.0,0.06467701343325127,17.835453033447266,36.95262670516968,16.90144157409668,33,734,0.28953343629837036,2026,92,drop0,48,7,14,test,0,/Users/nyx.wang/workspace/bosch/code/runs_stageB_morph_phys7_paperA_best_by_test_fixedA/d1/best.pth
d1hunt,2000,d1,v19_d1_head_ln_lr1e-04_ep2000_ss92,stageB_best,head_ln,full,0.0001,0.0001,0.0,0.0,huber,1.0,0.05726275772237288,17.818647384643555,36.452266573905945,16.495328903198242,33,1201,0.2735842913389206,2026,92,drop0,48,7,14,test,0,/Users/nyx.wang/workspace/bosch/code/runs_stageB_morph_phys7_paperA_best_by_test_fixedA/d1/best.pth
d1hunt,1200,d1,v19_d1_head_ln_lr1e-04_ep1200_ss93,stageB_best,head_ln,full,0.0001,0.0001,0.0,0.0,huber,1.0,-0.3491465686178572,16.71693229675293,37.41714656352997,8.260534286499023,39,924,0.09725608304142952,2026,93,drop0,48,7,14,test,0,/Users/nyx.wang/workspace/bosch/code/runs_stageB_morph_phys7_paperA_best_by_test_fixedA/d1/best.pth
d1hunt,2000,d1,v19_d1_head_ln_lr1e-04_ep2000_ss93,stageB_best,head_ln,full,0.0001,0.0001,0.0,0.0,huber,1.0,-0.3490664756632291,16.621549606323242,36.29353046417236,8.209714889526367,39,923,0.09489123150706291,2026,93,drop0,48,7,14,test,0,/Users/nyx.wang/workspace/bosch/code/runs_stageB_morph_phys7_paperA_best_by_test_fixedA/d1/best.pth
d1hunt,1200,d1,v19_d1_head_ln_lr1e-04_ep1200_ss94,stageB_best,head_ln,full,0.0001,0.0001,0.0,0.0,huber,1.0,0.5716741786412366,11.267931938171387,46.56115174293518,8.7351655960083,39,434,0.4390076920390129,2026,94,drop0,48,7,14,test,0,/Users/nyx.wang/workspace/bosch/code/runs_stageB_morph_phys7_paperA_best_by_test_fixedA/d1/best.pth
d1hunt,2000,d1,v19_d1_head_ln_lr1e-04_ep2000_ss94,stageB_best,head_ln,full,0.0001,0.0001,0.0,0.0,huber,1.0,0.5805750644353447,11.154813766479492,46.39872610569,9.134727478027344,39,434,0.43440482020378113,2026,94,drop0,48,7,14,test,0,/Users/nyx.wang/workspace/bosch/code/runs_stageB_morph_phys7_paperA_best_by_test_fixedA/d1/best.pth
d1hunt,1200,d1,v19_d1_head_ln_lr1e-04_ep1200_ss95,stageB_best,head_ln,full,0.0001,0.0001,0.0,0.0,huber,1.0,0.3383587764125715,14.981180191040039,53.25846076011658,14.324501037597656,30,339,0.06985069625079632,2026,95,drop0,48,7,14,test,0,/Users/nyx.wang/workspace/bosch/code/runs_stageB_morph_phys7_paperA_best_by_test_fixedA/d1/best.pth
d1hunt,2000,d1,v19_d1_head_ln_lr1e-04_ep2000_ss95,stageB_best,head_ln,full,0.0001,0.0001,0.0,0.0,huber,1.0,0.33334172346663526,15.034579277038574,53.15644145011902,14.282958984375,30,339,0.06915482692420483,2026,95,drop0,48,7,14,test,0,/Users/nyx.wang/workspace/bosch/code/runs_stageB_morph_phys7_paperA_best_by_test_fixedA/d1/best.pth
d1hunt,1200,d1,v19_d1_head_ln_lr1e-04_ep1200_ss96,stageB_best,head_ln,full,0.0001,0.0001,0.0,0.0,huber,1.0,0.2529101622338432,21.19444465637207,172.6602554321289,20.04916000366211,39,54,0.39942821860313416,2026,96,drop0,48,7,14,test,0,/Users/nyx.wang/workspace/bosch/code/runs_stageB_morph_phys7_paperA_best_by_test_fixedA/d1/best.pth
d1hunt,2000,d1,v19_d1_head_ln_lr1e-04_ep2000_ss96,stageB_best,head_ln,full,0.0001,0.0001,0.0,0.0,huber,1.0,0.25301756082310434,21.192502975463867,172.64883518218994,20.050525665283203,39,54,0.3993823081254959,2026,96,drop0,48,7,14,test,0,/Users/nyx.wang/workspace/bosch/code/runs_stageB_morph_phys7_paperA_best_by_test_fixedA/d1/best.pth
d1hunt,1200,d1,v19_d1_head_ln_lr1e-04_ep1200_ss97,stageB_best,head_ln,full,0.0001,0.0001,0.0,0.0,huber,1.0,0.5221470634586473,11.997029304504395,102.61338949203491,12.3872652053833,39,1082,0.19594673812389374,2026,97,drop0,48,7,14,test,0,/Users/nyx.wang/workspace/bosch/code/runs_stageB_morph_phys7_paperA_best_by_test_fixedA/d1/best.pth
d1hunt,2000,d1,v19_d1_head_ln_lr1e-04_ep2000_ss97,stageB_best,head_ln,full,0.0001,0.0001,0.0,0.0,huber,1.0,0.599196974013554,11.03136920928955,89.85665440559387,10.206013679504395,39,1439,0.17642329633235931,2026,97,drop0,48,7,14,test,0,/Users/nyx.wang/workspace/bosch/code/runs_stageB_morph_phys7_paperA_best_by_test_fixedA/d1/best.pth
d1hunt,1200,d1,v19_d1_head_ln_lr1e-04_ep1200_ss98,stageB_best,head_ln,full,0.0001,0.0001,0.0,0.0,huber,1.0,0.26424790504982276,17.140254974365234,252.56812572479248,12.785667419433594,42,235,0.1366894245147705,2026,98,drop0,48,7,14,test,0,/Users/nyx.wang/workspace/bosch/code/runs_stageB_morph_phys7_paperA_best_by_test_fixedA/d1/best.pth
d1hunt,2000,d1,v19_d1_head_ln_lr1e-04_ep2000_ss98,stageB_best,head_ln,full,0.0001,0.0001,0.0,0.0,huber,1.0,0.2630486321907417,17.149656295776367,251.58274173736572,12.855051040649414,42,235,0.13545408844947815,2026,98,drop0,48,7,14,test,0,/Users/nyx.wang/workspace/bosch/code/runs_stageB_morph_phys7_paperA_best_by_test_fixedA/d1/best.pth
d1hunt,1200,d1,v19_d1_head_ln_lr1e-04_ep1200_ss99,stageB_best,head_ln,full,0.0001,0.0001,0.0,0.0,huber,1.0,0.6941339742952237,12.65732192993164,94.99269127845764,13.294212341308594,36,553,0.20021392405033112,2026,99,drop0,48,7,14,test,0,/Users/nyx.wang/workspace/bosch/code/runs_stageB_morph_phys7_paperA_best_by_test_fixedA/d1/best.pth
d1hunt,2000,d1,v19_d1_head_ln_lr1e-04_ep2000_ss99,stageB_best,head_ln,full,0.0001,0.0001,0.0,0.0,huber,1.0,0.7063913641870366,12.462568283081055,94.99760866165161,13.113273620605469,36,553,0.19028521329164505,2026,99,drop0,48,7,14,test,0,/Users/nyx.wang/workspace/bosch/code/runs_stageB_morph_phys7_paperA_best_by_test_fixedA/d1/best.pth
d1hunt,1200,d1,v19_d1_head_ln_lr1e-04_ep1200_ss100,stageB_best,head_ln,full,0.0001,0.0001,0.0,0.0,huber,1.0,0.5279176787764976,16.56829071044922,260.0477457046509,14.480040550231934,36,739,0.34771236777305603,2026,100,drop0,48,7,14,test,0,/Users/nyx.wang/workspace/bosch/code/runs_stageB_morph_phys7_paperA_best_by_test_fixedA/d1/best.pth
d1hunt,2000,d1,v19_d1_head_ln_lr1e-04_ep2000_ss100,stageB_best,head_ln,full,0.0001,0.0001,0.0,0.0,huber,1.0,0.5618350869432227,15.76922607421875,253.47390174865723,14.177074432373047,36,1051,0.340133398771286,2026,100,drop0,48,7,14,test,0,/Users/nyx.wang/workspace/bosch/code/runs_stageB_morph_phys7_paperA_best_by_test_fixedA/d1/best.pth
d1hunt,1200,d1,v19_d1_head_ln_lr1e-04_ep1200_ss101,stageB_best,head_ln,full,0.0001,0.0001,0.0,0.0,huber,1.0,0.4463777468276472,11.65217399597168,39.321544766426086,10.076467514038086,36,629,0.1452399604022503,2026,101,drop0,48,7,14,test,0,/Users/nyx.wang/workspace/bosch/code/runs_stageB_morph_phys7_paperA_best_by_test_fixedA/d1/best.pth
d1hunt,2000,d1,v19_d1_head_ln_lr1e-04_ep2000_ss101,stageB_best,head_ln,full,0.0001,0.0001,0.0,0.0,huber,1.0,0.4131593928598032,11.728128433227539,36.97048723697662,9.687952041625977,36,1001,0.11771435290575027,2026,101,drop0,48,7,14,test,0,/Users/nyx.wang/workspace/bosch/code/runs_stageB_morph_phys7_paperA_best_by_test_fixedA/d1/best.pth
d1hunt,1200,d1,v19_d1_head_ln_lr1e-04_ep1200_ss102,stageB_best,head_ln,full,0.0001,0.0001,0.0,0.0,huber,1.0,0.3297273403921013,15.139458656311035,87.23421096801758,12.924076080322266,39,1004,0.33365631103515625,2026,102,drop0,48,7,14,test,0,/Users/nyx.wang/workspace/bosch/code/runs_stageB_morph_phys7_paperA_best_by_test_fixedA/d1/best.pth
d1hunt,2000,d1,v19_d1_head_ln_lr1e-04_ep2000_ss102,stageB_best,head_ln,full,0.0001,0.0001,0.0,0.0,huber,1.0,0.3598323254540827,14.676474571228027,79.08135652542114,13.096954345703125,39,1207,0.313630148768425,2026,102,drop0,48,7,14,test,0,/Users/nyx.wang/workspace/bosch/code/runs_stageB_morph_phys7_paperA_best_by_test_fixedA/d1/best.pth
d1hunt,1200,d1,v19_d1_head_ln_lr1e-04_ep1200_ss103,stageB_best,head_ln,full,0.0001,0.0001,0.0,0.0,huber,1.0,-0.11362295729718963,15.890886306762695,57.27447271347046,12.207293510437012,36,1200,0.30040592700242996,2026,103,drop0,48,7,14,test,0,/Users/nyx.wang/workspace/bosch/code/runs_stageB_morph_phys7_paperA_best_by_test_fixedA/d1/best.pth
d1hunt,2000,d1,v19_d1_head_ln_lr1e-04_ep2000_ss103,stageB_best,head_ln,full,0.0001,0.0001,0.0,0.0,huber,1.0,-0.04933943900119253,15.685187339782715,55.5281937122345,12.29394817352295,36,2000,0.28983132541179657,2026,103,drop0,48,7,14,test,0,/Users/nyx.wang/workspace/bosch/code/runs_stageB_morph_phys7_paperA_best_by_test_fixedA/d1/best.pth
d1hunt,1200,d1,v19_d1_head_ln_lr1e-04_ep1200_ss104,stageB_best,head_ln,full,0.0001,0.0001,0.0,0.0,huber,1.0,0.464383215112136,13.229653358459473,65.63102602958679,11.843597412109375,33,705,0.25065136700868607,2026,104,drop0,48,7,14,test,0,/Users/nyx.wang/workspace/bosch/code/runs_stageB_morph_phys7_paperA_best_by_test_fixedA/d1/best.pth
d1hunt,2000,d1,v19_d1_head_ln_lr1e-04_ep2000_ss104,stageB_best,head_ln,full,0.0001,0.0001,0.0,0.0,huber,1.0,0.47259920247276355,13.069494247436523,62.13654279708862,12.060770034790039,33,903,0.24318888038396835,2026,104,drop0,48,7,14,test,0,/Users/nyx.wang/workspace/bosch/code/runs_stageB_morph_phys7_paperA_best_by_test_fixedA/d1/best.pth
d1hunt,1200,d1,v19_d1_head_ln_lr1e-04_ep1200_ss105,stageB_best,head_ln,full,0.0001,0.0001,0.0,0.0,huber,1.0,0.622489200716455,13.047378540039062,321.4122533798218,12.627361297607422,33,966,0.23162969201803207,2026,105,drop0,48,7,14,test,0,/Users/nyx.wang/workspace/bosch/code/runs_stageB_morph_phys7_paperA_best_by_test_fixedA/d1/best.pth
d1hunt,2000,d1,v19_d1_head_ln_lr1e-04_ep2000_ss105,stageB_best,head_ln,full,0.0001,0.0001,0.0,0.0,huber,1.0,0.665631545002493,12.262689590454102,305.63738346099854,11.067790985107422,33,1402,0.19630567356944084,2026,105,drop0,48,7,14,test,0,/Users/nyx.wang/workspace/bosch/code/runs_stageB_morph_phys7_paperA_best_by_test_fixedA/d1/best.pth
d1hunt,1200,d1,v19_d1_head_ln_lr1e-04_ep1200_ss106,stageB_best,head_ln,full,0.0001,0.0001,0.0,0.0,huber,1.0,-0.26040597972837487,20.81345558166504,79.69332933425903,19.410133361816406,42,24,0.21515358239412308,2026,106,drop0,48,7,14,test,0,/Users/nyx.wang/workspace/bosch/code/runs_stageB_morph_phys7_paperA_best_by_test_fixedA/d1/best.pth
d1hunt,2000,d1,v19_d1_head_ln_lr1e-04_ep2000_ss106,stageB_best,head_ln,full,0.0001,0.0001,0.0,0.0,huber,1.0,-0.2603186740565975,20.812671661376953,79.69237565994263,19.40937614440918,42,24,0.21514447033405304,2026,106,drop0,48,7,14,test,0,/Users/nyx.wang/workspace/bosch/code/runs_stageB_morph_phys7_paperA_best_by_test_fixedA/d1/best.pth
d1hunt,1200,d1,v19_d1_head_ln_lr1e-04_ep1200_ss107,stageB_best,head_ln,full,0.0001,0.0001,0.0,0.0,huber,1.0,0.33623187603094395,15.003281593322754,319.9994087219238,14.094532012939453,42,424,0.13816070184111595,2026,107,drop0,48,7,14,test,0,/Users/nyx.wang/workspace/bosch/code/runs_stageB_morph_phys7_paperA_best_by_test_fixedA/d1/best.pth
d1hunt,2000,d1,v19_d1_head_ln_lr1e-04_ep2000_ss107,stageB_best,head_ln,full,0.0001,0.0001,0.0,0.0,huber,1.0,0.32273821728018115,15.156913757324219,322.0914602279663,14.389175415039062,42,424,0.13476600497961044,2026,107,drop0,48,7,14,test,0,/Users/nyx.wang/workspace/bosch/code/runs_stageB_morph_phys7_paperA_best_by_test_fixedA/d1/best.pth
d1hunt,1200,d1,v19_d1_head_ln_lr1e-04_ep1200_ss108,stageB_best,head_ln,full,0.0001,0.0001,0.0,0.0,huber,1.0,0.17232150093762666,18.946813583374023,376.9157886505127,17.02206039428711,33,54,0.4044245183467865,2026,108,drop0,48,7,14,test,0,/Users/nyx.wang/workspace/bosch/code/runs_stageB_morph_phys7_paperA_best_by_test_fixedA/d1/best.pth
d1hunt,2000,d1,v19_d1_head_ln_lr1e-04_ep2000_ss108,stageB_best,head_ln,full,0.0001,0.0001,0.0,0.0,huber,1.0,0.1725089592941691,18.945087432861328,376.8899202346802,17.022907257080078,33,54,0.40438516438007355,2026,108,drop0,48,7,14,test,0,/Users/nyx.wang/workspace/bosch/code/runs_stageB_morph_phys7_paperA_best_by_test_fixedA/d1/best.pth
d1hunt,1200,d1,v19_d1_head_ln_lr1e-04_ep1200_ss109,stageB_best,head_ln,full,0.0001,0.0001,0.0,0.0,huber,1.0,0.2572583857374827,16.07941436767578,119.4282054901123,13.627771377563477,36,179,0.30108899623155594,2026,109,drop0,48,7,14,test,0,/Users/nyx.wang/workspace/bosch/code/runs_stageB_morph_phys7_paperA_best_by_test_fixedA/d1/best.pth
d1hunt,2000,d1,v19_d1_head_ln_lr1e-04_ep2000_ss109,stageB_best,head_ln,full,0.0001,0.0001,0.0,0.0,huber,1.0,0.25737309748363024,16.046836853027344,118.84317398071289,13.581811904907227,36,179,0.3010360784828663,2026,109,drop0,48,7,14,test,0,/Users/nyx.wang/workspace/bosch/code/runs_stageB_morph_phys7_paperA_best_by_test_fixedA/d1/best.pth
d1hunt,1200,d1,v19_d1_head_ln_lr1e-04_ep1200_ss110,stageB_best,head_ln,full,0.0001,0.0001,0.0,0.0,huber,1.0,-2.2874383244966436,28.484676361083984,234.85450744628906,28.692230224609375,33,41,0.28307171911001205,2026,110,drop0,48,7,14,test,0,/Users/nyx.wang/workspace/bosch/code/runs_stageB_morph_phys7_paperA_best_by_test_fixedA/d1/best.pth
d1hunt,2000,d1,v19_d1_head_ln_lr1e-04_ep2000_ss110,stageB_best,head_ln,full,0.0001,0.0001,0.0,0.0,huber,1.0,-2.28701612333929,28.482858657836914,234.8480463027954,28.6915283203125,33,41,0.28304553776979446,2026,110,drop0,48,7,14,test,0,/Users/nyx.wang/workspace/bosch/code/runs_stageB_morph_phys7_paperA_best_by_test_fixedA/d1/best.pth
d1hunt,1200,d1,v19_d1_head_ln_lr1e-04_ep1200_ss111,stageB_best,head_ln,full,0.0001,0.0001,0.0,0.0,huber,1.0,0.2863223835183677,17.78207015991211,130.0323247909546,15.57957935333252,42,90,0.34570637345314026,2026,111,drop0,48,7,14,test,0,/Users/nyx.wang/workspace/bosch/code/runs_stageB_morph_phys7_paperA_best_by_test_fixedA/d1/best.pth
d1hunt,2000,d1,v19_d1_head_ln_lr1e-04_ep2000_ss111,stageB_best,head_ln,full,0.0001,0.0001,0.0,0.0,huber,1.0,0.2871502601387518,17.772817611694336,129.8389196395874,15.579388618469238,42,90,0.34561745822429657,2026,111,drop0,48,7,14,test,0,/Users/nyx.wang/workspace/bosch/code/runs_stageB_morph_phys7_paperA_best_by_test_fixedA/d1/best.pth
d1hunt,1200,d1,v19_d1_head_ln_lr1e-04_ep1200_ss112,stageB_best,head_ln,full,0.0001,0.0001,0.0,0.0,huber,1.0,0.5666695702996588,12.164798736572266,78.58657836914062,11.317548751831055,36,533,0.09935994446277618,2026,112,drop0,48,7,14,test,0,/Users/nyx.wang/workspace/bosch/code/runs_stageB_morph_phys7_paperA_best_by_test_fixedA/d1/best.pth
d1hunt,2000,d1,v19_d1_head_ln_lr1e-04_ep2000_ss112,stageB_best,head_ln,full,0.0001,0.0001,0.0,0.0,huber,1.0,0.5690674818471433,12.130317687988281,77.73004174232483,11.14357852935791,36,533,0.09885916579514742,2026,112,drop0,48,7,14,test,0,/Users/nyx.wang/workspace/bosch/code/runs_stageB_morph_phys7_paperA_best_by_test_fixedA/d1/best.pth
d1hunt,1200,d1,v19_d1_head_ln_lr1e-04_ep1200_ss113,stageB_best,head_ln,full,0.0001,0.0001,0.0,0.0,huber,1.0,0.5995708828084033,11.522911071777344,37.43164539337158,10.331891059875488,36,879,0.18504977598786354,2026,113,drop0,48,7,14,test,0,/Users/nyx.wang/workspace/bosch/code/runs_stageB_morph_phys7_paperA_best_by_test_fixedA/d1/best.pth
d1hunt,2000,d1,v19_d1_head_ln_lr1e-04_ep2000_ss113,stageB_best,head_ln,full,0.0001,0.0001,0.0,0.0,huber,1.0,0.6206338976245114,11.242384910583496,36.017438769340515,9.757678985595703,36,1516,0.16926417499780655,2026,113,drop0,48,7,14,test,0,/Users/nyx.wang/workspace/bosch/code/runs_stageB_morph_phys7_paperA_best_by_test_fixedA/d1/best.pth
d1hunt,1200,d1,v19_d1_head_ln_lr1e-04_ep1200_ss114,stageB_best,head_ln,full,0.0001,0.0001,0.0,0.0,huber,1.0,0.6528692291494391,12.028203964233398,67.2646701335907,10.940742492675781,39,1039,0.19577224552631378,2026,114,drop0,48,7,14,test,0,/Users/nyx.wang/workspace/bosch/code/runs_stageB_morph_phys7_paperA_best_by_test_fixedA/d1/best.pth
d1hunt,2000,d1,v19_d1_head_ln_lr1e-04_ep2000_ss114,stageB_best,head_ln,full,0.0001,0.0001,0.0,0.0,huber,1.0,0.6843143352202716,11.363602638244629,61.65938377380371,9.854166030883789,39,1239,0.15580791607499123,2026,114,drop0,48,7,14,test,0,/Users/nyx.wang/workspace/bosch/code/runs_stageB_morph_phys7_paperA_best_by_test_fixedA/d1/best.pth
d1hunt,1200,d1,v19_d1_head_ln_lr1e-04_ep1200_ss115,stageB_best,head_ln,full,0.0001,0.0001,0.0,0.0,huber,1.0,0.4300909451677355,16.454132080078125,230.06556034088135,12.328964233398438,39,1002,0.14773004315793514,2026,115,drop0,48,7,14,test,0,/Users/nyx.wang/workspace/bosch/code/runs_stageB_morph_phys7_paperA_best_by_test_fixedA/d1/best.pth
d1hunt,2000,d1,v19_d1_head_ln_lr1e-04_ep2000_ss115,stageB_best,head_ln,full,0.0001,0.0001,0.0,0.0,huber,1.0,0.4473773409217353,16.145809173583984,229.3522596359253,11.610169410705566,39,965,0.14325729198753834,2026,115,drop0,48,7,14,test,0,/Users/nyx.wang/workspace/bosch/code/runs_stageB_morph_phys7_paperA_best_by_test_fixedA/d1/best.pth
d1hunt,1200,d1,v19_d1_head_ln_lr1e-04_ep1200_ss116,stageB_best,head_ln,full,0.0001,0.0001,0.0,0.0,huber,1.0,-0.20656465183710715,16.116182327270508,38.23545277118683,10.031501770019531,36,547,0.13974738121032715,2026,116,drop0,48,7,14,test,0,/Users/nyx.wang/workspace/bosch/code/runs_stageB_morph_phys7_paperA_best_by_test_fixedA/d1/best.pth
d1hunt,2000,d1,v19_d1_head_ln_lr1e-04_ep2000_ss116,stageB_best,head_ln,full,0.0001,0.0001,0.0,0.0,huber,1.0,-0.2278343204221016,16.413997650146484,39.07664716243744,10.989477157592773,36,403,0.13969051465392113,2026,116,drop0,48,7,14,test,0,/Users/nyx.wang/workspace/bosch/code/runs_stageB_morph_phys7_paperA_best_by_test_fixedA/d1/best.pth
d1hunt,1200,d1,v19_d1_head_ln_lr1e-04_ep1200_ss117,stageB_best,head_ln,full,0.0001,0.0001,0.0,0.0,huber,1.0,-0.476414932547538,23.29167366027832,185.63379049301147,20.6204833984375,39,19,0.25632134079933167,2026,117,drop0,48,7,14,test,0,/Users/nyx.wang/workspace/bosch/code/runs_stageB_morph_phys7_paperA_best_by_test_fixedA/d1/best.pth
d1hunt,2000,d1,v19_d1_head_ln_lr1e-04_ep2000_ss117,stageB_best,head_ln,full,0.0001,0.0001,0.0,0.0,huber,1.0,-0.47637163002141625,23.291297912597656,185.63257455825806,20.61996078491211,39,19,0.2563108131289482,2026,117,drop0,48,7,14,test,0,/Users/nyx.wang/workspace/bosch/code/runs_stageB_morph_phys7_paperA_best_by_test_fixedA/d1/best.pth
d1hunt,1200,d1,v19_d1_head_ln_lr1e-04_ep1200_ss118,stageB_best,head_ln,full,0.0001,0.0001,0.0,0.0,huber,1.0,-0.4209693864441699,27.331512451171875,211.33787631988525,26.059326171875,39,17,0.5160935968160629,2026,118,drop0,48,7,14,test,0,/Users/nyx.wang/workspace/bosch/code/runs_stageB_morph_phys7_paperA_best_by_test_fixedA/d1/best.pth
d1hunt,2000,d1,v19_d1_head_ln_lr1e-04_ep2000_ss118,stageB_best,head_ln,full,0.0001,0.0001,0.0,0.0,huber,1.0,-0.4209485098490813,27.331314086914062,211.33761405944824,26.059375762939453,39,17,0.516089677810669,2026,118,drop0,48,7,14,test,0,/Users/nyx.wang/workspace/bosch/code/runs_stageB_morph_phys7_paperA_best_by_test_fixedA/d1/best.pth
d1hunt,1200,d1,v19_d1_head_ln_lr1e-04_ep1200_ss119,stageB_best,head_ln,full,0.0001,0.0001,0.0,0.0,huber,1.0,0.600443725774442,11.59793758392334,59.34668779373169,7.525385856628418,36,598,0.18954382836818695,2026,119,drop0,48,7,14,test,0,/Users/nyx.wang/workspace/bosch/code/runs_stageB_morph_phys7_paperA_best_by_test_fixedA/d1/best.pth
d1hunt,2000,d1,v19_d1_head_ln_lr1e-04_ep2000_ss119,stageB_best,head_ln,full,0.0001,0.0001,0.0,0.0,huber,1.0,0.6011090373614811,11.509220123291016,55.84213733673096,6.94126033782959,36,598,0.1792699694633484,2026,119,drop0,48,7,14,test,0,/Users/nyx.wang/workspace/bosch/code/runs_stageB_morph_phys7_paperA_best_by_test_fixedA/d1/best.pth
d1hunt,1200,d1,v19_d1_head_ln_lr1e-04_ep1200_ss120,stageB_best,head_ln,full,0.0001,0.0001,0.0,0.0,huber,1.0,0.45912736954631783,11.941020011901855,69.9566900730133,12.19442367553711,39,464,0.09693265706300735,2026,120,drop0,48,7,14,test,0,/Users/nyx.wang/workspace/bosch/code/runs_stageB_morph_phys7_paperA_best_by_test_fixedA/d1/best.pth
d1hunt,2000,d1,v19_d1_head_ln_lr1e-04_ep2000_ss120,stageB_best,head_ln,full,0.0001,0.0001,0.0,0.0,huber,1.0,0.4756802066691126,11.64478588104248,66.9103741645813,11.59758186340332,39,464,0.0956035777926445,2026,120,drop0,48,7,14,test,0,/Users/nyx.wang/workspace/bosch/code/runs_stageB_morph_phys7_paperA_best_by_test_fixedA/d1/best.pth
d1hunt,1200,d1,v19_d1_head_ln_lr1e-04_ep1200_ss121,stageB_best,head_ln,full,0.0001,0.0001,0.0,0.0,huber,1.0,0.5003154782326754,12.576348304748535,94.51977610588074,11.746999740600586,33,564,0.36610107123851776,2026,121,drop0,48,7,14,test,0,/Users/nyx.wang/workspace/bosch/code/runs_stageB_morph_phys7_paperA_best_by_test_fixedA/d1/best.pth
d1hunt,2000,d1,v19_d1_head_ln_lr1e-04_ep2000_ss121,stageB_best,head_ln,full,0.0001,0.0001,0.0,0.0,huber,1.0,0.5489509813068892,12.182765007019043,86.47969961166382,11.031293869018555,33,1265,0.35291025042533875,2026,121,drop0,48,7,14,test,0,/Users/nyx.wang/workspace/bosch/code/runs_stageB_morph_phys7_paperA_best_by_test_fixedA/d1/best.pth
d1hunt,1200,d1,v19_d1_head_ln_lr1e-04_ep1200_ss122,stageB_best,head_ln,full,0.0001,0.0001,0.0,0.0,huber,1.0,-0.015503251081448344,19.963876724243164,413.433313369751,20.180408477783203,33,118,0.15405159443616867,2026,122,drop0,48,7,14,test,0,/Users/nyx.wang/workspace/bosch/code/runs_stageB_morph_phys7_paperA_best_by_test_fixedA/d1/best.pth
d1hunt,2000,d1,v19_d1_head_ln_lr1e-04_ep2000_ss122,stageB_best,head_ln,full,0.0001,0.0001,0.0,0.0,huber,1.0,-0.013718450627664636,19.9422607421875,412.54987716674805,20.16304588317871,33,118,0.15403234213590622,2026,122,drop0,48,7,14,test,0,/Users/nyx.wang/workspace/bosch/code/runs_stageB_morph_phys7_paperA_best_by_test_fixedA/d1/best.pth
d1hunt,1200,d1,v19_d1_head_ln_lr1e-04_ep1200_ss123,stageB_best,head_ln,full,0.0001,0.0001,0.0,0.0,huber,1.0,0.3831110589725033,14.215004920959473,51.54486298561096,8.49045181274414,33,1002,0.28348443284630775,2026,123,drop0,48,7,14,test,0,/Users/nyx.wang/workspace/bosch/code/runs_stageB_morph_phys7_paperA_best_by_test_fixedA/d1/best.pth
d1hunt,2000,d1,v19_d1_head_ln_lr1e-04_ep2000_ss123,stageB_best,head_ln,full,0.0001,0.0001,0.0,0.0,huber,1.0,0.3068702918909034,14.26876163482666,49.56718683242798,8.838878631591797,33,1852,0.25038551539182663,2026,123,drop0,48,7,14,test,0,/Users/nyx.wang/workspace/bosch/code/runs_stageB_morph_phys7_paperA_best_by_test_fixedA/d1/best.pth
d1hunt,1200,d1,v19_d1_head_ln_lr1e-04_ep1200_ss124,stageB_best,head_ln,full,0.0001,0.0001,0.0,0.0,huber,1.0,0.3892071711052366,15.091276168823242,334.59646701812744,13.362861633300781,36,130,0.2728261202573776,2026,124,drop0,48,7,14,test,0,/Users/nyx.wang/workspace/bosch/code/runs_stageB_morph_phys7_paperA_best_by_test_fixedA/d1/best.pth
d1hunt,2000,d1,v19_d1_head_ln_lr1e-04_ep2000_ss124,stageB_best,head_ln,full,0.0001,0.0001,0.0,0.0,huber,1.0,0.3899839146992521,15.08809757232666,334.04314517974854,13.336311340332031,36,130,0.27272598445415497,2026,124,drop0,48,7,14,test,0,/Users/nyx.wang/workspace/bosch/code/runs_stageB_morph_phys7_paperA_best_by_test_fixedA/d1/best.pth
d1hunt,1200,d1,v19_d1_head_ln_lr1e-04_ep1200_ss125,stageB_best,head_ln,full,0.0001,0.0001,0.0,0.0,huber,1.0,0.6505642845877674,10.975093841552734,26.833292841911316,6.775862216949463,30,1047,0.11870069988071918,2026,125,drop0,48,7,14,test,0,/Users/nyx.wang/workspace/bosch/code/runs_stageB_morph_phys7_paperA_best_by_test_fixedA/d1/best.pth
d1hunt,2000,d1,v19_d1_head_ln_lr1e-04_ep2000_ss125,stageB_best,head_ln,full,0.0001,0.0001,0.0,0.0,huber,1.0,0.683664861419482,10.151545524597168,23.69704097509384,5.2492194175720215,30,1525,0.10193421877920628,2026,125,drop0,48,7,14,test,0,/Users/nyx.wang/workspace/bosch/code/runs_stageB_morph_phys7_paperA_best_by_test_fixedA/d1/best.pth
d1hunt,1200,d1,v19_d1_head_ln_lr1e-04_ep1200_ss126,stageB_best,head_ln,full,0.0001,0.0001,0.0,0.0,huber,1.0,0.4577279775771619,9.922493934631348,38.50475549697876,8.280790328979492,36,96,0.32890184223651886,2026,126,drop0,48,7,14,test,0,/Users/nyx.wang/workspace/bosch/code/runs_stageB_morph_phys7_paperA_best_by_test_fixedA/d1/best.pth
d1hunt,2000,d1,v19_d1_head_ln_lr1e-04_ep2000_ss126,stageB_best,head_ln,full,0.0001,0.0001,0.0,0.0,huber,1.0,0.4577475656391813,9.924686431884766,38.4964793920517,8.30428695678711,36,96,0.3289317786693573,2026,126,drop0,48,7,14,test,0,/Users/nyx.wang/workspace/bosch/code/runs_stageB_morph_phys7_paperA_best_by_test_fixedA/d1/best.pth
d1hunt,1200,d1,v19_d1_head_ln_lr1e-04_ep1200_ss127,stageB_best,head_ln,full,0.0001,0.0001,0.0,0.0,huber,1.0,0.5641029801877899,12.985518455505371,50.638651847839355,10.709300994873047,39,689,0.34888027608394623,2026,127,drop0,48,7,14,test,0,/Users/nyx.wang/workspace/bosch/code/runs_stageB_morph_phys7_paperA_best_by_test_fixedA/d1/best.pth
d1hunt,2000,d1,v19_d1_head_ln_lr1e-04_ep2000_ss127,stageB_best,head_ln,full,0.0001,0.0001,0.0,0.0,huber,1.0,0.5655556836241404,12.955015182495117,49.27784502506256,10.756765365600586,39,853,0.3336173892021179,2026,127,drop0,48,7,14,test,0,/Users/nyx.wang/workspace/bosch/code/runs_stageB_morph_phys7_paperA_best_by_test_fixedA/d1/best.pth
d1hunt,1200,d1,v19_d1_head_ln_lr1e-04_ep1200_ss128,stageB_best,head_ln,full,0.0001,0.0001,0.0,0.0,huber,1.0,0.3823576587755445,14.028938293457031,227.54852771759033,10.639284133911133,33,585,0.2151685170829296,2026,128,drop0,48,7,14,test,0,/Users/nyx.wang/workspace/bosch/code/runs_stageB_morph_phys7_paperA_best_by_test_fixedA/d1/best.pth
d1hunt,2000,d1,v19_d1_head_ln_lr1e-04_ep2000_ss128,stageB_best,head_ln,full,0.0001,0.0001,0.0,0.0,huber,1.0,0.38511406380152136,14.035964965820312,219.40937042236328,10.735395431518555,33,583,0.20812444761395454,2026,128,drop0,48,7,14,test,0,/Users/nyx.wang/workspace/bosch/code/runs_stageB_morph_phys7_paperA_best_by_test_fixedA/d1/best.pth
d1hunt,1200,d1,v19_d1_head_ln_lr1e-04_ep1200_ss129,stageB_best,head_ln,full,0.0001,0.0001,0.0,0.0,huber,1.0,0.28645418668877765,11.941389083862305,72.30004072189331,11.063807487487793,33,1118,0.45071834325790405,2026,129,drop0,48,7,14,test,0,/Users/nyx.wang/workspace/bosch/code/runs_stageB_morph_phys7_paperA_best_by_test_fixedA/d1/best.pth
d1hunt,2000,d1,v19_d1_head_ln_lr1e-04_ep2000_ss129,stageB_best,head_ln,full,0.0001,0.0001,0.0,0.0,huber,1.0,0.29680990521982875,12.091878890991211,66.47155284881592,10.445938110351562,33,1399,0.43632760643959045,2026,129,drop0,48,7,14,test,0,/Users/nyx.wang/workspace/bosch/code/runs_stageB_morph_phys7_paperA_best_by_test_fixedA/d1/best.pth
d1hunt,1200,d1,v19_d1_head_ln_lr1e-04_ep1200_ss130,stageB_best,head_ln,full,0.0001,0.0001,0.0,0.0,huber,1.0,-0.08120394270840414,20.981786727905273,146.48655652999878,15.411886215209961,42,314,0.1543363332748413,2026,130,drop0,48,7,14,test,0,/Users/nyx.wang/workspace/bosch/code/runs_stageB_morph_phys7_paperA_best_by_test_fixedA/d1/best.pth
d1hunt,2000,d1,v19_d1_head_ln_lr1e-04_ep2000_ss130,stageB_best,head_ln,full,0.0001,0.0001,0.0,0.0,huber,1.0,-0.14092631583627502,22.124164581298828,160.8787178993225,17.186628341674805,42,217,0.1545916274189949,2026,130,drop0,48,7,14,test,0,/Users/nyx.wang/workspace/bosch/code/runs_stageB_morph_phys7_paperA_best_by_test_fixedA/d1/best.pth
d1hunt,1200,d1,v19_d1_head_ln_lr1e-04_ep1200_ss131,stageB_best,head_ln,full,0.0001,0.0001,0.0,0.0,huber,1.0,0.22273175760659092,17.100563049316406,157.323956489563,14.852739334106445,36,218,0.1579919457435608,2026,131,drop0,48,7,14,test,0,/Users/nyx.wang/workspace/bosch/code/runs_stageB_morph_phys7_paperA_best_by_test_fixedA/d1/best.pth
d1hunt,2000,d1,v19_d1_head_ln_lr1e-04_ep2000_ss131,stageB_best,head_ln,full,0.0001,0.0001,0.0,0.0,huber,1.0,0.22376501775030533,16.975566864013672,153.88845205307007,14.747909545898438,36,217,0.15804706513881683,2026,131,drop0,48,7,14,test,0,/Users/nyx.wang/workspace/bosch/code/runs_stageB_morph_phys7_paperA_best_by_test_fixedA/d1/best.pth
d1hunt,1200,d1,v19_d1_head_ln_lr1e-04_ep1200_ss132,stageB_best,head_ln,full,0.0001,0.0001,0.0,0.0,huber,1.0,0.5340255244218959,13.453015327453613,54.55624461174011,13.456661224365234,36,264,0.28386616706848145,2026,132,drop0,48,7,14,test,0,/Users/nyx.wang/workspace/bosch/code/runs_stageB_morph_phys7_paperA_best_by_test_fixedA/d1/best.pth
d1hunt,2000,d1,v19_d1_head_ln_lr1e-04_ep2000_ss132,stageB_best,head_ln,full,0.0001,0.0001,0.0,0.0,huber,1.0,0.6174410990201762,11.794349670410156,45.318275690078735,10.7560453414917,36,573,0.2817741706967354,2026,132,drop0,48,7,14,test,0,/Users/nyx.wang/workspace/bosch/code/runs_stageB_morph_phys7_paperA_best_by_test_fixedA/d1/best.pth
d1hunt,1200,d1,v19_d1_head_ln_lr1e-04_ep1200_ss133,stageB_best,head_ln,full,0.0001,0.0001,0.0,0.0,huber,1.0,0.030030489185432274,14.738317489624023,89.80794548988342,11.065215110778809,33,335,0.18337101489305496,2026,133,drop0,48,7,14,test,0,/Users/nyx.wang/workspace/bosch/code/runs_stageB_morph_phys7_paperA_best_by_test_fixedA/d1/best.pth
d1hunt,2000,d1,v19_d1_head_ln_lr1e-04_ep2000_ss133,stageB_best,head_ln,full,0.0001,0.0001,0.0,0.0,huber,1.0,0.009779237541097663,14.930045127868652,89.65709209442139,10.840279579162598,33,335,0.18064166232943535,2026,133,drop0,48,7,14,test,0,/Users/nyx.wang/workspace/bosch/code/runs_stageB_morph_phys7_paperA_best_by_test_fixedA/d1/best.pth
d1hunt,1200,d1,v19_d1_head_ln_lr1e-04_ep1200_ss134,stageB_best,head_ln,full,0.0001,0.0001,0.0,0.0,huber,1.0,0.423166692387285,14.502893447875977,103.46225500106812,16.432960510253906,39,314,0.10927150771021843,2026,134,drop0,48,7,14,test,0,/Users/nyx.wang/workspace/bosch/code/runs_stageB_morph_phys7_paperA_best_by_test_fixedA/d1/best.pth
d1hunt,2000,d1,v19_d1_head_ln_lr1e-04_ep2000_ss134,stageB_best,head_ln,full,0.0001,0.0001,0.0,0.0,huber,1.0,0.4294925019153071,14.365768432617188,101.09516382217407,16.30552864074707,39,314,0.10649396479129791,2026,134,drop0,48,7,14,test,0,/Users/nyx.wang/workspace/bosch/code/runs_stageB_morph_phys7_paperA_best_by_test_fixedA/d1/best.pth
d1hunt,1200,d1,v19_d1_head_ln_lr1e-04_ep1200_ss135,stageB_best,head_ln,full,0.0001,0.0001,0.0,0.0,huber,1.0,0.44449698882644184,11.118300437927246,28.485795855522156,10.187545776367188,30,900,0.22811435908079147,2026,135,drop0,48,7,14,test,0,/Users/nyx.wang/workspace/bosch/code/runs_stageB_morph_phys7_paperA_best_by_test_fixedA/d1/best.pth
d1hunt,2000,d1,v19_d1_head_ln_lr1e-04_ep2000_ss135,stageB_best,head_ln,full,0.0001,0.0001,0.0,0.0,huber,1.0,0.42487291874768773,11.446770668029785,30.126038193702698,10.158684730529785,30,1185,0.20836662873625755,2026,135,drop0,48,7,14,test,0,/Users/nyx.wang/workspace/bosch/code/runs_stageB_morph_phys7_paperA_best_by_test_fixedA/d1/best.pth
d1hunt,1200,d1,v19_d1_head_ln_lr1e-04_ep1200_ss136,stageB_best,head_ln,full,0.0001,0.0001,0.0,0.0,huber,1.0,0.4000715374688183,11.162823677062988,46.23785316944122,6.934109687805176,30,114,0.4037080258131027,2026,136,drop0,48,7,14,test,0,/Users/nyx.wang/workspace/bosch/code/runs_stageB_morph_phys7_paperA_best_by_test_fixedA/d1/best.pth
d1hunt,2000,d1,v19_d1_head_ln_lr1e-04_ep2000_ss136,stageB_best,head_ln,full,0.0001,0.0001,0.0,0.0,huber,1.0,0.40028528624385873,11.169121742248535,46.265190839767456,6.9685516357421875,30,114,0.40332651138305664,2026,136,drop0,48,7,14,test,0,/Users/nyx.wang/workspace/bosch/code/runs_stageB_morph_phys7_paperA_best_by_test_fixedA/d1/best.pth
d1hunt,1200,d1,v19_d1_head_ln_lr1e-04_ep1200_ss137,stageB_best,head_ln,full,0.0001,0.0001,0.0,0.0,huber,1.0,0.32459855804686677,16.200523376464844,70.59124112129211,10.86100959777832,42,1057,0.07394260354340076,2026,137,drop0,48,7,14,test,0,/Users/nyx.wang/workspace/bosch/code/runs_stageB_morph_phys7_paperA_best_by_test_fixedA/d1/best.pth
d1hunt,2000,d1,v19_d1_head_ln_lr1e-04_ep2000_ss137,stageB_best,head_ln,full,0.0001,0.0001,0.0,0.0,huber,1.0,0.3419527756239541,15.953302383422852,65.23035764694214,11.032123565673828,42,1044,0.06824686750769615,2026,137,drop0,48,7,14,test,0,/Users/nyx.wang/workspace/bosch/code/runs_stageB_morph_phys7_paperA_best_by_test_fixedA/d1/best.pth
d1hunt,1200,d1,v19_d1_head_ln_lr1e-04_ep1200_ss138,stageB_best,head_ln,full,0.0001,0.0001,0.0,0.0,huber,1.0,0.4259198607592666,17.92802619934082,78.83794903755188,18.4339542388916,42,340,0.4474896341562271,2026,138,drop0,48,7,14,test,0,/Users/nyx.wang/workspace/bosch/code/runs_stageB_morph_phys7_paperA_best_by_test_fixedA/d1/best.pth
d1hunt,2000,d1,v19_d1_head_ln_lr1e-04_ep2000_ss138,stageB_best,head_ln,full,0.0001,0.0001,0.0,0.0,huber,1.0,0.4087569620069642,18.1624755859375,83.42820405960083,18.401817321777344,42,265,0.4469466060400009,2026,138,drop0,48,7,14,test,0,/Users/nyx.wang/workspace/bosch/code/runs_stageB_morph_phys7_paperA_best_by_test_fixedA/d1/best.pth
d1hunt,1200,d1,v19_d1_head_ln_lr1e-04_ep1200_ss139,stageB_best,head_ln,full,0.0001,0.0001,0.0,0.0,huber,1.0,0.14022853628072296,19.31549644470215,115.95309972763062,16.715538024902344,39,131,0.3929961323738098,2026,139,drop0,48,7,14,test,0,/Users/nyx.wang/workspace/bosch/code/runs_stageB_morph_phys7_paperA_best_by_test_fixedA/d1/best.pth
d1hunt,2000,d1,v19_d1_head_ln_lr1e-04_ep2000_ss139,stageB_best,head_ln,full,0.0001,0.0001,0.0,0.0,huber,1.0,0.14013617965289182,19.297054290771484,115.47093391418457,16.610488891601562,39,131,0.39263759553432465,2026,139,drop0,48,7,14,test,0,/Users/nyx.wang/workspace/bosch/code/runs_stageB_morph_phys7_paperA_best_by_test_fixedA/d1/best.pth
d1hunt,1200,d1,v19_d1_head_ln_lr1e-04_ep1200_ss140,stageB_best,head_ln,full,0.0001,0.0001,0.0,0.0,huber,1.0,0.49293420980687874,13.090194702148438,92.05191135406494,12.654434204101562,33,677,0.2651960849761963,2026,140,drop0,48,7,14,test,0,/Users/nyx.wang/workspace/bosch/code/runs_stageB_morph_phys7_paperA_best_by_test_fixedA/d1/best.pth
d1hunt,2000,d1,v19_d1_head_ln_lr1e-04_ep2000_ss140,stageB_best,head_ln,full,0.0001,0.0001,0.0,0.0,huber,1.0,0.49856962690239515,12.648093223571777,84.04152393341064,12.531612396240234,33,1400,0.24602438509464264,2026,140,drop0,48,7,14,test,0,/Users/nyx.wang/workspace/bosch/code/runs_stageB_morph_phys7_paperA_best_by_test_fixedA/d1/best.pth
d1hunt,1200,d1,v19_d1_head_ln_lr1e-04_ep1200_ss141,stageB_best,head_ln,full,0.0001,0.0001,0.0,0.0,huber,1.0,0.59260122852519,15.454630851745605,86.55136227607727,12.967292785644531,33,1034,0.09654742944985628,2026,141,drop0,48,7,14,test,0,/Users/nyx.wang/workspace/bosch/code/runs_stageB_morph_phys7_paperA_best_by_test_fixedA/d1/best.pth
d1hunt,2000,d1,v19_d1_head_ln_lr1e-04_ep2000_ss141,stageB_best,head_ln,full,0.0001,0.0001,0.0,0.0,huber,1.0,0.5963197098023543,15.195113182067871,78.87939810752869,12.018491744995117,33,2000,0.08959914557635784,2026,141,drop0,48,7,14,test,0,/Users/nyx.wang/workspace/bosch/code/runs_stageB_morph_phys7_paperA_best_by_test_fixedA/d1/best.pth
d1hunt,1200,d1,v19_d1_head_ln_lr1e-04_ep1200_ss142,stageB_best,head_ln,full,0.0001,0.0001,0.0,0.0,huber,1.0,0.6637419551951436,12.552533149719238,62.83907890319824,10.720026969909668,36,217,0.31293893977999687,2026,142,drop0,48,7,14,test,0,/Users/nyx.wang/workspace/bosch/code/runs_stageB_morph_phys7_paperA_best_by_test_fixedA/d1/best.pth
d1hunt,2000,d1,v19_d1_head_ln_lr1e-04_ep2000_ss142,stageB_best,head_ln,full,0.0001,0.0001,0.0,0.0,huber,1.0,0.6652060274277687,12.521687507629395,62.28371262550354,10.722713470458984,36,217,0.3124152608215809,2026,142,drop0,48,7,14,test,0,/Users/nyx.wang/workspace/bosch/code/runs_stageB_morph_phys7_paperA_best_by_test_fixedA/d1/best.pth
d1hunt,1200,d1,v19_d1_head_ln_lr1e-04_ep1200_ss143,stageB_best,head_ln,full,0.0001,0.0001,0.0,0.0,huber,1.0,0.39948838065266434,15.617719650268555,67.4347996711731,12.75288200378418,39,457,0.13553886860609055,2026,143,drop0,48,7,14,test,0,/Users/nyx.wang/workspace/bosch/code/runs_stageB_morph_phys7_paperA_best_by_test_fixedA/d1/best.pth
d1hunt,2000,d1,v19_d1_head_ln_lr1e-04_ep2000_ss143,stageB_best,head_ln,full,0.0001,0.0001,0.0,0.0,huber,1.0,0.3033096778667227,16.39862632751465,60.520464181900024,14.25168228149414,39,988,0.12305672466754913,2026,143,drop0,48,7,14,test,0,/Users/nyx.wang/workspace/bosch/code/runs_stageB_morph_phys7_paperA_best_by_test_fixedA/d1/best.pth
d1hunt,1200,d1,v19_d1_head_ln_lr1e-04_ep1200_ss144,stageB_best,head_ln,full,0.0001,0.0001,0.0,0.0,huber,1.0,-0.22991185366870437,17.107845306396484,65.96940755844116,11.886455535888672,39,242,0.2693195939064026,2026,144,drop0,48,7,14,test,0,/Users/nyx.wang/workspace/bosch/code/runs_stageB_morph_phys7_paperA_best_by_test_fixedA/d1/best.pth
d1hunt,2000,d1,v19_d1_head_ln_lr1e-04_ep2000_ss144,stageB_best,head_ln,full,0.0001,0.0001,0.0,0.0,huber,1.0,-0.23032713319335252,17.096839904785156,65.84005355834961,11.776466369628906,39,242,0.26916152238845825,2026,144,drop0,48,7,14,test,0,/Users/nyx.wang/workspace/bosch/code/runs_stageB_morph_phys7_paperA_best_by_test_fixedA/d1/best.pth
d1hunt,1200,d1,v19_d1_head_ln_lr1e-04_ep1200_ss145,stageB_best,head_ln,full,0.0001,0.0001,0.0,0.0,huber,1.0,0.6073954184437397,14.696154594421387,121.82759046554565,13.517898559570312,39,1041,0.18431121855974197,2026,145,drop0,48,7,14,test,0,/Users/nyx.wang/workspace/bosch/code/runs_stageB_morph_phys7_paperA_best_by_test_fixedA/d1/best.pth
d1hunt,2000,d1,v19_d1_head_ln_lr1e-04_ep2000_ss145,stageB_best,head_ln,full,0.0001,0.0001,0.0,0.0,huber,1.0,0.6096478061135826,14.50356388092041,121.7375636100769,13.999458312988281,39,545,0.17488841712474823,2026,145,drop0,48,7,14,test,0,/Users/nyx.wang/workspace/bosch/code/runs_stageB_morph_phys7_paperA_best_by_test_fixedA/d1/best.pth
d1hunt,1200,d1,v19_d1_head_ln_lr1e-04_ep1200_ss146,stageB_best,head_ln,full,0.0001,0.0001,0.0,0.0,huber,1.0,-0.06851916256848978,21.899126052856445,91.4115309715271,21.604114532470703,33,24,0.16461452096700668,2026,146,drop0,48,7,14,test,0,/Users/nyx.wang/workspace/bosch/code/runs_stageB_morph_phys7_paperA_best_by_test_fixedA/d1/best.pth
d1hunt,2000,d1,v19_d1_head_ln_lr1e-04_ep2000_ss146,stageB_best,head_ln,full,0.0001,0.0001,0.0,0.0,huber,1.0,-0.06847604393998807,21.898693084716797,91.4117693901062,21.602806091308594,33,24,0.16461192443966866,2026,146,drop0,48,7,14,test,0,/Users/nyx.wang/workspace/bosch/code/runs_stageB_morph_phys7_paperA_best_by_test_fixedA/d1/best.pth
d1hunt,1200,d1,v19_d1_head_ln_lr1e-04_ep1200_ss147,stageB_best,head_ln,full,0.0001,0.0001,0.0,0.0,huber,1.0,0.3340481709904578,13.266677856445312,57.093167304992676,10.086569786071777,36,1196,0.12666258588433266,2026,147,drop0,48,7,14,test,0,/Users/nyx.wang/workspace/bosch/code/runs_stageB_morph_phys7_paperA_best_by_test_fixedA/d1/best.pth
d1hunt,2000,d1,v19_d1_head_ln_lr1e-04_ep2000_ss147,stageB_best,head_ln,full,0.0001,0.0001,0.0,0.0,huber,1.0,0.33770049144416914,13.247544288635254,54.95011806488037,10.159061431884766,36,1989,0.10877281799912453,2026,147,drop0,48,7,14,test,0,/Users/nyx.wang/workspace/bosch/code/runs_stageB_morph_phys7_paperA_best_by_test_fixedA/d1/best.pth
d1hunt,1200,d1,v19_d1_head_ln_lr1e-04_ep1200_ss148,stageB_best,head_ln,full,0.0001,0.0001,0.0,0.0,huber,1.0,0.27650239323583126,17.59747886657715,77.2120714187622,14.3096342086792,33,135,0.2749543786048889,2026,148,drop0,48,7,14,test,0,/Users/nyx.wang/workspace/bosch/code/runs_stageB_morph_phys7_paperA_best_by_test_fixedA/d1/best.pth
d1hunt,2000,d1,v19_d1_head_ln_lr1e-04_ep2000_ss148,stageB_best,head_ln,full,0.0001,0.0001,0.0,0.0,huber,1.0,0.2537171121082413,17.89994239807129,78.23737263679504,15.27273178100586,33,127,0.274967223405838,2026,148,drop0,48,7,14,test,0,/Users/nyx.wang/workspace/bosch/code/runs_stageB_morph_phys7_paperA_best_by_test_fixedA/d1/best.pth
d1hunt,1200,d1,v19_d1_head_ln_lr1e-04_ep1200_ss149,stageB_best,head_ln,full,0.0001,0.0001,0.0,0.0,huber,1.0,0.10319269866870784,14.07221794128418,27.69937515258789,10.816568374633789,42,708,0.15263639390468597,2026,149,drop0,48,7,14,test,0,/Users/nyx.wang/workspace/bosch/code/runs_stageB_morph_phys7_paperA_best_by_test_fixedA/d1/best.pth
d1hunt,2000,d1,v19_d1_head_ln_lr1e-04_ep2000_ss149,stageB_best,head_ln,full,0.0001,0.0001,0.0,0.0,huber,1.0,0.09579319849588452,13.751259803771973,26.263427734375,10.457475662231445,42,1324,0.14818520843982697,2026,149,drop0,48,7,14,test,0,/Users/nyx.wang/workspace/bosch/code/runs_stageB_morph_phys7_paperA_best_by_test_fixedA/d1/best.pth
d1hunt,1200,d1,v19_d1_head_ln_lr1e-04_ep1200_ss150,stageB_best,head_ln,full,0.0001,0.0001,0.0,0.0,huber,1.0,0.5971379045528978,13.400958061218262,68.27266216278076,12.628392219543457,36,1194,0.1607624664902687,2026,150,drop0,48,7,14,test,0,/Users/nyx.wang/workspace/bosch/code/runs_stageB_morph_phys7_paperA_best_by_test_fixedA/d1/best.pth
d1hunt,2000,d1,v19_d1_head_ln_lr1e-04_ep2000_ss150,stageB_best,head_ln,full,0.0001,0.0001,0.0,0.0,huber,1.0,0.6421154248051746,12.670900344848633,62.03295588493347,10.6934814453125,36,1998,0.13814963400363922,2026,150,drop0,48,7,14,test,0,/Users/nyx.wang/workspace/bosch/code/runs_stageB_morph_phys7_paperA_best_by_test_fixedA/d1/best.pth
d1hunt,1200,d1,v19_d1_head_ln_lr1e-04_ep1200_ss151,stageB_best,head_ln,full,0.0001,0.0001,0.0,0.0,huber,1.0,0.2395051168256962,16.418312072753906,125.17966032028198,15.241615295410156,33,1193,0.27875813096761703,2026,151,drop0,48,7,14,test,0,/Users/nyx.wang/workspace/bosch/code/runs_stageB_morph_phys7_paperA_best_by_test_fixedA/d1/best.pth
d1hunt,2000,d1,v19_d1_head_ln_lr1e-04_ep2000_ss151,stageB_best,head_ln,full,0.0001,0.0001,0.0,0.0,huber,1.0,0.2701092056601856,16.044097900390625,115.35519361495972,14.950447082519531,33,1157,0.2718700021505356,2026,151,drop0,48,7,14,test,0,/Users/nyx.wang/workspace/bosch/code/runs_stageB_morph_phys7_paperA_best_by_test_fixedA/d1/best.pth
d1hunt,1200,d1,v19_d1_head_ln_lr1e-04_ep1200_ss152,stageB_best,head_ln,full,0.0001,0.0001,0.0,0.0,huber,1.0,0.575317788836018,12.323142051696777,56.23546242713928,10.366898536682129,30,340,0.13692773319780827,2026,152,drop0,48,7,14,test,0,/Users/nyx.wang/workspace/bosch/code/runs_stageB_morph_phys7_paperA_best_by_test_fixedA/d1/best.pth
d1hunt,2000,d1,v19_d1_head_ln_lr1e-04_ep2000_ss152,stageB_best,head_ln,full,0.0001,0.0001,0.0,0.0,huber,1.0,0.5806731981379427,12.239774703979492,55.93938231468201,10.324339866638184,30,340,0.13676335662603378,2026,152,drop0,48,7,14,test,0,/Users/nyx.wang/workspace/bosch/code/runs_stageB_morph_phys7_paperA_best_by_test_fixedA/d1/best.pth
d1hunt,1200,d1,v19_d1_head_ln_lr1e-04_ep1200_ss153,stageB_best,head_ln,full,0.0001,0.0001,0.0,0.0,huber,1.0,0.02211991660529089,17.17026138305664,62.32415437698364,10.20871353149414,33,1146,0.39745335280895233,2026,153,drop0,48,7,14,test,0,/Users/nyx.wang/workspace/bosch/code/runs_stageB_morph_phys7_paperA_best_by_test_fixedA/d1/best.pth
d1hunt,2000,d1,v19_d1_head_ln_lr1e-04_ep2000_ss153,stageB_best,head_ln,full,0.0001,0.0001,0.0,0.0,huber,1.0,0.03077279554861989,17.20168113708496,61.466968059539795,10.35082721710205,33,1380,0.3697224408388138,2026,153,drop0,48,7,14,test,0,/Users/nyx.wang/workspace/bosch/code/runs_stageB_morph_phys7_paperA_best_by_test_fixedA/d1/best.pth
d1hunt,1200,d1,v19_d1_head_ln_lr1e-04_ep1200_ss154,stageB_best,head_ln,full,0.0001,0.0001,0.0,0.0,huber,1.0,0.4162708834901875,14.622200012207031,192.48250722885132,15.237018585205078,39,977,0.050292832776904106,2026,154,drop0,48,7,14,test,0,/Users/nyx.wang/workspace/bosch/code/runs_stageB_morph_phys7_paperA_best_by_test_fixedA/d1/best.pth
d1hunt,2000,d1,v19_d1_head_ln_lr1e-04_ep2000_ss154,stageB_best,head_ln,full,0.0001,0.0001,0.0,0.0,huber,1.0,0.4245373113612948,14.252081871032715,179.60338592529297,13.327550888061523,39,1021,0.04032101761549711,2026,154,drop0,48,7,14,test,0,/Users/nyx.wang/workspace/bosch/code/runs_stageB_morph_phys7_paperA_best_by_test_fixedA/d1/best.pth
d1hunt,1200,d1,v19_d1_head_ln_lr1e-04_ep1200_ss155,stageB_best,head_ln,full,0.0001,0.0001,0.0,0.0,huber,1.0,0.0878027484650582,17.979429244995117,367.00422763824463,14.070855140686035,39,54,0.20248688384890556,2026,155,drop0,48,7,14,test,0,/Users/nyx.wang/workspace/bosch/code/runs_stageB_morph_phys7_paperA_best_by_test_fixedA/d1/best.pth
d1hunt,2000,d1,v19_d1_head_ln_lr1e-04_ep2000_ss155,stageB_best,head_ln,full,0.0001,0.0001,0.0,0.0,huber,1.0,0.08828353063374528,17.974546432495117,366.9318914413452,14.074023246765137,39,54,0.20242827013134956,2026,155,drop0,48,7,14,test,0,/Users/nyx.wang/workspace/bosch/code/runs_stageB_morph_phys7_paperA_best_by_test_fixedA/d1/best.pth
d1hunt,1200,d1,v19_d1_head_ln_lr1e-04_ep1200_ss156,stageB_best,head_ln,full,0.0001,0.0001,0.0,0.0,huber,1.0,0.541307972727461,9.951020240783691,82.87047743797302,6.048543930053711,30,457,0.06532354466617107,2026,156,drop0,48,7,14,test,0,/Users/nyx.wang/workspace/bosch/code/runs_stageB_morph_phys7_paperA_best_by_test_fixedA/d1/best.pth
d1hunt,2000,d1,v19_d1_head_ln_lr1e-04_ep2000_ss156,stageB_best,head_ln,full,0.0001,0.0001,0.0,0.0,huber,1.0,0.5416676989974569,9.822952270507812,80.00991344451904,5.6271820068359375,30,457,0.06406737677752972,2026,156,drop0,48,7,14,test,0,/Users/nyx.wang/workspace/bosch/code/runs_stageB_morph_phys7_paperA_best_by_test_fixedA/d1/best.pth
d1hunt,1200,d1,v19_d1_head_ln_lr1e-04_ep1200_ss157,stageB_best,head_ln,full,0.0001,0.0001,0.0,0.0,huber,1.0,0.4370752448302905,14.634868621826172,81.65944218635559,10.599432945251465,39,1200,0.10026607289910316,2026,157,drop0,48,7,14,test,0,/Users/nyx.wang/workspace/bosch/code/runs_stageB_morph_phys7_paperA_best_by_test_fixedA/d1/best.pth
d1hunt,2000,d1,v19_d1_head_ln_lr1e-04_ep2000_ss157,stageB_best,head_ln,full,0.0001,0.0001,0.0,0.0,huber,1.0,0.4617180137584098,14.06917953491211,75.40410161018372,10.49856948852539,39,2000,0.09188451990485191,2026,157,drop0,48,7,14,test,0,/Users/nyx.wang/workspace/bosch/code/runs_stageB_morph_phys7_paperA_best_by_test_fixedA/d1/best.pth
d1hunt,1200,d1,v19_d1_head_ln_lr1e-04_ep1200_ss158,stageB_best,head_ln,full,0.0001,0.0001,0.0,0.0,huber,1.0,0.5221275566708531,13.555280685424805,192.2016739845276,10.589771270751953,36,1200,0.15484822541475296,2026,158,drop0,48,7,14,test,0,/Users/nyx.wang/workspace/bosch/code/runs_stageB_morph_phys7_paperA_best_by_test_fixedA/d1/best.pth
d1hunt,2000,d1,v19_d1_head_ln_lr1e-04_ep2000_ss158,stageB_best,head_ln,full,0.0001,0.0001,0.0,0.0,huber,1.0,0.5214065236737662,13.611956596374512,185.88510751724243,11.1812744140625,36,1948,0.14940309152007103,2026,158,drop0,48,7,14,test,0,/Users/nyx.wang/workspace/bosch/code/runs_stageB_morph_phys7_paperA_best_by_test_fixedA/d1/best.pth
d1hunt,1200,d1,v19_d1_head_ln_lr1e-04_ep1200_ss159,stageB_best,head_ln,full,0.0001,0.0001,0.0,0.0,huber,1.0,0.3465621583136268,10.150252342224121,27.06756889820099,13.078363418579102,27,1113,0.06158781796693802,2026,159,drop0,48,7,14,test,0,/Users/nyx.wang/workspace/bosch/code/runs_stageB_morph_phys7_paperA_best_by_test_fixedA/d1/best.pth
d1hunt,2000,d1,v19_d1_head_ln_lr1e-04_ep2000_ss159,stageB_best,head_ln,full,0.0001,0.0001,0.0,0.0,huber,1.0,0.36441506412881397,10.106914520263672,26.740893721580505,11.853609085083008,27,1216,0.054135244339704514,2026,159,drop0,48,7,14,test,0,/Users/nyx.wang/workspace/bosch/code/runs_stageB_morph_phys7_paperA_best_by_test_fixedA/d1/best.pth
d1hunt,1200,d1,v19_d1_head_ln_lr1e-04_ep1200_ss160,stageB_best,head_ln,full,0.0001,0.0001,0.0,0.0,huber,1.0,0.6615384251707916,12.052544593811035,43.13774108886719,12.146394729614258,36,1147,0.19201156497001648,2026,160,drop0,48,7,14,test,0,/Users/nyx.wang/workspace/bosch/code/runs_stageB_morph_phys7_paperA_best_by_test_fixedA/d1/best.pth
d1hunt,2000,d1,v19_d1_head_ln_lr1e-04_ep2000_ss160,stageB_best,head_ln,full,0.0001,0.0001,0.0,0.0,huber,1.0,0.6627161624041278,12.138076782226562,44.07348334789276,13.12078857421875,36,1401,0.16743133403360844,2026,160,drop0,48,7,14,test,0,/Users/nyx.wang/workspace/bosch/code/runs_stageB_morph_phys7_paperA_best_by_test_fixedA/d1/best.pth
d1hunt,1200,d1,v19_d1_head_ln_lr1e-04_ep1200_ss161,stageB_best,head_ln,full,0.0001,0.0001,0.0,0.0,huber,1.0,0.5186973838205193,13.15896224975586,89.36131596565247,11.366290092468262,36,1170,0.4198228716850281,2026,161,drop0,48,7,14,test,0,/Users/nyx.wang/workspace/bosch/code/runs_stageB_morph_phys7_paperA_best_by_test_fixedA/d1/best.pth
d1hunt,2000,d1,v19_d1_head_ln_lr1e-04_ep2000_ss161,stageB_best,head_ln,full,0.0001,0.0001,0.0,0.0,huber,1.0,0.5551238442048076,12.60438346862793,80.34430146217346,11.178999900817871,36,1400,0.37191835790872574,2026,161,drop0,48,7,14,test,0,/Users/nyx.wang/workspace/bosch/code/runs_stageB_morph_phys7_paperA_best_by_test_fixedA/d1/best.pth
d1hunt,1200,d1,v19_d1_head_ln_lr1e-04_ep1200_ss162,stageB_best,head_ln,full,0.0001,0.0001,0.0,0.0,huber,1.0,-0.5728916990489104,18.841529846191406,36.13651990890503,13.569587707519531,36,553,0.17928296327590942,2026,162,drop0,48,7,14,test,0,/Users/nyx.wang/workspace/bosch/code/runs_stageB_morph_phys7_paperA_best_by_test_fixedA/d1/best.pth
d1hunt,2000,d1,v19_d1_head_ln_lr1e-04_ep2000_ss162,stageB_best,head_ln,full,0.0001,0.0001,0.0,0.0,huber,1.0,-0.49727991675443173,18.230525970458984,34.474530816078186,12.690340995788574,36,1146,0.15972021967172623,2026,162,drop0,48,7,14,test,0,/Users/nyx.wang/workspace/bosch/code/runs_stageB_morph_phys7_paperA_best_by_test_fixedA/d1/best.pth
d1hunt,1200,d1,v19_d1_head_ln_lr1e-04_ep1200_ss163,stageB_best,head_ln,full,0.0001,0.0001,0.0,0.0,huber,1.0,0.5034767303383878,13.39950180053711,127.67202854156494,12.331801414489746,36,958,0.34644678235054016,2026,163,drop0,48,7,14,test,0,/Users/nyx.wang/workspace/bosch/code/runs_stageB_morph_phys7_paperA_best_by_test_fixedA/d1/best.pth
d1hunt,2000,d1,v19_d1_head_ln_lr1e-04_ep2000_ss163,stageB_best,head_ln,full,0.0001,0.0001,0.0,0.0,huber,1.0,0.5202172611821292,13.269339561462402,125.5328893661499,12.529953956604004,36,956,0.3385806307196617,2026,163,drop0,48,7,14,test,0,/Users/nyx.wang/workspace/bosch/code/runs_stageB_morph_phys7_paperA_best_by_test_fixedA/d1/best.pth
d1hunt,1200,d1,v19_d1_head_ln_lr1e-04_ep1200_ss164,stageB_best,head_ln,full,0.0001,0.0001,0.0,0.0,huber,1.0,0.6681463861979321,11.759930610656738,69.18519735336304,11.6309814453125,36,1200,0.3105151057243347,2026,164,drop0,48,7,14,test,0,/Users/nyx.wang/workspace/bosch/code/runs_stageB_morph_phys7_paperA_best_by_test_fixedA/d1/best.pth
d1hunt,2000,d1,v19_d1_head_ln_lr1e-04_ep2000_ss164,stageB_best,head_ln,full,0.0001,0.0001,0.0,0.0,huber,1.0,0.7009729035254648,11.106781005859375,67.39563941955566,12.004201889038086,36,1201,0.2971149794757366,2026,164,drop0,48,7,14,test,0,/Users/nyx.wang/workspace/bosch/code/runs_stageB_morph_phys7_paperA_best_by_test_fixedA/d1/best.pth
d1hunt,1200,d1,v19_d1_head_ln_lr1e-04_ep1200_ss165,stageB_best,head_ln,full,0.0001,0.0001,0.0,0.0,huber,1.0,0.1848186012653309,18.56246566772461,54.043006896972656,17.949337005615234,42,326,0.13408135250210762,2026,165,drop0,48,7,14,test,0,/Users/nyx.wang/workspace/bosch/code/runs_stageB_morph_phys7_paperA_best_by_test_fixedA/d1/best.pth
d1hunt,2000,d1,v19_d1_head_ln_lr1e-04_ep2000_ss165,stageB_best,head_ln,full,0.0001,0.0001,0.0,0.0,huber,1.0,0.19248264000645532,18.481672286987305,53.98290157318115,17.90890884399414,42,326,0.13403920456767082,2026,165,drop0,48,7,14,test,0,/Users/nyx.wang/workspace/bosch/code/runs_stageB_morph_phys7_paperA_best_by_test_fixedA/d1/best.pth
d1hunt,1200,d1,v19_d1_head_ln_lr1e-04_ep1200_ss166,stageB_best,head_ln,full,0.0001,0.0001,0.0,0.0,huber,1.0,1.4983424439285464e-05,15.954813957214355,51.012980937957764,12.80141830444336,30,971,0.21632535755634308,2026,166,drop0,48,7,14,test,0,/Users/nyx.wang/workspace/bosch/code/runs_stageB_morph_phys7_paperA_best_by_test_fixedA/d1/best.pth
d1hunt,2000,d1,v19_d1_head_ln_lr1e-04_ep2000_ss166,stageB_best,head_ln,full,0.0001,0.0001,0.0,0.0,huber,1.0,-0.007985221388354669,16.16397476196289,49.72132444381714,12.49107551574707,30,1537,0.19512537494301796,2026,166,drop0,48,7,14,test,0,/Users/nyx.wang/workspace/bosch/code/runs_stageB_morph_phys7_paperA_best_by_test_fixedA/d1/best.pth
d1hunt,1200,d1,v19_d1_head_ln_lr1e-04_ep1200_ss167,stageB_best,head_ln,full,0.0001,0.0001,0.0,0.0,huber,1.0,0.17837110352121743,17.214452743530273,54.42156195640564,14.642786026000977,33,880,0.15192103385925293,2026,167,drop0,48,7,14,test,0,/Users/nyx.wang/workspace/bosch/code/runs_stageB_morph_phys7_paperA_best_by_test_fixedA/d1/best.pth
d1hunt,2000,d1,v19_d1_head_ln_lr1e-04_ep2000_ss167,stageB_best,head_ln,full,0.0001,0.0001,0.0,0.0,huber,1.0,0.13825004682572084,17.466711044311523,51.85878872871399,14.056709289550781,33,1265,0.12774227187037468,2026,167,drop0,48,7,14,test,0,/Users/nyx.wang/workspace/bosch/code/runs_stageB_morph_phys7_paperA_best_by_test_fixedA/d1/best.pth
d1hunt,1200,d1,v19_d1_head_ln_lr1e-04_ep1200_ss168,stageB_best,head_ln,full,0.0001,0.0001,0.0,0.0,huber,1.0,0.5048245945290768,11.70317554473877,45.567867159843445,10.219375610351562,36,817,0.10907239094376564,2026,168,drop0,48,7,14,test,0,/Users/nyx.wang/workspace/bosch/code/runs_stageB_morph_phys7_paperA_best_by_test_fixedA/d1/best.pth
d1hunt,2000,d1,v19_d1_head_ln_lr1e-04_ep2000_ss168,stageB_best,head_ln,full,0.0001,0.0001,0.0,0.0,huber,1.0,0.504009282475602,11.638532638549805,43.73732805252075,10.527118682861328,36,817,0.10257182642817497,2026,168,drop0,48,7,14,test,0,/Users/nyx.wang/workspace/bosch/code/runs_stageB_morph_phys7_paperA_best_by_test_fixedA/d1/best.pth
d1hunt,1200,d1,v19_d1_head_ln_lr1e-04_ep1200_ss169,stageB_best,head_ln,full,0.0001,0.0001,0.0,0.0,huber,1.0,0.062347902839761105,13.434061050415039,40.36132097244263,9.15473747253418,36,951,0.2494262531399727,2026,169,drop0,48,7,14,test,0,/Users/nyx.wang/workspace/bosch/code/runs_stageB_morph_phys7_paperA_best_by_test_fixedA/d1/best.pth
d1hunt,2000,d1,v19_d1_head_ln_lr1e-04_ep2000_ss169,stageB_best,head_ln,full,0.0001,0.0001,0.0,0.0,huber,1.0,0.11687452966689904,13.33195972442627,39.523983001708984,9.969806671142578,36,1510,0.2288459688425064,2026,169,drop0,48,7,14,test,0,/Users/nyx.wang/workspace/bosch/code/runs_stageB_morph_phys7_paperA_best_by_test_fixedA/d1/best.pth
d1hunt,1200,d1,v19_d1_head_ln_lr1e-04_ep1200_ss170,stageB_best,head_ln,full,0.0001,0.0001,0.0,0.0,huber,1.0,0.5809427650808099,13.082667350769043,232.53369331359863,11.958179473876953,36,340,0.3375801295042038,2026,170,drop0,48,7,14,test,0,/Users/nyx.wang/workspace/bosch/code/runs_stageB_morph_phys7_paperA_best_by_test_fixedA/d1/best.pth
d1hunt,2000,d1,v19_d1_head_ln_lr1e-04_ep2000_ss170,stageB_best,head_ln,full,0.0001,0.0001,0.0,0.0,huber,1.0,0.6647194055936965,11.032901763916016,174.63048696517944,10.386663436889648,36,1501,0.3254884332418442,2026,170,drop0,48,7,14,test,0,/Users/nyx.wang/workspace/bosch/code/runs_stageB_morph_phys7_paperA_best_by_test_fixedA/d1/best.pth
d1hunt,1200,d1,v19_d1_head_ln_lr1e-04_ep1200_ss171,stageB_best,head_ln,full,0.0001,0.0001,0.0,0.0,huber,1.0,-0.06495232295463116,15.393506050109863,75.23031234741211,11.339908599853516,33,620,0.1605403870344162,2026,171,drop0,48,7,14,test,0,/Users/nyx.wang/workspace/bosch/code/runs_stageB_morph_phys7_paperA_best_by_test_fixedA/d1/best.pth
d1hunt,2000,d1,v19_d1_head_ln_lr1e-04_ep2000_ss171,stageB_best,head_ln,full,0.0001,0.0001,0.0,0.0,huber,1.0,-0.05967942885355115,15.52390193939209,75.47138333320618,11.790382385253906,33,618,0.15303758345544338,2026,171,drop0,48,7,14,test,0,/Users/nyx.wang/workspace/bosch/code/runs_stageB_morph_phys7_paperA_best_by_test_fixedA/d1/best.pth
d1hunt,1200,d1,v19_d1_head_ln_lr1e-04_ep1200_ss172,stageB_best,head_ln,full,0.0001,0.0001,0.0,0.0,huber,1.0,0.6254520709077788,12.40295124053955,88.8226568698883,9.151697158813477,33,810,0.19208970293402672,2026,172,drop0,48,7,14,test,0,/Users/nyx.wang/workspace/bosch/code/runs_stageB_morph_phys7_paperA_best_by_test_fixedA/d1/best.pth
d1hunt,2000,d1,v19_d1_head_ln_lr1e-04_ep2000_ss172,stageB_best,head_ln,full,0.0001,0.0001,0.0,0.0,huber,1.0,0.6491177718094983,11.986471176147461,74.61428642272949,8.932384490966797,33,1210,0.18506862968206406,2026,172,drop0,48,7,14,test,0,/Users/nyx.wang/workspace/bosch/code/runs_stageB_morph_phys7_paperA_best_by_test_fixedA/d1/best.pth
d1hunt,1200,d1,v19_d1_head_ln_lr1e-04_ep1200_ss173,stageB_best,head_ln,full,0.0001,0.0001,0.0,0.0,huber,1.0,0.47399683890016875,17.626903533935547,94.77667212486267,16.28432846069336,39,305,0.07705976814031601,2026,173,drop0,48,7,14,test,0,/Users/nyx.wang/workspace/bosch/code/runs_stageB_morph_phys7_paperA_best_by_test_fixedA/d1/best.pth
d1hunt,2000,d1,v19_d1_head_ln_lr1e-04_ep2000_ss173,stageB_best,head_ln,full,0.0001,0.0001,0.0,0.0,huber,1.0,0.4711792462317227,17.62442970275879,93.1141197681427,16.465129852294922,39,305,0.07591528072953224,2026,173,drop0,48,7,14,test,0,/Users/nyx.wang/workspace/bosch/code/runs_stageB_morph_phys7_paperA_best_by_test_fixedA/d1/best.pth
d1hunt,1200,d1,v19_d1_head_ln_lr1e-04_ep1200_ss174,stageB_best,head_ln,full,0.0001,0.0001,0.0,0.0,huber,1.0,0.16200332289183528,17.387235641479492,100.61430931091309,13.53021240234375,42,813,0.24673549085855484,2026,174,drop0,48,7,14,test,0,/Users/nyx.wang/workspace/bosch/code/runs_stageB_morph_phys7_paperA_best_by_test_fixedA/d1/best.pth
d1hunt,2000,d1,v19_d1_head_ln_lr1e-04_ep2000_ss174,stageB_best,head_ln,full,0.0001,0.0001,0.0,0.0,huber,1.0,0.22289728586720248,16.531349182128906,92.39564538002014,11.868576049804688,42,1262,0.21167505532503128,2026,174,drop0,48,7,14,test,0,/Users/nyx.wang/workspace/bosch/code/runs_stageB_morph_phys7_paperA_best_by_test_fixedA/d1/best.pth
d1hunt,1200,d1,v19_d1_head_ln_lr1e-04_ep1200_ss175,stageB_best,head_ln,full,0.0001,0.0001,0.0,0.0,huber,1.0,0.5660987189403304,11.439908981323242,52.56958603858948,9.096311569213867,39,1195,0.43916410207748413,2026,175,drop0,48,7,14,test,0,/Users/nyx.wang/workspace/bosch/code/runs_stageB_morph_phys7_paperA_best_by_test_fixedA/d1/best.pth
d1hunt,2000,d1,v19_d1_head_ln_lr1e-04_ep2000_ss175,stageB_best,head_ln,full,0.0001,0.0001,0.0,0.0,huber,1.0,0.5799702289718249,11.31383991241455,50.40385723114014,10.719049453735352,39,1807,0.3984712138772011,2026,175,drop0,48,7,14,test,0,/Users/nyx.wang/workspace/bosch/code/runs_stageB_morph_phys7_paperA_best_by_test_fixedA/d1/best.pth
d1hunt,1200,d1,v19_d1_head_ln_lr1e-04_ep1200_ss176,stageB_best,head_ln,full,0.0001,0.0001,0.0,0.0,huber,1.0,0.253183106298297,14.5211763381958,51.98069214820862,13.307470321655273,30,202,0.2635935954749584,2026,176,drop0,48,7,14,test,0,/Users/nyx.wang/workspace/bosch/code/runs_stageB_morph_phys7_paperA_best_by_test_fixedA/d1/best.pth
d1hunt,2000,d1,v19_d1_head_ln_lr1e-04_ep2000_ss176,stageB_best,head_ln,full,0.0001,0.0001,0.0,0.0,huber,1.0,0.2509696442620579,14.534448623657227,51.596832275390625,13.344802856445312,30,202,0.2635582163929939,2026,176,drop0,48,7,14,test,0,/Users/nyx.wang/workspace/bosch/code/runs_stageB_morph_phys7_paperA_best_by_test_fixedA/d1/best.pth
d1hunt,1200,d1,v19_d1_head_ln_lr1e-04_ep1200_ss177,stageB_best,head_ln,full,0.0001,0.0001,0.0,0.0,huber,1.0,0.773557739997101,11.505416870117188,82.29333162307739,10.558303833007812,33,647,0.4642644450068474,2026,177,drop0,48,7,14,test,0,/Users/nyx.wang/workspace/bosch/code/runs_stageB_morph_phys7_paperA_best_by_test_fixedA/d1/best.pth
d1hunt,2000,d1,v19_d1_head_ln_lr1e-04_ep2000_ss177,stageB_best,head_ln,full,0.0001,0.0001,0.0,0.0,huber,1.0,0.778900027680988,11.150001525878906,75.52425265312195,10.51932144165039,33,1185,0.4384145960211754,2026,177,drop0,48,7,14,test,0,/Users/nyx.wang/workspace/bosch/code/runs_stageB_morph_phys7_paperA_best_by_test_fixedA/d1/best.pth
d1hunt,1200,d1,v19_d1_head_ln_lr1e-04_ep1200_ss178,stageB_best,head_ln,full,0.0001,0.0001,0.0,0.0,huber,1.0,0.22674078174518153,16.575298309326172,108.24061632156372,13.325855255126953,42,1001,0.09167785383760929,2026,178,drop0,48,7,14,test,0,/Users/nyx.wang/workspace/bosch/code/runs_stageB_morph_phys7_paperA_best_by_test_fixedA/d1/best.pth
d1hunt,2000,d1,v19_d1_head_ln_lr1e-04_ep2000_ss178,stageB_best,head_ln,full,0.0001,0.0001,0.0,0.0,huber,1.0,0.28229423057330605,16.092220306396484,110.27631759643555,12.38443374633789,42,1583,0.08907031267881393,2026,178,drop0,48,7,14,test,0,/Users/nyx.wang/workspace/bosch/code/runs_stageB_morph_phys7_paperA_best_by_test_fixedA/d1/best.pth
d1hunt,1200,d1,v19_d1_head_ln_lr1e-04_ep1200_ss179,stageB_best,head_ln,full,0.0001,0.0001,0.0,0.0,huber,1.0,-0.113308911964205,20.884679794311523,161.49823665618896,20.83311653137207,36,36,0.3395165055990219,2026,179,drop0,48,7,14,test,0,/Users/nyx.wang/workspace/bosch/code/runs_stageB_morph_phys7_paperA_best_by_test_fixedA/d1/best.pth
d1hunt,2000,d1,v19_d1_head_ln_lr1e-04_ep2000_ss179,stageB_best,head_ln,full,0.0001,0.0001,0.0,0.0,huber,1.0,-0.11305931195083718,20.882123947143555,161.48358583450317,20.830341339111328,36,36,0.33948664367198944,2026,179,drop0,48,7,14,test,0,/Users/nyx.wang/workspace/bosch/code/runs_stageB_morph_phys7_paperA_best_by_test_fixedA/d1/best.pth
d1hunt,1200,d1,v19_d1_head_ln_lr1e-04_ep1200_ss180,stageB_best,head_ln,full,0.0001,0.0001,0.0,0.0,huber,1.0,0.663911677571853,12.789222717285156,69.54978704452515,12.037740707397461,39,1021,0.4206971228122711,2026,180,drop0,48,7,14,test,0,/Users/nyx.wang/workspace/bosch/code/runs_stageB_morph_phys7_paperA_best_by_test_fixedA/d1/best.pth
d1hunt,2000,d1,v19_d1_head_ln_lr1e-04_ep2000_ss180,stageB_best,head_ln,full,0.0001,0.0001,0.0,0.0,huber,1.0,0.6806732174297995,12.520785331726074,66.75854325294495,13.055152893066406,39,1537,0.3738548494875431,2026,180,drop0,48,7,14,test,0,/Users/nyx.wang/workspace/bosch/code/runs_stageB_morph_phys7_paperA_best_by_test_fixedA/d1/best.pth
d1hunt,1200,d1,v19_d1_head_ln_lr1e-04_ep1200_ss181,stageB_best,head_ln,full,0.0001,0.0001,0.0,0.0,huber,1.0,0.5342650995768119,12.823405265808105,222.04747200012207,10.39996337890625,33,665,0.27533745393157005,2026,181,drop0,48,7,14,test,0,/Users/nyx.wang/workspace/bosch/code/runs_stageB_morph_phys7_paperA_best_by_test_fixedA/d1/best.pth
d1hunt,2000,d1,v19_d1_head_ln_lr1e-04_ep2000_ss181,stageB_best,head_ln,full,0.0001,0.0001,0.0,0.0,huber,1.0,0.5528950439116203,12.824161529541016,222.56698608398438,10.846012115478516,33,898,0.25691821798682213,2026,181,drop0,48,7,14,test,0,/Users/nyx.wang/workspace/bosch/code/runs_stageB_morph_phys7_paperA_best_by_test_fixedA/d1/best.pth
d1hunt,1200,d1,v19_d1_head_ln_lr1e-04_ep1200_ss182,stageB_best,head_ln,full,0.0001,0.0001,0.0,0.0,huber,1.0,0.5951232106417472,15.927388191223145,70.94678282737732,12.520472526550293,36,939,0.30614669620990753,2026,182,drop0,48,7,14,test,0,/Users/nyx.wang/workspace/bosch/code/runs_stageB_morph_phys7_paperA_best_by_test_fixedA/d1/best.pth
d1hunt,2000,d1,v19_d1_head_ln_lr1e-04_ep2000_ss182,stageB_best,head_ln,full,0.0001,0.0001,0.0,0.0,huber,1.0,0.6126210693503189,15.352766036987305,66.32528305053711,11.765839576721191,36,1446,0.28020085394382477,2026,182,drop0,48,7,14,test,0,/Users/nyx.wang/workspace/bosch/code/runs_stageB_morph_phys7_paperA_best_by_test_fixedA/d1/best.pth
d1hunt,1200,d1,v19_d1_head_ln_lr1e-04_ep1200_ss183,stageB_best,head_ln,full,0.0001,0.0001,0.0,0.0,huber,1.0,0.5577237269571651,14.785953521728516,311.5910530090332,13.725433349609375,36,241,0.14021940529346466,2026,183,drop0,48,7,14,test,0,/Users/nyx.wang/workspace/bosch/code/runs_stageB_morph_phys7_paperA_best_by_test_fixedA/d1/best.pth
d1hunt,2000,d1,v19_d1_head_ln_lr1e-04_ep2000_ss183,stageB_best,head_ln,full,0.0001,0.0001,0.0,0.0,huber,1.0,0.5104019465065317,15.612567901611328,325.5658149719238,14.992677688598633,36,193,0.13986795023083687,2026,183,drop0,48,7,14,test,0,/Users/nyx.wang/workspace/bosch/code/runs_stageB_morph_phys7_paperA_best_by_test_fixedA/d1/best.pth
d1hunt,1200,d1,v19_d1_head_ln_lr1e-04_ep1200_ss184,stageB_best,head_ln,full,0.0001,0.0001,0.0,0.0,huber,1.0,0.22564261658597584,17.041309356689453,143.1995391845703,14.527362823486328,33,1193,0.18512936308979988,2026,184,drop0,48,7,14,test,0,/Users/nyx.wang/workspace/bosch/code/runs_stageB_morph_phys7_paperA_best_by_test_fixedA/d1/best.pth
d1hunt,2000,d1,v19_d1_head_ln_lr1e-04_ep2000_ss184,stageB_best,head_ln,full,0.0001,0.0001,0.0,0.0,huber,1.0,0.25128748529464273,16.959169387817383,142.01313257217407,12.837200164794922,33,1999,0.17331980541348457,2026,184,drop0,48,7,14,test,0,/Users/nyx.wang/workspace/bosch/code/runs_stageB_morph_phys7_paperA_best_by_test_fixedA/d1/best.pth
d1hunt,1200,d1,v19_d1_head_ln_lr1e-04_ep1200_ss185,stageB_best,head_ln,full,0.0001,0.0001,0.0,0.0,huber,1.0,0.582407809672078,13.879474639892578,59.927529096603394,11.349186897277832,36,592,0.18925677984952927,2026,185,drop0,48,7,14,test,0,/Users/nyx.wang/workspace/bosch/code/runs_stageB_morph_phys7_paperA_best_by_test_fixedA/d1/best.pth
d1hunt,2000,d1,v19_d1_head_ln_lr1e-04_ep2000_ss185,stageB_best,head_ln,full,0.0001,0.0001,0.0,0.0,huber,1.0,0.5707396267587552,14.278972625732422,60.46949028968811,12.404440879821777,36,1002,0.18125459551811218,2026,185,drop0,48,7,14,test,0,/Users/nyx.wang/workspace/bosch/code/runs_stageB_morph_phys7_paperA_best_by_test_fixedA/d1/best.pth
d1hunt,1200,d1,v19_d1_head_ln_lr1e-04_ep1200_ss186,stageB_best,head_ln,full,0.0001,0.0001,0.0,0.0,huber,1.0,0.5391358668919968,14.559260368347168,67.55088567733765,12.775483131408691,36,566,0.10023997724056244,2026,186,drop0,48,7,14,test,0,/Users/nyx.wang/workspace/bosch/code/runs_stageB_morph_phys7_paperA_best_by_test_fixedA/d1/best.pth
d1hunt,2000,d1,v19_d1_head_ln_lr1e-04_ep2000_ss186,stageB_best,head_ln,full,0.0001,0.0001,0.0,0.0,huber,1.0,0.5432707206156796,14.297520637512207,64.10396099090576,11.470682144165039,36,566,0.09040835313498974,2026,186,drop0,48,7,14,test,0,/Users/nyx.wang/workspace/bosch/code/runs_stageB_morph_phys7_paperA_best_by_test_fixedA/d1/best.pth
d1hunt,1200,d1,v19_d1_head_ln_lr1e-04_ep1200_ss187,stageB_best,head_ln,full,0.0001,0.0001,0.0,0.0,huber,1.0,-0.16731304717650408,18.728776931762695,62.13868260383606,13.485940933227539,30,677,0.16171907633543015,2026,187,drop0,48,7,14,test,0,/Users/nyx.wang/workspace/bosch/code/runs_stageB_morph_phys7_paperA_best_by_test_fixedA/d1/best.pth
d1hunt,2000,d1,v19_d1_head_ln_lr1e-04_ep2000_ss187,stageB_best,head_ln,full,0.0001,0.0001,0.0,0.0,huber,1.0,-0.17147859387694075,18.551883697509766,60.42119860649109,13.230363845825195,30,677,0.1558522954583168,2026,187,drop0,48,7,14,test,0,/Users/nyx.wang/workspace/bosch/code/runs_stageB_morph_phys7_paperA_best_by_test_fixedA/d1/best.pth
d1hunt,1200,d1,v19_d1_head_ln_lr1e-04_ep1200_ss188,stageB_best,head_ln,full,0.0001,0.0001,0.0,0.0,huber,1.0,0.5045990784222165,12.603120803833008,64.80915546417236,10.965538024902344,33,789,0.23109760880470276,2026,188,drop0,48,7,14,test,0,/Users/nyx.wang/workspace/bosch/code/runs_stageB_morph_phys7_paperA_best_by_test_fixedA/d1/best.pth
d1hunt,2000,d1,v19_d1_head_ln_lr1e-04_ep2000_ss188,stageB_best,head_ln,full,0.0001,0.0001,0.0,0.0,huber,1.0,0.5201022632763322,12.180638313293457,58.89493227005005,11.000568389892578,33,1001,0.2116769775748253,2026,188,drop0,48,7,14,test,0,/Users/nyx.wang/workspace/bosch/code/runs_stageB_morph_phys7_paperA_best_by_test_fixedA/d1/best.pth
d1hunt,1200,d1,v19_d1_head_ln_lr1e-04_ep1200_ss189,stageB_best,head_ln,full,0.0001,0.0001,0.0,0.0,huber,1.0,0.6126289176904126,10.294939041137695,33.10287892818451,10.141616821289062,39,956,0.23573027923703194,2026,189,drop0,48,7,14,test,0,/Users/nyx.wang/workspace/bosch/code/runs_stageB_morph_phys7_paperA_best_by_test_fixedA/d1/best.pth
d1hunt,2000,d1,v19_d1_head_ln_lr1e-04_ep2000_ss189,stageB_best,head_ln,full,0.0001,0.0001,0.0,0.0,huber,1.0,0.6095068242604984,10.45057201385498,34.06277298927307,9.620769500732422,39,956,0.23266451433300972,2026,189,drop0,48,7,14,test,0,/Users/nyx.wang/workspace/bosch/code/runs_stageB_morph_phys7_paperA_best_by_test_fixedA/d1/best.pth
d1hunt,1200,d1,v19_d1_head_ln_lr1e-04_ep1200_ss190,stageB_best,head_ln,full,0.0001,0.0001,0.0,0.0,huber,1.0,0.15807703662694994,18.736799240112305,79.41603660583496,15.809810638427734,33,732,0.15026091039180756,2026,190,drop0,48,7,14,test,0,/Users/nyx.wang/workspace/bosch/code/runs_stageB_morph_phys7_paperA_best_by_test_fixedA/d1/best.pth
d1hunt,2000,d1,v19_d1_head_ln_lr1e-04_ep2000_ss190,stageB_best,head_ln,full,0.0001,0.0001,0.0,0.0,huber,1.0,0.1772920963274912,18.602628707885742,77.53554582595825,16.27667236328125,33,732,0.1495532374829054,2026,190,drop0,48,7,14,test,0,/Users/nyx.wang/workspace/bosch/code/runs_stageB_morph_phys7_paperA_best_by_test_fixedA/d1/best.pth
d1hunt,1200,d1,v19_d1_head_ln_lr1e-04_ep1200_ss191,stageB_best,head_ln,full,0.0001,0.0001,0.0,0.0,huber,1.0,0.2519663186946578,14.98724365234375,85.44841408729553,11.914388656616211,39,780,0.1568021960556507,2026,191,drop0,48,7,14,test,0,/Users/nyx.wang/workspace/bosch/code/runs_stageB_morph_phys7_paperA_best_by_test_fixedA/d1/best.pth
d1hunt,2000,d1,v19_d1_head_ln_lr1e-04_ep2000_ss191,stageB_best,head_ln,full,0.0001,0.0001,0.0,0.0,huber,1.0,0.2681974879572723,14.819299697875977,80.71396946907043,11.391870498657227,39,1543,0.14014872163534164,2026,191,drop0,48,7,14,test,0,/Users/nyx.wang/workspace/bosch/code/runs_stageB_morph_phys7_paperA_best_by_test_fixedA/d1/best.pth
d1hunt,1200,d1,v19_d1_head_ln_lr1e-04_ep1200_ss192,stageB_best,head_ln,full,0.0001,0.0001,0.0,0.0,huber,1.0,0.3174744198225391,14.292271614074707,55.918294191360474,10.13598918914795,36,1098,0.24675645679235458,2026,192,drop0,48,7,14,test,0,/Users/nyx.wang/workspace/bosch/code/runs_stageB_morph_phys7_paperA_best_by_test_fixedA/d1/best.pth
d1hunt,2000,d1,v19_d1_head_ln_lr1e-04_ep2000_ss192,stageB_best,head_ln,full,0.0001,0.0001,0.0,0.0,huber,1.0,0.36429012045715403,13.987229347229004,53.13570499420166,9.850093841552734,36,1675,0.21898803114891052,2026,192,drop0,48,7,14,test,0,/Users/nyx.wang/workspace/bosch/code/runs_stageB_morph_phys7_paperA_best_by_test_fixedA/d1/best.pth
d1hunt,1200,d1,v19_d1_head_ln_lr1e-04_ep1200_ss193,stageB_best,head_ln,full,0.0001,0.0001,0.0,0.0,huber,1.0,0.4585252453850277,15.997282028198242,83.01966786384583,16.33965301513672,36,1093,0.16030268743634224,2026,193,drop0,48,7,14,test,0,/Users/nyx.wang/workspace/bosch/code/runs_stageB_morph_phys7_paperA_best_by_test_fixedA/d1/best.pth
d1hunt,2000,d1,v19_d1_head_ln_lr1e-04_ep2000_ss193,stageB_best,head_ln,full,0.0001,0.0001,0.0,0.0,huber,1.0,0.494060260915403,15.378522872924805,78.73156070709229,14.785433769226074,36,1498,0.1498517133295536,2026,193,drop0,48,7,14,test,0,/Users/nyx.wang/workspace/bosch/code/runs_stageB_morph_phys7_paperA_best_by_test_fixedA/d1/best.pth
d1hunt,1200,d1,v19_d1_head_ln_lr1e-04_ep1200_ss194,stageB_best,head_ln,full,0.0001,0.0001,0.0,0.0,huber,1.0,0.30393125071204175,13.63061237335205,43.05660128593445,11.596503257751465,42,797,0.09866294171661139,2026,194,drop0,48,7,14,test,0,/Users/nyx.wang/workspace/bosch/code/runs_stageB_morph_phys7_paperA_best_by_test_fixedA/d1/best.pth
d1hunt,2000,d1,v19_d1_head_ln_lr1e-04_ep2000_ss194,stageB_best,head_ln,full,0.0001,0.0001,0.0,0.0,huber,1.0,0.2766904976306892,13.664247512817383,41.7825847864151,11.66342544555664,42,1400,0.08120803534984589,2026,194,drop0,48,7,14,test,0,/Users/nyx.wang/workspace/bosch/code/runs_stageB_morph_phys7_paperA_best_by_test_fixedA/d1/best.pth
d1hunt,1200,d1,v19_d1_head_ln_lr1e-04_ep1200_ss195,stageB_best,head_ln,full,0.0001,0.0001,0.0,0.0,huber,1.0,-0.4923822317294366,23.909454345703125,277.17156410217285,20.83476448059082,33,1,0.27073267474770546,2026,195,drop0,48,7,14,test,0,/Users/nyx.wang/workspace/bosch/code/runs_stageB_morph_phys7_paperA_best_by_test_fixedA/d1/best.pth
d1hunt,2000,d1,v19_d1_head_ln_lr1e-04_ep2000_ss195,stageB_best,head_ln,full,0.0001,0.0001,0.0,0.0,huber,1.0,-0.4923822317294366,23.909454345703125,277.17156410217285,20.83476448059082,33,1,0.27073267474770546,2026,195,drop0,48,7,14,test,0,/Users/nyx.wang/workspace/bosch/code/runs_stageB_morph_phys7_paperA_best_by_test_fixedA/d1/best.pth
d1hunt,1200,d1,v19_d1_head_ln_lr1e-04_ep1200_ss196,stageB_best,head_ln,full,0.0001,0.0001,0.0,0.0,huber,1.0,0.16976597983208042,23.247907638549805,355.84254264831543,21.123472213745117,30,86,0.33949477411806583,2026,196,drop0,48,7,14,test,0,/Users/nyx.wang/workspace/bosch/code/runs_stageB_morph_phys7_paperA_best_by_test_fixedA/d1/best.pth
d1hunt,2000,d1,v19_d1_head_ln_lr1e-04_ep2000_ss196,stageB_best,head_ln,full,0.0001,0.0001,0.0,0.0,huber,1.0,0.17005107071510128,23.24184799194336,355.65946102142334,21.113977432250977,30,86,0.3393943216651678,2026,196,drop0,48,7,14,test,0,/Users/nyx.wang/workspace/bosch/code/runs_stageB_morph_phys7_paperA_best_by_test_fixedA/d1/best.pth
d1hunt,1200,d1,v19_d1_head_ln_lr1e-04_ep1200_ss197,stageB_best,head_ln,full,0.0001,0.0001,0.0,0.0,huber,1.0,0.24458637386752058,17.61147689819336,77.46171951293945,14.075986862182617,33,881,0.2424321360886097,2026,197,drop0,48,7,14,test,0,/Users/nyx.wang/workspace/bosch/code/runs_stageB_morph_phys7_paperA_best_by_test_fixedA/d1/best.pth
d1hunt,2000,d1,v19_d1_head_ln_lr1e-04_ep2000_ss197,stageB_best,head_ln,full,0.0001,0.0001,0.0,0.0,huber,1.0,0.2758088075393773,17.361900329589844,76.4354944229126,14.708759307861328,33,965,0.2346622534096241,2026,197,drop0,48,7,14,test,0,/Users/nyx.wang/workspace/bosch/code/runs_stageB_morph_phys7_paperA_best_by_test_fixedA/d1/best.pth
d1hunt,1200,d1,v19_d1_head_ln_lr1e-04_ep1200_ss198,stageB_best,head_ln,full,0.0001,0.0001,0.0,0.0,huber,1.0,0.5076532475435837,10.723910331726074,56.09860420227051,8.465715408325195,36,882,0.18784403800964355,2026,198,drop0,48,7,14,test,0,/Users/nyx.wang/workspace/bosch/code/runs_stageB_morph_phys7_paperA_best_by_test_fixedA/d1/best.pth
d1hunt,2000,d1,v19_d1_head_ln_lr1e-04_ep2000_ss198,stageB_best,head_ln,full,0.0001,0.0001,0.0,0.0,huber,1.0,0.5017599200100833,10.91883659362793,56.66559338569641,8.651129722595215,36,742,0.18488308787345886,2026,198,drop0,48,7,14,test,0,/Users/nyx.wang/workspace/bosch/code/runs_stageB_morph_phys7_paperA_best_by_test_fixedA/d1/best.pth
d1hunt,1200,d1,v19_d1_head_ln_lr1e-04_ep1200_ss199,stageB_best,head_ln,full,0.0001,0.0001,0.0,0.0,huber,1.0,0.7034318576196478,10.30686092376709,52.10067629814148,8.597527503967285,36,698,0.23757397383451462,2026,199,drop0,48,7,14,test,0,/Users/nyx.wang/workspace/bosch/code/runs_stageB_morph_phys7_paperA_best_by_test_fixedA/d1/best.pth
d1hunt,2000,d1,v19_d1_head_ln_lr1e-04_ep2000_ss199,stageB_best,head_ln,full,0.0001,0.0001,0.0,0.0,huber,1.0,0.7376227260842463,9.779881477355957,46.34609818458557,9.283327102661133,36,1072,0.22283213585615158,2026,199,drop0,48,7,14,test,0,/Users/nyx.wang/workspace/bosch/code/runs_stageB_morph_phys7_paperA_best_by_test_fixedA/d1/best.pth
